{
  "15_gel_boxes_description" : null,
  "1_pack_description" : "",
  "2_pack_description" : "",
  "2_pack_gel_description" : "",
  "3_gel_boxes_description" : null,
  "4_pack_description" : "",
  "4_pack_gel_description" : "",
  "6_gel_boxes_description" : null,
  "8_pack_gel_description" : "",
  "Active" : null,
  "Cycled" : "تم التدوير",
  "Ending" : "الانتهاء",
  "New" : "جديد",
  "Starting" : "البداية",
  "active" : "نشط",
  "active_cycle_volume" : "حجم الدورة النشطة",
  "active_tripack_description" : "Includes:\n1 Box of Prime Gel\n1 Bulk Bag of Shake (Chocolate or Vanilla)\n1 Bottle of Energy",
  "add_address" : "أضف عنوانًا",
  "add_payment_method" : "أضف طريقة دفع",
  "add_shipping_address" : "أضف عنوان شحن للحصول على تقدير لمبلغ الطلب",
  "add_to_autodelivery" : "أضف إلى التوصيل التلقائي",
  "add_to_cart" : "أضف إلى عربة التسوق",
  "address_instructions" : "أدخل المعلومات أدناه لإضافة هذا العنوان.",
  "address_line_1" : "سطر العنوان 1",
  "address_line_2" : "سطر العنوان 2",
  "all" : "الجميع",
  "amount" : "المبلغ",
  "are_you_sure_customer_to_promoter" : "هل أنت متأكد من رغبتك في أن تصبح مروجًا؟",
  "as_shown_on_your_income_tax_return" : "كما هو مبين في إقرارك للضرائب على الدخل",
  "auto" : "تلقائي",
  "auto_delivery" : "توصيل تلقائي",
  "auto_placement_description" : "عند اختيار تلقائي \"AUTO\"‎، سيوضع أول شخص ترعاه في نفس القسم مثل راعيك. على سبيل المثال، إن كنت في قسم الراعي الأيمن فسوف يجري وضع أول شخص ترعاه شخصيًا في القسم الأيمن كذلك.",
  "auto_placement_description_2" : "وسوف يُوضع أي مروّج جديد بعد ذلك خارج القسم مع مبلغ أقل من Sales Volume‎.",
  "auto_placement_description_3" : "إن كان حجم المبيعات ذاته في كلا القسمين، فسوف يوضع المروّج الجديد خارج القسم وذلك في القسم ذي العدد الأقل.",
  "autodelivery_cancel" : "إلغاء التوصيل التلقائي",
  "autodelivery_cancel_error" : "",
  "autodelivery_cancel_success" : "",
  "autodelivery_description" : "وفر 10%‎ الآن بالتسجيل في التوصيل التلقائي وتمتع بتوصيل منتجاتك المفضلة من QuiAri‎ إلى بابك تلقائيًا كل شهر. يمكنك تحديث طلب التوصيل التلقائي أو تعديله في أي وقت.",
  "autodelivery_disclaimer" : "سوف نعالج التوصيل التلقائي تلقائيًا ونفوتره على بطاقة الائتمان أو بطاقة الخصم شهريًا حتى تُلغي الخدمة. يُمكنك تعديل التوصيل التلقائي بالانتقال إلى \"الطلبات\" والنقر على \"التوصيل التلقائي الخاص بي\" في القائمة المنسدلة. يُمكنك الإلغاء في أي وقت بالتواصل مع فريق الدعم بالاتصال على الرقم +1-813-413-8120.",
  "autodelivery_faq_1" : "ما التوصيل التلقائي؟",
  "autodelivery_faq_1_answer" : "An AutoDelivery order is a recurring monthly product shipment. By signing up for AutoDelivery, you can save up to 28% on your product purchase.",
  "autodelivery_faq_2" : "هل يمكنني تعديل طلب التوصيل التلقائي.",
  "autodelivery_faq_2_answer" : "يُمكنك تعديل التوصيل التلقائي بالانتقال إلى \"الطلبات\" والنقر على \"التوصيل التلقائي الخاص بي\" في القائمة المنسدلة. يجوز احتواء طلب التوصيل التلقائي لعدد يصل إلى 5 من كل منتج - 5 QuiAri Shake‎ و5 QuiAri Energy‎.",
  "autodelivery_faq_3" : "هل يمكنني إلغاء التوصيل التلقائي؟",
  "autodelivery_faq_3_answer" : "نعم، باستطاعتك ذلك. لإلغاء طلب التوصيل التلقائي، سجل دخولك إلى المدخل، وانقر على \"الطلبيات،\" ثم \"التوصيل التقائي الخاص بي.\"",
  "autodelivery_faq_4" : "كيف أحصل لى التوصيل التلقائي مجانًا كل شهر؟",
  "autodelivery_faq_4_answer_1" : "يجب أن تكون على التسليم التلقائي مع ما لا يقل عن 50 SV (حجم المبيعات)",
  "autodelivery_faq_4_answer_2" : "يجب أن يكون لديك عميلين برعاية شخصية على التسليم التلقائي خلال آخر 30 يومًا مع أوامر تولد 50 SV أو أكثر.",
  "autodelivery_faq_4_answer_3" : "أنت الآن مؤهل للحصول على منتج مجاني!",
  "autodelivery_faq_4_answer_4" : "بمجرد استيفاء جميع المعايير ، يقوم نظام QuiAri بمراجعة أوامر التسليم التلقائي لعملائك التي تُنشئ 50 SV أو أكثر خلال آخر 30 يومًا ويأخذ متوسط الإجماليات الخاصة بهم. والنتيجة هي رصيد المنتج الذي ستحصل عليه. يرجى ملاحظة أن إجمالي الرصيد لا يمكن أن يتجاوز 118.80 دولارًا أمريكيًا ولا يتم تطبيق رسوم الشحن أو الرسوم أو ضريبة القيمة المضافة \nأو أي رسوم دولية مطبقة على المنتجات.",
  "autodelivery_faq_5" : "Can I change the date or cancel my AutoDelivery order? ",
  "autodelivery_faq_5_answer" : "Yes, you can. To change the date or cancel your AutoDelivery order, login to your Portal, click on \"Orders,\" then \"My AutoDelivery.\"",
  "autodelivery_faq_6" : "How does Prepaid AutoDelivery work?",
  "autodelivery_faq_6_answer" : "Go to “Order” in the Navigation Bar and select “My AutoDelivery.” You can choose to pre-pay your AutoDelivery for a period of 3, 6, or 9 months in advance and save up to 12% on your total product order. Your Prepaid AutoDelivery will be processed and billed to your credit or debit card today for the monthly services. Prepaid AutoDelivery is not eligible for returns or refunds beyond our 30-Day Return Policy from the date Prepaid AutoDelivery is set. Your monthly Prepaid AutoDelivery volume will cycle every 30 days until your AutoDelivery expires. Please note that you must also pre-pay for your products 3, 6, or 9 months in advance to receive Prepaid AutoDelivery. You will receive an email when it is time to renew your Prepaid AutoDelivery. Please note that Prepaid AutoDelivery does not automatically renew. You must go through the Portal (to “Order” in the Navigation Bar) and repeat the proces for signing up for Prepaid AutoDelivery.",
  "autodelivery_faq_7" : "Is Prepaid AutoDelivery refundable and can I make any changes once processed?",
  "autodelivery_faq_7_answer" : "Prepaid AutoDelivery is not refundable. Your products are eligible for return under our standard 30-Day Return Policy. Once your Prepaid AutoDelivery is processed, no changes can be made to your order, term length, or AutoDelivery date.",
  "autodelivery_header_1" : "التوصيل التلقائي التالي لك مجدول لـ",
  "autodelivery_header_2" : "إن كنت ترغب في إلغاء التوصيل التلقائي فنرجو منك التواصل مع الدعم أو النقر على زر \"إلغاء التوصيل التلقائي\".",
  "autodelivery_modify_payment_description" : null,
  "autodelivery_totals" : null,
  "back_to_shipping" : "",
  "bag" : "كيس | أكياس",
  "basic_pack_description" : "Includes:\n1 Box of Prime Gel\n1 Bulk Bag of Shake (Chocolate or Vanilla)\n1 Bottle of Energy",
  "become_a_promoter" : "كن مروّجًا",
  "billing_address" : "عنوان الفواتير",
  "billing_email_address" : "عنوان البريد الإلكتروني للفواتير",
  "binary_leg" : "قسم ثنائي",
  "binary_placement_options" : "خيارات تعيين ثنائية",
  "binary_placement_update_description" : "تحدثت خيارات التعيين الثنائية التلقائية لك لتصبح {placement}. سيجري تعيين أي مروجين منضمين جُدد حسب الإعداد الجديد.",
  "binary_placement_updated" : "تحدث التعيين الثنائي",
  "bonus_product" : "{num}{month} من منتج المكافآت",
  "bonus_product_body" : "أنباء مبشرة - سوف تتوفر قسائم منتجات المكافآت* لاستبدالها في غضون 30 يومًا من عملية الشراء الأولية. يتحدد عدد القسائم الذي ستتلقاه بباقة المروّج الذي تشتريها. إن كانت لديك أية استفسارات، فيرجى التواصل معنا ",
  "bonus_product_disclaimer" : "*قسيمة واحدة = حصة شهر واحد من QuiAri Shake‎ وQuiAri Energy‎ ولا يمكن استخدام إلا قسيمة واحدة في الشهر. سوف تتوفر خيارات الحصة المفردة عند استرداد الأموال وذلك مقابل رسوم إضافية. الأسعار لا تشمل الشحن ولا الرسوم ولا ضريبة القيمة المضافة ولا أي رسوم دولية مفروضة على استيراد المنتجات دوليًا.",
  "bonus_product_title" : "منتجات المكافآت",
  "bonus_product_voucher" : "قسيمة منتجات المكافآت",
  "bonuses" : "المكافآت",
  "both" : "كلاهما",
  "bottle" : "زجاجة | زجاجات",
  "bug_report" : "إبلاغ عن خطأ برمجي",
  "builder_pack_description" : "Includes:\n4 Boxes of Prime Gel\n4 Bulk Bags of Shake (Chocolate or Vanilla)\n4 Bottles of Energy",
  "business_name" : "الاسم التجاري / اسم الكيان الشخصي",
  "cancel" : "إلغاء",
  "capped" : "تم التحديد",
  "card_number" : "رقم البطاقة",
  "carrier" : "شركة النقل",
  "carrier_tracking_number" : "رقم تعقب شركة النقل",
  "change_password" : "تغيير كلمة المرور",
  "change_primary_address" : null,
  "change_product_selection" : "تغيير تحديد المنتج",
  "checkout" : "سداد مع الخروج",
  "checkout_autodelivery_discount" : "10% خصم للتوصيل التلقائي",
  "checkout_estimated_shipping_and_handling" : "الشحن والمناولة",
  "checkout_review_order" : "معاينة الطلب",
  "checkout_shipping_estimate" : "(يرجى منح {min}-{max} أيام عمل للتوصيل)",
  "checkout_tax" : "الضرائب",
  "chocolate" : "الشوكولاتة",
  "choose_individual_products" : "اختر منتجات مفردة",
  "choose_option_below" : "Choose Option Below",
  "choose_package_items_total" : "(اختر إجمالي {amount})",
  "choose_products" : null,
  "city" : "المدينة",
  "click_link_for_schedule" : "Click the link for the schedule.",
  "click_to_download" : "انقر للتنزيل",
  "close" : "إغلاق",
  "commission" : "العمولة",
  "commission_history" : "سجل العمولات",
  "commission_rank" : "ترتيب العمولات",
  "commission_rank_history" : "سجل ترتيب العمولات",
  "commissions" : "العمولات",
  "commissions_faq_1" : "ما هي Team Comissions‎؟",
  "commissions_faq_10" : "كيف يمكنني اكتساب مكافأة Fast Start (الانطلاقة السريعة)؟",
  "commissions_faq_10_answer_1" : "يربح المروّجون مكافأة Fast Start حتى 200 دولار أمريكي على أي طلب باقة أولية يطلبها مروّج تتم رعاية شخصيًا من طرفهم:\n",
  "commissions_faq_10_answer_2" : "1 Pack - $20 USD",
  "commissions_faq_10_answer_3" : "2 Pack - $40 USD",
  "commissions_faq_10_answer_4" : "4 Pack - $80 USD",
  "commissions_faq_10_answer_5" : "10 Pack - $200 USD",
  "commissions_faq_10_answer_6" : "QuiAri Shake (28 Day) - $7.50 USD",
  "commissions_faq_10_answer_7" : "QuiAri Shake (14 Day) - $3.75 USD",
  "commissions_faq_10_answer_8" : "QuiAri Energy - $3.75 USD",
  "commissions_faq_10_answer_9" : "5 Day Sampler - $1.50 USD",
  "commissions_faq_11" : "كيف أربح Matching Bonus‎ (المكافأة المطابقة)؟",
  "commissions_faq_11_answer" : "مع تقدمك في الترتيب، فسوف تمنحك QuiAri Matching Bonus‎ لتدريب فريقك وتكبيره. أربح نسبة تصل إلى 80% من عمولات الفريق المكتسبة في المستويات 1-7 من الرعاية الشخصية المباشرة منك، حسب رتبتك التقديرية.",
  "commissions_faq_12" : "كيف أربح مكافأة Lifestyle Bonus‎ (نمط الحياة)؟",
  "commissions_faq_12_answer_1" : "يجب أن تكون مستحقًا لها ونمنحها لك استنادًا إلى رتبتك في العمولة خلال الأيام الثلاثين المنصرمة. للرتبتين Hero‎ وHero،‎ نحن ننظر في Group Sales Volume‎ عند بداية كل شهر وندفعها في اليوم الخامس عشر. للرتبتين Diamond‎ وPurple Diamond‎، نقوم بتقييم الشهرين المنصرمين.",
  "commissions_faq_12_answer_2" : "‎Hero: $500 USD",
  "commissions_faq_12_answer_3" : "‎Legend: $1,000 USD",
  "commissions_faq_12_answer_4" : "‎Diamond: $1,500 USD",
  "commissions_faq_12_answer_5" : "‎Green Diamond: $2,500 USD",
  "commissions_faq_12_answer_6" : "‎Purple Diamond: $5,000 USD",
  "commissions_faq_12_answer_7" : null,
  "commissions_faq_12_answer_8" : null,
  "commissions_faq_13" : "كيف يمكنني ربح Speed Bonus‎؟",
  "commissions_faq_13_answer_1" : "Shake & Energy Only Packages",
  "commissions_faq_13_answer_10" : "Product Packages",
  "commissions_faq_13_answer_11" : "8 Pack: 60 Days to earn unlimited Speed Bonuses",
  "commissions_faq_13_answer_12" : "4 Pack: 30 Days to earn unlimited Speed Bonuses",
  "commissions_faq_13_answer_13" : "2 Pack: 14 Days to earn unlimited Speed Bonuses",
  "commissions_faq_13_answer_2" : "Founders Pack: 90 Days to earn unlimited Speed Bonuses",
  "commissions_faq_13_answer_3" : "4 Pack: 60 Days to earn unlimited Speed Bonuses",
  "commissions_faq_13_answer_4" : "2 Pack: 30 Days to earn unlimited Speed Bonuses",
  "commissions_faq_13_answer_5" : "1 Pack: 14 Days to earn unlimited Speed Bonuses",
  "commissions_faq_13_answer_6" : "Gel Only Packages",
  "commissions_faq_13_answer_7" : "Builder Pack: 60 Days to earn unlimited Speed Bonuses",
  "commissions_faq_13_answer_8" : "Standard Pack: 30 Days to earn unlimited Speed Bonuses",
  "commissions_faq_13_answer_9" : "Basic Pack: 14 Days to earn unlimited Speed Bonuses",
  "commissions_faq_14" : "كيف أربح Cycle Bonus‎؟",
  "commissions_faq_14_answer_1" : "مع تراكم Group Sales Volume (GSV)‎ (حجم مبيعات المجموعة) فسوف تقوم بتدوير عمولة الفريق وربحها لكل  100 GSV‎ بما يطابق القسم الأيسر والأيمن مع المستويات غير المحدودة. تتحدد رتبتك حسب المبلغ الذي ستقوم بتدويره:",
  "commissions_faq_14_answer_10" : "‎Diamond: $17.50 USD",
  "commissions_faq_14_answer_11" : "‎Green Diamond: $17.50 USD",
  "commissions_faq_14_answer_12" : "‎Purple Diamond: $20 USD",
  "commissions_faq_14_answer_13" : null,
  "commissions_faq_14_answer_14" : null,
  "commissions_faq_14_answer_2" : "‎Star: $10 USD",
  "commissions_faq_14_answer_3" : "‎Rising Star: $10 USD",
  "commissions_faq_14_answer_4" : "‎Shooting Star: $12.50 USD",
  "commissions_faq_14_answer_5" : "‎Rock Star: $12.50 USD",
  "commissions_faq_14_answer_6" : "‎Super Star: $12.50 USD",
  "commissions_faq_14_answer_7" : "‎Champion: $15 USD",
  "commissions_faq_14_answer_8" : "‎Hero: $15 USD",
  "commissions_faq_14_answer_9" : "‎Legend: $17.50 USD",
  "commissions_faq_15" : "ماذا يجري لعمولاتي إن لم أتأهل؟",
  "commissions_faq_16" : "هل يجري التخلص من Sales Volume (SV)‎ حجم المبيعات؟",
  "commissions_faq_16_answer_1" : "سوف يجري التخلص من حجم مبيعاتك (SV‎) بعد 60 يومًا من عدم النشاط. تحافظ على نشاطك بشراء المنتج إما لنفسك إو بيع المنتج لعملاء يستوفون الحد الأدنى من المتطلبات 25 Personal Sales Volume (PSV)‎ (حجم المبيعات الشخصية).",
  "commissions_faq_16_answer_2" : "لإبقائك نشطًا، يجب عليك انتاج 25 Personal Sales Volume‎ بحد أدنى شهريًا.",
  "commissions_faq_17" : "كيف تربح ‎Rank Advancement Bonus؟",
  "commissions_faq_17_answer_1" : "ستربح مكافأة لمرة واحدة في كل مرة تتقدم رتبتك (Rising Star‎ وما فوقها). وللرتب من Champion‎ حتى Legend، ‎يجب عليك الحفاظ على الرتبة لشهرين متتابعين لاستحقاقها. وللرتبتين Green Diamond‎ وPurple Diamond‎، يجب عليك الحفاظ على الرتبة لثلاثة أشهر متتابعة.",
  "commissions_faq_17_answer_10" : "‎Green Diamond: $12,500 USD",
  "commissions_faq_17_answer_11" : "‎Purple Diamond: $25,000 USD",
  "commissions_faq_17_answer_12" : null,
  "commissions_faq_17_answer_13" : null,
  "commissions_faq_17_answer_2" : "‎Rising Star: $50 USD",
  "commissions_faq_17_answer_3" : "‎Shooting Star: $100 USD",
  "commissions_faq_17_answer_4" : "‎Rock Star: $250 USD",
  "commissions_faq_17_answer_5" : "‎Super Star: $500 USD",
  "commissions_faq_17_answer_6" : "‎Champion: $1,250 USD",
  "commissions_faq_17_answer_7" : "‎Hero: $2,500 USD",
  "commissions_faq_17_answer_8" : "‎Legend: $5,000 USD",
  "commissions_faq_17_answer_9" : "‎Diamond: $7,500 USD",
  "commissions_faq_18" : "كيف أربح Customer Bonus‎؟",
  "commissions_faq_18_answer" : "يربح المروّجون 10% من جميع الطلبيات الأولية الشخصية للعملاء وعند إعادة الطلب.",
  "commissions_faq_19" : "Do Customers Go Into The Genealogy Tree?",
  "commissions_faq_19_answer" : "No, they are not placed in the Tree.",
  "commissions_faq_1_answer" : "تعد Team Commissions‎ جزءًا هامًا من خطة عمولات ‎QuiAri ويجري حسابها من الشجرة الثنائية الخاصة بك، والتي فيها قسمين: أيسر وأيمن. سوف تًمنح مكافأة اعتمادًا على البناء الناجح لـ Group Sales Volume (GSV)‎ داخل الشجرة الثنائية.",
  "commissions_faq_2" : "كيف نحسب Team Commissions‎؟",
  "commissions_faq_20" : "Does the Customer's Sales Volume (SV) go into the Genealogy Tree?",
  "commissions_faq_20_answer" : "Yes. Once the system determines you are Active with a minimum of 75 PSV (Personal Sales Volume), then the Sales Volume associated with the Customer purchase will be placed according to your binary settings (Left, Right, Auto) in your QuiAri Portal. This will allow you to maximize Team commissions from your Personally Sponsored Customers.",
  "commissions_faq_2_answer_1" : "تتميز كل باقة منتجات بقيمة نقطية تُسمى Sales Volume‎ (حجم المبيعات). وعند بيع أحد المنتجات داخل منظمتك، ينتج عن ذلك Sales Volume‎ في كل مرة للمؤسسة كلها.",
  "commissions_faq_2_answer_2" : "وبتراكم هذه النقاط، تربح Team Commissions‎. يقوم المروّج بتدوير 100 SV‎ ويراكمها في كل من القسمين الأيمن والأيسر.",
  "commissions_faq_2_answer_3" : "ويجري ترحيل Group Sales Volume‎ غير المدفوع.",
  "commissions_faq_3" : "كيف أستحق تلقي Team Commissions‎؟",
  "commissions_faq_3_answer" : "لتستحق العمولة، ينبغي أن يكون لديك مروّج واحد ترعاه شخصيًا في كل من قسميك الأيمن والأيسر على أن يكونا القسمان نشطان وبحد أدنى 25 PSV‎ شهريًا.",
  "commissions_faq_4" : "هل تُحسب مشترياتي ضمن مؤهلات الحصول على العمولة؟",
  "commissions_faq_4_answer" : "تُحسب مشترياتك الشخصية ضمن الحالة النشطة، ولكن يجب عليك كذلك رعاية مروجين اثنين شخصيًا في قسميك الأيسر والأيمن لتستحق الحصول على العمولات.",
  "commissions_faq_5" : "ما مقدار المال الذي يمكنني اكتسابه في خطة عمولات QuiAri‎؟",
  "commissions_faq_5_answer" : "يرجى العلم أن فرص الأعمال مع QuiAri‎ توفر دخلًا غير محدود. غير أن QuiAri‎ لا تضمن تحقيق النجاح المالي في ذلك. يعتمد النجاح في QuiAri‎ على نجاح جهود المبيعات، والتي تحتاج لبذل الجهد والرعاية والمثابرة والمنافسة والتحلي بالقيادة. سوف يعتمد دخلك على قدرتك في التحلي بهذه الصفات.",
  "commissions_faq_6" : "هل هناك سقف لإمكانية الربح الشهرية لعمولة Team Commission‎؟",
  "commissions_faq_6_answer_1" : "Champion: $5,000 USD‎/أسبوعيًا",
  "commissions_faq_6_answer_2" : "Hero: $10,000 USD‎/أسبوعيًا",
  "commissions_faq_6_answer_3" : "Legend: $15,000 USD‎/أسبوعيًا",
  "commissions_faq_6_answer_4" : "Diamond: $20,000 USD‎/أسبوعيًا",
  "commissions_faq_6_answer_5" : "‎Green Diamond: $25,000 USD/أسبوعيًا",
  "commissions_faq_6_answer_6" : "‎Purple Diamond: $50,000 USD/أسبوعيًا",
  "commissions_faq_6_answer_7" : null,
  "commissions_faq_6_answer_8" : null,
  "commissions_faq_6_comp_plan" : "يرجى الاطلاع على خطة مكافآت QuiAri‎ لمزيد من التفاصيل",
  "commissions_faq_7" : "ما (Sales Volume (SV‎ المقترن مع كل باقة من باقات المنتجات والمنتجات",
  "commissions_faq_7_answer_1" : "Shake & Energy Packs",
  "commissions_faq_7_answer_10" : "Founders Pack: 600 SV",
  "commissions_faq_7_answer_11" : "Builder Pack: 400 SV",
  "commissions_faq_7_answer_12" : "Standard Pack: 200 SV",
  "commissions_faq_7_answer_13" : "Basic Pack: 100 SV",
  "commissions_faq_7_answer_14" : "Gel Only Packs",
  "commissions_faq_7_answer_15" : "8 Pack: 360 SV",
  "commissions_faq_7_answer_16" : "4 Pack: 180 SV",
  "commissions_faq_7_answer_17" : "2 Pack: 90 SV",
  "commissions_faq_7_answer_18" : "Build Your Own Packs",
  "commissions_faq_7_answer_19" : "Shake Bag: 50 SV",
  "commissions_faq_7_answer_2" : "QuiAri Shake‎: 50 ‎SV",
  "commissions_faq_7_answer_20" : "Prime Gel Box: 45 SV",
  "commissions_faq_7_answer_21" : "Energy Bottle: 25 SV",
  "commissions_faq_7_answer_3" : "QuiAri Energy‎: 25 ‎SV",
  "commissions_faq_7_answer_4" : "5-Day Sampler: 10 SV",
  "commissions_faq_7_answer_5" : "باقات منتجات المروّج (للشراء مرة وحدة فقط)",
  "commissions_faq_7_answer_6" : "باقة - 75 ‎SV",
  "commissions_faq_7_answer_7" : "باقتان - 150 ‎SV",
  "commissions_faq_7_answer_8" : "4 باقات - 300 ‎SV",
  "commissions_faq_7_answer_9" : "7 باقات - 500 ‎SV",
  "commissions_faq_8" : "كيف أحسب Sales Volume‎؟",
  "commissions_faq_8_answer" : "لجمع Sales Volume‎، يجب عليك الحفاظ على نشاطك بانتاج 25 PSV‎ بحد أدنى شهريًا.",
  "comp_plan" : "خطة المكافآت",
  "company_name" : "اسم الشركة",
  "compensation_plan" : "خطة المكافآت",
  "confirm" : "تأكيد",
  "confirm_new_password" : "تأكيد كلمة المرور الجديدة",
  "confirm_password" : "تأكيد كلمة المرور",
  "contact_us" : "Contact Us",
  "copied" : "تم النسخ",
  "copied_successfully" : "تم النسخ بنجاح.",
  "copy_link" : "نسخ الرابط",
  "copy_video_url" : "Copy Video URL",
  "corporate_announcements" : "إعلانات الشركة",
  "cost" : "التكلفة",
  "country" : "البلد",
  "current_commission_rank" : "رتبة العمولة الحالية",
  "current_password" : "كلمة المرور الحالية",
  "currently_have_no_customers" : "ليس لديك عملاء حاليًا",
  "customer_id" : "مُعرّف العميل",
  "customer_info_1" : "حظيت منتجات QuiAri‎ بحب الجميع من حول العالم ورأوا منها نتائج غيرت حيواتهم! يتقاضى هؤلاء الأشخاص أنفسهم أيضًا أموالاً للترويج لمنتجات QuiAri‎ ويتقاضون أرباحهم فورًا بعد كل عملية بيع. انضم إلى فرصة العمل رقم 1 الأسرع نموًا حول العالم للعمل من المنزل.",
  "customer_info_2" : "عندما تصبح مروجًا في QuiAri‎ ستفتح أمامك طرقًا عديدة لتحصل على أجر دوام كامل بالإضافة للحصول على منتجات مجانية معه.",
  "cycle" : "الدورة",
  "dashboard" : "لوحة التحكم",
  "dashboard_business_app" : "تطبيق أعمال ‎QuiAri",
  "dashboard_business_app_description" : "قم بتنزيله الآن وتابع أرباحك، وسجل العملاء والعملاء المحتملين، واشتر المنتجات، وتابع أحدث أخبار QuiAri‎، وأدر أعمالك في أي مكان.",
  "dashboard_business_opportunity" : "عرض فرصة أعمال ‎QuiAri",
  "dashboard_business_opportunity_info" : "Direct people on your Team to the Business Opportunity Presentation. Check social media {'@'}QuiAriOfficial or your email for the schedule.",
  "dashboard_current_month" : "الشهر الحالي",
  "dashboard_download_now" : "قم بتنزيله الآن",
  "dashboard_follow_social_media" : "",
  "dashboard_get_paid_in_5" : "",
  "dashboard_getting_started" : "انطلق",
  "dashboard_live_feed" : "بث مباشر",
  "dashboard_my_commissions" : "عمولاتي",
  "dashboard_my_qualifications" : "استحقاقاتي",
  "dashboard_purple_diamond_guide" : "",
  "dashboard_qualified" : "مستحق",
  "dashboard_recent_orders" : "الطلبات الأخيرة",
  "dashboard_self_replicated_site" : "",
  "dashboard_share_your_story" : "شارك قصتك",
  "dashboard_stay_plugged_in" : "",
  "dashboard_steps" : "",
  "dashboard_steps_1" : "",
  "dashboard_steps_2" : "",
  "dashboard_steps_3" : "",
  "dashboard_steps_4" : "",
  "dashboard_steps_5" : "",
  "dashboard_steps_6" : "",
  "dashboard_testimonial" : " نرغب في السماع منك!",
  "dashboard_testimonial_description" : "هل غيرت الفرصة أو المنتجات حياتك؟ شارك قصتك وتمتع بفرصة ظهورك في بثنا المباشر أو على قنواتنا على مواقع التواصل الاجتماعي!",
  "dashboard_year_to_date" : "العام حتى تاريخه",
  "date" : "التاريخ",
  "date_earned" : "تاريخ الأرباح",
  "date_joined" : "تاريخ الانضمام",
  "ddu_disclaimer" : "الأسعار لا تشمل الضرائب والتعريفات الجمركية والرسوم والتي تُقدر في وقت التوصيل.",
  "delete" : "حذف",
  "disclaimers" : "Disclaimers",
  "discount" : null,
  "district" : "District",
  "documents" : "المستندات",
  "download" : "Download",
  "earned_on" : "تم ربحه في",
  "edit" : "تعديل",
  "edit_address" : "تعديل العنوان",
  "email_address" : "عنوان البريد الإلكتروني",
  "email_address_or_member_id" : null,
  "email_receipt" : "استلام البريد الإلكتروني",
  "emails" : "رسائل البريد الإلكتروني",
  "employer_identification_number" : "رقم تعريف صاحب العمل",
  "empty_cart" : "تفريغ عربة التسوق",
  "ending_with" : "ينتهي في",
  "energy_bottle_description" : "Includes:\n1 Bottle of Energy  (60 servings)",
  "energy_single_serve_description" : "Includes:\n1 Bag of Energy  (60 servings)",
  "enter_login_details" : null,
  "error" : "خطأ",
  "estimated_shipping_and_handling" : "الشحن والمناولة بالتقدير",
  "event_description" : "وصف الحدث",
  "ewallet_account" : "معلومات حساب المحفظة الإلكترونية",
  "ewallet_notice" : "إن رغبت في إنشاء حساب محفظة إلكترونية فيجب عليك إكمال النموذج التالي: {0}",
  "ewallet_setup_notice" : "سيتم إنشاء حسابك على المحفظة الإلكترونية تلقائيًا بعد خمسة أيام عمل من حصولك على أول عمولة. توفر لك هذه العملية التي تتم لمرة واحدة أعلى مستوى من الأمن والأمان. بعد تنشيط حسابك، سيكون في وسعك التمتع بجميع المزايا المعلقة التي يوفرها نظام الدفع في نفس اليوم!",
  "exempt_payee_code" : "رمز إعفاء المستفيد",
  "exemption_from_fatca_reporting_code" : "رمز الإعفاء من تقديم التقارير حسب قانون الامتثال الضريبي للحسابات الخارجية (FATCA‎) (إن وجد)",
  "exemptions" : "الإعفاءات",
  "existing_monthly_autodelivery" : "",
  "existing_prepaid_autodelivery" : "",
  "expiration" : "انتهاء الصلاحية",
  "expiration_month" : "شهر انتهاء الصلاحية",
  "expiration_year" : "سنة انتهاء الصلاحية",
  "expired_on" : "تنتهي الصلاحية في",
  "expires" : "تنتهي صلاحيته",
  "extend_prepaid_autodelivery" : null,
  "faqs" : "FAQs",
  "fast_start" : "الانطلاقة السريعة",
  "fast_start_bonus" : "‎Fast Start Bonus",
  "fda_notice" : "لم تخضع تلك البيانات لتقييم هيئة الغذاء والدواء. هذه المنتجات غير مخصصة لتشخيص أي مرض أو علاجه أو الوقاية منه.",
  "feature_request" : "طلب المميزات",
  "federal_tax" : "الضرائب الفيدرالية",
  "federal_tax_classification" : "تصنيف الضرائب الفيدرالية",
  "feedback" : "التعقيبات",
  "field_required" : "هذا الحقل مطلوب",
  "first_name" : "الاسم الأول",
  "fitness" : "Fitness",
  "forgot_password" : "هل نسيت كلمة المرور؟",
  "founders_pack_description" : "Includes:\n6 Boxes of Prime Gel\n5 Bags of Chocolate Shake (Single-Serve)\n5 Bags of Vanilla Shake (Single-Serve)\n5 Bags of Energy (Single-Serve)",
  "free" : "مجاني",
  "free_tour_marketing_system" : "Free Tour Marketing System",
  "free_tour_subtitle" : "نعمل على (24/7) مدار الساعة طوال على مدار أيام الأسبوع طوال السنة من أجل حيث توفر صفحات بدء مُخصصة ومواقع تسويق مُعدة حسب الطلب، وتقارير في الوقت الآني، وحملة متابعة الرد الآليشارك صفحات التسويق الواردة أدناه للمساعدة في تكوين عملاء محتملين وبدء عملك التجاري.",
  "from" : "من",
  "gear_store" : "متجر المعدات",
  "genealogy" : "الأصل",
  "general" : "عام",
  "general_faq_1" : "هل ينبغي علي شراء منتج للمشاركة في خطة مكافآت QuiAri‎؟",
  "general_faq_1_answer" : "المشتريات الشخصية غير مطلوبة للاشتراك، غير أنها ستساعدك على الوصول للحالة \"النشطة\".",
  "general_faq_2" : "كيف أضيف مروّج جديد إلى فريقي؟",
  "general_faq_2_answer_1" : "يجري وضع العملاء المحتملين تلقائيًا في القسم الأيسر أو الأيمن من فريقك لتعظيم أرباحك. إن كنت ترغب تغيير الوضع لوضع العملاء المحتملون في قسم معين، فيمكنك الانتقال إلى صفحة \"الأصل\" من المدخل في أي وقت واختيار اليسار أو اليمين.",
  "general_faq_2_answer_2" : "كما يتوفر خيار لوضع العملاء المحتملين يدويًأ بسهولة وذلك في صفحة \"الأصل\" بالضغط على موضع مفتوح.",
  "general_faq_3" : "إن وضعت شخص في موضع خطأ من خط التدفق النازل، فهل يمكنني نقله إلى الموضع الصحيح؟",
  "general_faq_3_answer" : "تُضاف العمولات تلقائيًا لك ولخط التدفق الصاعد الخاص بك تلقائيًا عند البيع. ولهذا، فبعد اكتمال التسجيل لا يمكن نقل موضع المروّج ولا تغييره. نرجو منك التأكد من اختيار الراعي والمكان بدقة قبل المتابعة.",
  "general_faq_4" : "ما مدة اتفاقيتي مع QuiAri‎؟",
  "general_faq_4_answer" : "تبلغ مدة اتفاقية QuiAri‎ عامًا واحدًا من تاريخ الانضمام. إن لم يلغ المروّج انضمامه، فسوف يجري تجديد أعماله تلقائيًا.",
  "general_faq_5" : "ما الفرق بين المروّج والعميل؟",
  "general_faq_5_answer" : "العميل هو فرد يشتري منتجات QuiAri‎. أما المروّج فهو فرد يشارك في خطة مكافآت QuiAri‎.",
  "general_faq_6" : "ماذا إن لم أعد أرغب في كوني مروّجًا؟",
  "general_faq_6_answer" : "يمكنك التواصل مع {email} لإلغاء تنشيط حسابك كمروج. سوف يساعدك فريقنا على التحول إلى حسابك عميل QuiAri‎ لتتمكن من طلب المنتجات والاطلاع على المستجدات.",
  "general_faq_7" : "How Do I Get My Products For Free?",
  "general_faq_7_answer" : "Here is how to qualify for “Refer 2 And It’s FREE?”\n\n• You must be on AutoDelivery with at least 50 SV (Sales Volume)\n• You must have 2 Personally Sponsored Customers on AutoDelivery within the last 30 days with orders generating 50 SV or more.\n• You now qualify for FREE product!\n\nOnce all criteria have been met, QuiAri’s system reviews your Customers’ AutoDelivery orders generating 50 SV or more within the last 30 days and takes the average of their totals. The result is the product credit you will receive. Please note that the total credit cannot exceed $118.80 USD and shipping, duties, VAT, or any applicable international product fees do not apply.",
  "general_inquiry" : "الاستعلامات العامة",
  "generated_between" : "المتولدة بين",
  "generated_on" : "المتولدة في",
  "get_social" : "كن اجتماعيًا",
  "get_social_info" : "أخبر العالم أجمع بحبك الكبير لـ QuiAri‎ بمتابعتنا على وسائل التواصل الاجتماعي ومشاركة منشوراتنا يوميًا.",
  "grand_total" : "الإجمالي العام",
  "health_and_fitness" : "Health and Fitness",
  "hyperwallet_e_wallet" : "المحفظة الإلكترونية ‎Hyperwallet",
  "hyperwallet_faq_1" : "ما هي المحفظة الإلكترونية Hyperwallet®‎؟",
  "hyperwallet_faq_10" : "هل يمكنني دفع حساب التوصيل التلقائي مباشرة من عمولاتي مع المحفظة الإلكترونية Hyperwallet®‎؟",
  "hyperwallet_faq_10_answer" : "نعم. يُمكنك دفع حساب التوصيل التلقائي باختيار المحفظة الإلكترونية Hyperwallet®‎ لتكون طريقة الدفع الرئيسية في \"حسابي\".",
  "hyperwallet_faq_11" : "كيف استرجع كلمة مروري على المحفظة الإلكترونية Hyperwallet®‎ إن فقدتها أو نسيتها؟",
  "hyperwallet_faq_11_answer_1" : "لاستعادة كلمة المرور، انتقل إلى {0}، وانقر على \"نسيت كلمة المرور\" ثم أدخل عنوان البريد الإلكتروني الذي قدمته لـ QuiAri‎ عند تنشيط حسابك.",
  "hyperwallet_faq_11_answer_2" : "إن كانت لديك أسئلة حول حسابك على المحفظة الإلكترونية Hyperwallet®‎، فاتصل بـ Hyperwallet®‎ على الرقم 1.604.638.6657 أو على الرقم المجاني في الولايات المتحدة  1.877.546.8220 (من الاثنين للجمعة، من الثامنة صباحًا حتى الثامنة مساء بتوقيت الهادي، ومن السبت إلى الأ؛د من الثامنة صباحًا حتى الخامسة مساء بتوقيت الهادي). كما يمكنك إرسال بريد إلكتروني إلى دعم Hyperwallet®‎ باستخدام نموذج {0} الموجود على موقعهم الإلكتروني.",
  "hyperwallet_faq_1_answer" : "المحفظة الإلكترونية Hyperwallet®‎ هي نظام دفع عالمي يمكن المروجين من استلام عمولاتهم والحصول عليها وإدارتها عبر الإنترنت على مدار ساعات اليوم ومن أي مكان في العالم.",
  "hyperwallet_faq_2" : "لماذا تستخدم QuiAri‎ المحفظة الإلكترونية Hyperwallet®‎ لدفع العمولات؟",
  "hyperwallet_faq_2_answer" : "يعد الحرص على دفع العمولات إلى المروجين التابعين لنا بسرعة وسهولة وكفاءة أحد أولوياتنا الكبرى.",
  "hyperwallet_faq_3" : "كيف أفتح حسابًا لي على المحفظة الإلكترونية Hyperwallet®‎؟",
  "hyperwallet_faq_3_answer" : "بعد حصولك على أول عمولة، ينبغي عليك إكمال المعلومات المطلوبة المذكورة في صفحة العمولات على مدخل الويب. بعد إكمال المعلومات المطلوبة، سيتم إنشاء حسابًا لك على المحفظة الإلكترونية Hyperwallet®‎ تلقائيًا في غضون 5 أيام عمل. ثم ستتلقى رسالة تأكيد بالبريد الإلكتروني من QuiAri‎ بالإضافة إلى رسالة بريد إلكتروني من Hyperwallet®‎ تبلغك بتن‎شيط حسابك. تتحول جميع العمولات المكتسبة فورًا إلى حسابك على المحفظة الإلكترونية Hyperwallet®‎. يرجى العلم بخصم رسم شهري صغير يبلغ $3.30 USD‎ شهريًا.",
  "hyperwallet_faq_4" : "كيف أسحب عمولاتي من حسابي على المحفظة الإلكترونية Hyperwallet®‎؟",
  "hyperwallet_faq_4_answer" : "من خلال حسابك على المحفظة الإلكترونية Hyperwallet®‎ يمكنك إيداع العمولات مباشرة إلى حسابك البنكي أو تحويلها بنكيًا أو - وذلك عند الطلب وعند توفر ذلك - وضعها على بطاقة خصم Visa®‎ التي تحمل العلامة التجارية QuiAri‎.",
  "hyperwallet_faq_5" : "هل يمكنني الحصول على بطاقة الخصم Visa®‎ التي تحمل العلامة التجارية QuiAri‎ من خلال حسابي على المحفظة الإلكترونية Hyperwallet®‎؟",
  "hyperwallet_faq_5_answer" : "نعم، في وسعك هذا! تتوفر بطاقة الخصم Visa®‎ التي تحمل العلامة التجارية QuiAri‎ في أكثر من 185 بلدًا وتمكنك من السداد مباشرة من عمولاتك في حسابك على المحفظة الإلكترونية Hyperwallet®‎ في أي مكان يقبل بطاقة Visa®‎.",
  "hyperwallet_faq_6" : "كيف يمكنني طلب الحصول على بطاقة الخصم Visa®‎ التي تحمل العلامة التجارية QuiAri‎؟",
  "hyperwallet_faq_6_answer" : "بعد حصولك على العمولات وإنشائك لحساب على المحفظة الإلكترونية Hyperwallet®‎، تصبح مستحقًا لطلب الحصول على بطاقة الخصم Visa®‎ التي تحمل العلامة التجارية QuiAri‎. تتوفر البطاقة في العديد من البلدان حول العالم برسم $10 USD‎ فقط.",
  "hyperwallet_faq_7" : "هل يمكنني تحويل الأموال باستخدام المحفظة الإلكترونية Hyperwallet®‎؟",
  "hyperwallet_faq_7_answer" : "نعم، يمكنك تحويل المال من عمولاتك إلى أي مكان حول العالم تقريبًا. التحويلات البنكية مدعومة في أكثر من 215 بلدًا.",
  "hyperwallet_faq_8" : "هل يجري فرض رسوم معالجة على العمولات المكتسبة؟",
  "hyperwallet_faq_8_answer" : "يُخصم رسم صغير يبلغ $.40 USD‎ في كل مرة يجري تحميل عمولاتك إلى حسابك على المحفظة الإلكترونية Hyperwallet®‎ ",
  "hyperwallet_faq_9" : "هل تدعم المحفظة الإلكترونية Hyperwallet®‎ الإيداع المباشر في حسابي البنكي؟",
  "hyperwallet_faq_9_answer" : "نعم. الإيداع المباشرة مدعوم حاليًا في نحو 50 بلدًا.",
  "i_agree" : "أوافق",
  "if_diferent_from_above" : "عند الاختلاف عما سبق",
  "in_transit" : "في الترانزيت",
  "inbox" : "صندوق الوارد",
  "income_disclosure_statement" : "بيان الكشف عن الدخل",
  "individual_items" : "الأصناف المفردة",
  "interior_number" : null,
  "international_product_import_fee" : "رسوم استيراد المنتجات دوليًا",
  "international_promoters" : "المروجون الدوليون",
  "international_w9_fields_error" : "حدث خطأ أثناء محاولة تحديث حسابك، يرجى التواصل مع الدعم.",
  "international_w9_fields_info" : "املأ الحقول أدناه لإعداد معلومات حساب محفظتك الإلكترونية.",
  "invalid_card" : "بطاقة غير صالحة",
  "items" : "الأصناف",
  "its_go_time_video" : "It's Go Time Video",
  "join_date" : "تاريخ الانضمام",
  "join_url" : "رابط URL‎ للانضمام",
  "joined_on" : "انضم في",
  "language" : "اللغة",
  "language_settings" : "إعدادات اللغة",
  "larger_orders_description" : "للطلبات الأكبر، يرجى مراسلة {0} بالبريد الإلكتروني",
  "last_name" : "الاسم الأخير",
  "launch_plan" : "خطة الانطلاق 10-4-2",
  "launch_plan_info" : "تعلم الخطوات الهامة لبناء عمل QuiAri‎ الخاص بك والوصول لمستويات لم تتخيلها يومًا.",
  "lead_capture_link" : "Lead Capture Page Link",
  "left" : "اليسار",
  "left_bottom" : "أسفل اليسار",
  "left_leg" : "القسم الأيسر",
  "left_placement_description" : "في حال تحديد خيار وضع القسم الأيسر، فسوف يجري وضع جميع المروجين الذين ترعاهم شخصيًا في الموقع المتوفر التالي خارج منطقة أسفل القسم الأيسر.",
  "leg_count" : "عدد القسم",
  "legal" : "القانوني",
  "lesser_leg_volume" : "Lesser Leg Volume",
  "lesser_volume_leg" : "Lesser Volume Leg",
  "lifestyle" : "Lifestyle",
  "lifestyle_bonus" : "‎Lifestyle Bonus",
  "limit_product" : "تحديد {amount} صنف للطلب",
  "list_account_numbers" : "اسرد أرقام الحساب",
  "live_opp_pres_english" : "Tuesday 8 PM EST\nSunday 8 PM EST",
  "live_opp_pres_french" : "Monday, Wednesday, Friday, Saturday\n3 PM EST",
  "live_opp_pres_german" : "Tuesday & Thursday\n2 PM EST",
  "live_opp_pres_hindi" : "Monday, Tuesday, Thursday, Friday, Saturday\n10 AM EST",
  "live_opp_pres_kannada" : "Monday, Wednesday, Friday\n11:30 AM EST / 9 PM IST",
  "live_opp_pres_south_africa" : null,
  "live_opp_pres_spanish" : "Monday - Friday\n9 PM EST\nMonday, Wednesday, Friday\n10 AM EST\nSaturday\n12 PM EST",
  "live_opp_pres_vietnamese" : "Monday & Wednesday\n8:30 AM EST",
  "live_opportunity_presentations" : "Invite Prospects to attend our LIVE Opportunity Presentations happening daily in multiple languages.",
  "live_opportunity_presentations_title" : "LIVE Opportunity Presentations",
  "live_presentation_schedules" : "Live Presentation Schedules",
  "live_purple_diamond_english" : "Tuesday 8:30 PM EST\nSaturday 3 PM EST",
  "live_purple_diamond_french" : "Saturday\n1 PM EST",
  "live_purple_diamond_guide_training_title" : "LIVE Purple Diamond Guide Training",
  "live_purple_diamond_guide_trainings" : "Invite Promoters to attend our LIVE Purple Diamond Guide Trainings happening daily in multiple languages.",
  "live_purple_diamond_hindi" : "Wednesday\n10 AM EST",
  "live_purple_diamond_spanish" : "Saturday\n12:30 PM EST\nTuesday\n12 PM EST",
  "live_purple_diamond_vietnamese" : "Friday 8:30 AM EST",
  "llc_c_corporation" : "مؤسسة من الفئة سي",
  "llc_proprietary" : "ملكية خاصة",
  "llc_s_corporation" : "مؤسسة من الفئة إس",
  "llc_tax_classification" : "تصنيف ضرائب لمؤسسة ذ. م. م.",
  "location" : "الموقع",
  "log_out" : "تسجيل الخروج",
  "login" : "تسجيل الدخول",
  "love" : "‎LOVE",
  "mailing_address" : "عنوان المراسلات",
  "make_this_my_default_address" : "اجعل هذا العنوان العنوان الافتراضي لي",
  "make_this_my_default_payment_method" : "اجعل هذه الطريقة طريقة الدفع الافتراضية لي",
  "manage_autodelivery" : "إدارة التوصيل التلقائي",
  "maqui" : "Maqui",
  "matching_bonus" : "‎Matching Bonus",
  "medical_and_drug_claims" : "QuiAri Medical and Drug Claims",
  "member_id" : "معرف العضو",
  "message" : "الرسالة",
  "mobile" : "إشعارات الجوال",
  "month" : "شهر | أشهر",
  "my_account" : "حسابي",
  "my_addresses" : "عنوايني",
  "my_autodelivery" : "التوصيل التلقائي",
  "my_cart" : "عربة تسوقي",
  "my_customers" : "عملائي",
  "my_notifications" : "إشعاراتي",
  "my_order" : "طلباتي",
  "my_payment_methods" : "طرق دفعي",
  "my_profile" : "ملفي الشخصي",
  "my_promoter" : "المروّج الخاص بي",
  "my_promoters" : "المروجون الخاصين بي",
  "my_ranks" : "رتبي",
  "my_shipping_addresses" : "عنوان شحني",
  "my_team" : "فريقي",
  "my_vouchers" : "قسائمي",
  "name" : "الاسم",
  "name_on_card" : "الاسم على البطاقة",
  "need_help" : null,
  "new" : "جديد",
  "new_message" : "رسالة جديدة",
  "new_password" : "كلمة مرور جديدة",
  "next" : "التالي",
  "no" : "لا",
  "no_autodelivery" : "لا يوجد توصيل تلقائي",
  "no_commission_during_this_period" : "لم تحصل على أي رتب عمولة خلال هذه الفترة.",
  "no_commissions_earned" : "لم تربح أي عمولة بعد.",
  "no_payment_method_selected" : "لم تحدد أي طريقة دفع",
  "no_ranks_earned_during_this_period" : "لم تربح أي رتب خلال هذه الفترة",
  "no_recognition_ranks_during_this_period" : "لم تربح أي رتب تقديرية خلال هذه الفترة.",
  "no_shipping_address_selected" : "لم تختر عنوان شحن",
  "no_tracking_information_available" : "لا تتوفر معلومات التعقب",
  "no_volume_earned_during_this_period" : "لم يتم الحصول على حجم خلال هذه الفترة",
  "non_qualified" : "غير مستحق",
  "not_applicable" : "لا ينطبق",
  "notification_preferences" : "تفضيلات الإشعارات",
  "notifications_autodelivery_emails" : "استلام رسائل بريد إلكتروني بمستجدات التوصيل التلقائي",
  "notifications_rank_advancement_emails" : "استلام رسائل بريد إلكتروني بإعلامات الرتبة",
  "notifications_user_joined_emails" : "استلام رسائل بريد إلكتروني بانضمام عميل/مروّج",
  "num_months" : "{amount} Months",
  "only_autodelivery" : "التوصيل التلقائي فقط",
  "oops" : "أواه!",
  "open" : "فتح",
  "opportunity" : "فرصة",
  "opportunity_presentation" : "تقديم الفرصة",
  "opportunity_presentation_speaker_notes" : "ملاحظات المتحدث في تقديم الفرصة",
  "optional" : "اختياري",
  "order_date" : "تاريخ الطلب",
  "order_details" : "تفاصيل الطلب",
  "order_history" : "سجل الطلبات",
  "order_id" : "معرف الطلب",
  "order_now" : "اطلب الآن",
  "order_num" : "رقم الطلب",
  "order_number" : "رقم الطلب{id}",
  "order_placed_on" : "موضوع في {date}",
  "order_summary" : "ملخص الطلب",
  "order_tracking" : "تعقب الطلب",
  "ordering_shipping_and_returns" : "الطلب والشحن والمرتجعات",
  "ordering_shipping_and_returns_faq_1" : "هل تشحن QuiAri‎ منتجاتها لأنحاء العالم؟",
  "ordering_shipping_and_returns_faq_1_answer" : "بالطبع. نحن نشحن منتجاتنا لأي مكان في العالم تقريبًا.",
  "ordering_shipping_and_returns_faq_2" : "متى أستلم منتجاتي من QuiAri‎؟",
  "ordering_shipping_and_returns_faq_2_answer" : "تغادر الطلبات مستودعنا خلال 1-2 يوم عمل. ونستعين بعدة مقدمي خدمات شحن حول العالم لضمان أن تصل المنتجات في وقتها المناسب ما أمكن. وتختلف أوقات الشحن من 3-10 أيام عمل. إن كانت لديك أية أسئلة حول تعقب طلبك، فنرجو منك التواصل مع فريق الدعم لينا على",
  "ordering_shipping_and_returns_faq_3" : "ما هي سياسة الإرجاع لديكم؟",
  "ordering_shipping_and_returns_faq_3_answer_1" : "تقدم QuiAri‎ سياسة إرجاع على المنتجات المباعة لجميع المروجين والعملاء لمدة 30 يومًا من تاريخ الطلب. سيتم الإفراج عن المبالغ المستردة للمنتجات التي لم يتم فتحها وتكون في حالة قابلة لإعادة البيع بنسبة 100٪ من سعر الشراء الأصلي، مخصومًا منها رسوم إعادة التخزين بنسبة 10٪.",
  "ordering_shipping_and_returns_faq_3_answer_2" : "سيتم الإفراج المبالغ المستردة للمنتجات المفتوحة أو المستخدمة جزئيًا أو التالفة بنسبة 50٪ من سعر الشراء الأصلي. لن يتم رد تكاليف الشحن والمناولة والضرائب والرسوم والتعريفات الجمركية عن أي مرتجعات. اطلع على سياساتنا وإجراءاتنا لمعرفة تفاصيل سياسة الإرجاع بالكامل.",
  "ordering_shipping_and_returns_faq_3_answer_3" : null,
  "ordering_shipping_and_returns_faq_4" : "هل تسمح QuiAri‎ بتبادل المنتجات؟",
  "ordering_shipping_and_returns_faq_4_answer" : "نحن لا نقبل تبادل المنتجات بأي صورة.",
  "ordering_shipping_and_returns_faq_5" : "ماذا لو وصلت منتجاتي تالفة؟",
  "ordering_shipping_and_returns_faq_5_answer_1" : "تتحمل شركة الشحن مسؤولية التلفيات التي تحدث أثناء الشحن. يجب على العميل الذي يستلم بضاعة تالفة اتباع هذا الإجراء:",
  "ordering_shipping_and_returns_faq_5_answer_2" : "قبول التسليم",
  "ordering_shipping_and_returns_faq_5_answer_3" : "توثيق التلفيات",
  "ordering_shipping_and_returns_faq_5_answer_4" : "التقدم بمطالبة لشركة الشحن",
  "ordering_shipping_and_returns_faq_5_answer_5" : "إبلاغ قسم الدعم في QuiAri‎({0}) خلال 24 ساعة.",
  "ordering_shipping_and_returns_faq_6" : "ما أسعار ومواقيت شحن QuiAri‎؟",
  "ordering_shipping_and_returns_faq_6_answer" : "تتحمل شركة الشحن مسؤولية التلفيات التي تحدث أثناء الشحن. يجب على المروجين والعملاء ممن يتلقون بضاعة تالفة اتباع هذا الإجراء:",
  "orders" : "الطلبات",
  "other" : "أخرى",
  "p65_site" : "‎www.P65Warnings.ca.gov",
  "packages" : "",
  "paid_on" : "المدفوع في",
  "password" : "كلمة المرور",
  "password_updated" : "تم تحديث كلمة مرورك!",
  "payment" : "الدفع",
  "payment_issue" : "ظهرت مشكلة في طريقة الدفع الخاصة بك.",
  "payment_method" : "طريقة الدفع",
  "payment_method_instructions" : "أدخل المعلومات أدناه لإضافة طريقة الدفع هذه.",
  "payment_method_required" : "طريقة الدفع مطلوبة",
  "payment_method_required_description" : "يجب تحديد طريقة دفع",
  "personally_sponsored_rank_history" : "سجل رتب من ترعاهم شخصيًا",
  "phone_number" : "رقم الهاتف",
  "placed_on" : "موضوع في",
  "placing_order" : "إنجاز الطلب...",
  "policies_and_procedures" : "السياسات والإجراءات",
  "postal_code" : "الرمز البريدي",
  "prepaid_autodelivery" : "Prepaid AutoDelivery",
  "prepaid_autodelivery_description" : "Prepaid AutoDelivery is QuiAri's monthly delivery program. Much like a subscription-based service, Prepaid AutoDelivery is designed to bring Customers and Promoters the convenience of having their favorite QuiAri products delivered automatically each and every month. Here’s the GREAT News – Prepaid AutoDelivery also saves you an additional 10%-12% each month.",
  "prepaid_months_remaining" : "",
  "prepaid_no_refund_description" : null,
  "previous" : "السابق",
  "previous_month_rank" : "رتبة الشهر السابق",
  "price" : "السعر",
  "primary" : "أوليّ",
  "primary_address" : null,
  "prime_gel_description" : "Includes:\n1 Box of Prime Gel (30 servings)",
  "prime_gel_only_packs" : "",
  "priority_shipping" : "أولوية الشحن",
  "product" : "المنتج",
  "product_brochure" : "نشرة المنتج",
  "product_day_supply" : "توريد {num} يوم",
  "product_launch_plan_booklet" : "خطة الانطلاق 10-4-2 (الكتيب)",
  "product_month_supply" : "إمداد {num} شهر",
  "product_pdfs" : "كتيبات PDF‎ للمنتج",
  "products" : "المنتجات",
  "products_faq_1" : "أين يمكنني العثور على مزيد من المعلومات حول منتجات QuiAri‎؟",
  "products_faq_10" : "هل سيساعدني QuiAri Energy‎ على إنقاص الوزن؟",
  "products_faq_10_answer_1" : "تتآزر مكوناتنا المخصوصة معًا لتعزيز فقدان الوزن والمساعدة في زيادة الطاقة.",
  "products_faq_10_answer_2" : "يعد توت الماكي الفاكهة الفائقة الجديدة رقم 1، وتحتوي على 5 أضعاف من مضادات الأكسدة عن أي فاكهة فائقة أخرى. MaquiX®‎ هو مستخلص عضوي فائق التركيز يعزز القوة الطبيعية لتوت الماكي.",
  "products_faq_10_answer_3_1" : "مستخلص الشاي الأخضر",
  "products_faq_10_answer_3_2" : "يمكن أن يساعد مستخلص الشاي الأخضر في إنقاص الوزن عند دمجه مع نظام غذائي صحي وممارسة الرياضة.",
  "products_faq_10_answer_4_1" : "مزيج الطاقة",
  "products_faq_10_answer_4_2" : "وسر فقدان الوزن بطريقة التوليد الحراري يكمن في خلطة الطاقة الفريدة التي تساعدك على حرق السعرات الحرارية والدهون لفقدان الوزن بأفضل سبيل",
  "products_faq_11" : "ما هي خلطة الطاقة؟",
  "products_faq_11_answer_1" : "تقوم خلطة الطاقة التي صممناها على توليفة عالية الجودة من المكونات التي صممناها لإبقاء جسمك في وضع مثالي لحرق الدهون.",
  "products_faq_11_answer_2_1" : "لحاء القرفة",
  "products_faq_11_answer_2_2" : "يمكن أن يساعد في تعزيز صحة الجهاز الهضمي وتخفيف الالتهابات",
  "products_faq_11_answer_3_1" : "الفلفل الحريف",
  "products_faq_11_answer_3_2" : "يعزز الأيض ويخفف الشهية ويساعد في تعزيز صحة الجهاز الهضمي",
  "products_faq_11_answer_4_1" : "الفلفل الأسود",
  "products_faq_11_answer_4_2" : "يحتوي على مضادات الأكسدة ويعزز امتصاص المغذيات",
  "products_faq_11_answer_5_1" : "جذور الزنجبيل",
  "products_faq_11_answer_5_2" : "تعزز الهضم الصحي وتساعد على مكافحة الالتهابات",
  "products_faq_12" : "ما مقدار الطاقة التي أحصل عليها من QuiAri Energy‎؟",
  "products_faq_12_answer" : "يعد QuiAri Energy‎ أفضل تصبيرة منعشة نظيفة وصحية! وبفضل مستخلص حبوب القهوة الخضراء وMaquiX™‎ ومستخلص الشاي الأخضر، يوفر ‎QuiAri Energy 150 ملجم من الطاقة الطبيعية - تمثال فنجان أو اثنين من القهوة، لتتمتع بقدرة تحمل طويلة تستمر طوال اليوم!",
  "products_faq_13" : "كم عدد الحصص التي أحصل عليها من QuiAri Energy‎؟",
  "products_faq_13_answer" : "توفر كل زجاجة أو كيس من العبوات ذات الحصص المفردة ما يكفي شهرًا من الأقراص.",
  "products_faq_14" : "ما هو الماكي؟",
  "products_faq_14_answer" : "لا ينمو توت الماكي إلا في الجبال البكر في منطقة باتاغونيا في تشيلي، وقد اشتهر منذ قرون بفوائده المغذية والصحية. يوفر توت الماكي ما يصل إلى 5 أضعاف من مضادات الأكسدة بالمقارنة من الفواكهة الفائقة المعروفة سابقًا.",
  "products_faq_15" : "ما هو MaquiX™‎؟",
  "products_faq_15_answer" : "تعاونت QuiAri‎ مع أرفع الباحثين في مجال توت الماكي لإنتاج MaquiX™‎، لنحص‎‎ل على مستخلص عضوي شامل فائق التركيز يعزز قوة توت الماكي لما يصل إلى عشرة أضعاف.",
  "products_faq_16" : "ما هو 90-Day Kickstart Challenge‎؟",
  "products_faq_16_answer_1" : "تحدي 90-Day Kickstart Challenge‎ هو تغيير في نمط الحياة على مرحلتين يساعدك تعزيز مشاعرك ومظهرك بسرعة.",
  "products_faq_16_answer_2" : "المرحلة 1: تمتع بمخفوق QuiAri Shake‎ اللذيذ في الصباح.",
  "products_faq_16_answer_3" : "المرحلة 2: تناول مكمل QuiAri Energy‎ واحصل على الطاقة التي تساعدك على قضاء يومك",
  "products_faq_16_answer_4" : "وهذا كل شيء - اكتمل التحدي. وفي بحر 90 يومًا فقط سوف ترتقي بصحتك وطاقتك لمستويات جديدة كليًا.",
  "products_faq_17" : "هل يمكنني تناول منتجات QuiAri‎ إذا كنت أعاني من حالة طبية أو أتناول أدوية؟",
  "products_faq_17_answer" : "إذا كنت تعاني من حالة طبية أو تتناول أدوية، فيرجى استشارة طبيبك قبل استخدام منتجات QuiAri‎.",
  "products_faq_18" : "ماذا يمكنني أن أقول عن المنتجات عند الترويج لـ QuiAri‎؟",
  "products_faq_18_answer" : "See {0}",
  "products_faq_19" : "هل يمكنني شراء منتجات QuiAri‎ بدون معرف إحالة من مروّج؟",
  "products_faq_19_answer" : "تحتاج إلى معرف إحالة من مروج لشراء المنتجات. إذا لم يزودك المروّج الذي أحالك إلى QuiAri‎ برقمه، فيرجى التواصل معه مباشرةً. ليس لديك معرف مروّج؟ تواصل مع {0} للمساعدتك في طلبك.",
  "products_faq_1_answer" : "يرجى الاطلاع على {0} لمزيد من التفاصيل حول جميع منتجات QuiAri‎.",
  "products_faq_2" : "متى ينبغي علي شرب QuiAri Shake‎؟",
  "products_faq_20" : "ماذا لو أحببت منتجات QuiAri‎ كثيرًا وأريد أن أصبح مروجًا لـ QuiAri‎؟",
  "products_faq_20_answer" : "من السهل أن تصبح مروّجًا. ما عليك إلى التسجيل في مدخل العملاء مجانًا. ستتلقى على الفور كل ما تحتاجه لبدء إنشاء نشاطك التجاري مع QuiAri‎: موقع ويب للتسويق بالنسخ المتماثل ومدخل ويب، وتطبيق جوال، والمزيد.",
  "products_faq_21" : "كيف أستخدم المنتجات؟",
  "products_faq_21_answer_1" : "المرحلة 1: تمتع بمخفوق QuiAri Shake‎ اللذيذ في الصباح.",
  "products_faq_21_answer_2" : "Step 2: Take 1-2 QuiAri Energy supplements and get the energy you need to conquer your day",
  "products_faq_21_answer_3" : "Step 3: Take 1-2 delicious Gel Packets throughout your day. Just rip and sip!",
  "products_faq_22" : "ما هي تكلفة باقات الترويج الجديدة وماذا تحصل منها؟",
  "products_faq_22_answer_1" : "باقات الترويج الجديدة هي كالتالي:",
  "products_faq_22_answer_10" : "4 أكياس QuiAri Shake‎ و4 زجاجات ‎QuiAri Energy",
  "products_faq_22_answer_11" : "7 باقات: $1199 USD (500 SV)‎ لأفضل قيمة!",
  "products_faq_22_answer_12" : "6 أشهر من Speed Bonuses‎ غير المحدودة",
  "products_faq_22_answer_13" : "7 أكياس QuiAri Shake‎ و7 زجاجات ‎QuiAri Energy",
  "products_faq_22_answer_14" : "",
  "products_faq_22_answer_15" : "",
  "products_faq_22_answer_16" : "",
  "products_faq_22_answer_17" : "",
  "products_faq_22_answer_18" : "",
  "products_faq_22_answer_19" : "",
  "products_faq_22_answer_2" : "باقة واحدة: $125 ‎USD (75 SV)",
  "products_faq_22_answer_20" : "",
  "products_faq_22_answer_21" : "",
  "products_faq_22_answer_22" : "",
  "products_faq_22_answer_23" : "",
  "products_faq_22_answer_24" : "",
  "products_faq_22_answer_25" : "",
  "products_faq_22_answer_26" : "",
  "products_faq_22_answer_27" : "",
  "products_faq_22_answer_3" : "شهر واحد من  Speed Bonuses‎ غير المحدودة",
  "products_faq_22_answer_4" : "كيس QuiAri Shake‎ وزجاجة ‎QuiAri Energy",
  "products_faq_22_answer_5" : "باقتان: $250 ‎USD (150 SV)",
  "products_faq_22_answer_6" : "شهرين من Speed Bonuses‎ غير المحدودة",
  "products_faq_22_answer_7" : "كيسي QuiAri Shake‎ وزجاجتي ‎QuiAri Energy",
  "products_faq_22_answer_8" : "4 باقات: $500 ‎USD (300 SV)",
  "products_faq_22_answer_9" : "3 أشهر من Speed Bonuses‎ غير المحدودة",
  "products_faq_23" : "Are Speed Bonuses offered every time I order a Product Package?",
  "products_faq_23_answer_1" : "No. Speed Bonuses are offered only on initial Product Package purchases only.",
  "products_faq_23_answer_2" : "ويكون لديك عام واحد من وقت الشراء لاسترداد قسائمك.",
  "products_faq_23_answer_3" : "يرجى العلم أن مبلغ القسيمة لا يسري على تكاليف ترقية نظام الحصص المفردة ورسوم الشحن وضرائب المبيعات وضريبة القيمة المضافة ورسوم استيراد المنتجات الدولية. ويجب على المروّج دفع تلك المبالغ في وقت استعادة القسائم على مدخل ويب المروج على QuiAri‎.",
  "products_faq_23_answer_4" : "",
  "products_faq_24" : "What Is QuiAri Prime?",
  "products_faq_24_answer_1" : "Our Prime gel is a delicious blend of scientifically proven, proprietary ingredients chosen specifically for their highly potent anti-aging antioxidant levels, nutritional profile, and tantalizing taste. In addition to Maqui berries, MaquiX®, S.O.D., Resveratrol, & Pterostilbene (our Youth X blend), our Prime gel is boosted with aloe vera, grapeseed, and green tea extracts for powerful repair from free radical damage, protection for cells against future harm, and reversing the signs of aging.",
  "products_faq_25" : "How Do I Take Prime?",
  "products_faq_25_answer_1" : "Just rip and sip! Take 1-2 delicious Gel Packets throughout your day.",
  "products_faq_2_answer" : "اشرب QuiAri Shake‎ أول شيء في الصباح لتبدأ يومك بشكل صحيح!",
  "products_faq_3" : "هل سيساعدني تناول QuiAri Shake‎ على فقدان الوزن؟",
  "products_faq_3_answer_1" : "يستخدم QuiAri Shake‎ مزيجًا خاصًا من المكونات التي تعمل معًا لدعم فقدان الوزن:",
  "products_faq_3_answer_2" : "يعد توت الماكي الفاكهة الفائقة الجديدة رقم 1، وتحتوي على 5 أضعاف من مضادات الأكسدة عن أي فاكهة فائقة أخرى. MaquiX®‎ هو مستخلص عضوي فائق التركيز يعزز القوة الطبيعية لتوت الماكي.",
  "products_faq_3_answer_3" : "بفضل احتواء QuiAri Shake‎ على مصل اللبن فهو يحتوي على 16 جرامًا من البروتين لكل حصة، مما يساعدك على كبح شهيتك والتعامل مع وزنك والمزيد!",
  "products_faq_4" : "كم عدد السعرات الحرارية في QuiAri Shake‎؟",
  "products_faq_4_answer" : "لا يحتوي QuiAri Shake‎ إلى على 120 سعر حراري في الحصة.",
  "products_faq_5" : "هل QuiAri Shake‎ خال من الغلوتين؟",
  "products_faq_5_answer" : "نعم، QuiAri Shake‎ خال من الغلوتين.",
  "products_faq_6" : "هل يحتوي QuiAri Shake‎ على سكر مضاف؟",
  "products_faq_6_answer" : "لا يحتوي QuiAri Shake‎ على أي سكر مضاف.",
  "products_faq_7" : "كم حصة يحتويها كيس QuiAri Shake‎؟",
  "products_faq_7_answer" : "يحتوي كل كيس ما يكفي من خليط المخفوق حيث يحتوي الكيس على 28 حصة.",
  "products_faq_8" : "ما هي الخُضر المستخدمة في خليط الخُضر؟",
  "products_faq_8_answer" : "يستخدم QuiAri Shake‎ خُضر فائقة لمساعدتك إلى التعامل الناجح مع وزنك ولتعزيز الأيض.",
  "products_faq_8_answer_1_1" : "السبانخ",
  "products_faq_8_answer_1_2" : "تدعم التقدم الصحي في العمر وتحسين ضغط الدم",
  "products_faq_8_answer_2_1" : "الكلوريلا",
  "products_faq_8_answer_2_2" : "تدعم التقدم الصحي في العمر وتعزز النظام المناعي",
  "products_faq_8_answer_3_1" : "مستخلص براعم البروكلي",
  "products_faq_8_answer_3_2" : "يدعم صحة البشرة",
  "products_faq_8_answer_4_1" : "الكالي",
  "products_faq_8_answer_4_2" : "يدعم خسارة الوزن ويزود الجسم بمضادات الأكسدة وفيتامين ج",
  "products_faq_8_answer_5_1" : "الفِصفِصة",
  "products_faq_8_answer_5_2" : "يدعم الأيض الصحي",
  "products_faq_8_answer_6_1" : "السبيرولينا",
  "products_faq_8_answer_6_2" : "تعدم صحة الجسم بالكامل حيث تحتوي على عدد من المغذيات ومقدار عال من البروتين",
  "products_faq_9" : "متى ينبغي علي تناول QuiAri Energy‎؟",
  "products_faq_9_answer" : "Take 1 tablet two times daily. Drink at least 8 glasses of water daily. QuiAri Energy is most effective when paired with QuiAri Shake and QuiAri Prime Gel.",
  "profile_name_validation_message" : "يجب أن يكون الاسم أقل من 100 حرف",
  "promoter_details" : "بيانات المروّج",
  "promoter_id" : "معرف المروج",
  "promoter_package_kickstart_description" : "تعد مثالية لشخص واحد يبدأ في تحدي الانطلاق وتمنحه منتج يكفيه لأربعة أسابيع.",
  "promoter_upgrade" : "ترقى حسابك لحساب مروّج.",
  "purple_diamond_guide" : "Purple Diamond Guide",
  "purple_diamond_guide_description" : "Follow the simple steps to reach the rank of Purple Diamond.",
  "purple_diamond_guide_training_slides" : "Purple Diamond Guide Training Slides",
  "qualifications" : "الاستحقاقات",
  "qualifications_active" : "نشط",
  "qualifications_join_date" : "تاريخ الانضمام",
  "qualifications_personal_sales_vol" : "Personal Sales Volume‎ (حجم المبيعات الشخصية)",
  "qualifications_previous_month_commission_rank" : "رتبة العمولة للشهر السابق",
  "qualifications_recognition_rank" : "رتبة التقدير",
  "qualifications_speed_bonus_vol" : "Speed Bonus Volume",
  "qualified" : "مستحق",
  "quantity" : "الاستحقاق",
  "quiari_medical_and_drug_claims" : "البيانات الدوائية والطبية لـ ‎QuiAri",
  "quiari_mobile_app" : "",
  "quiari_promoter_id" : "معرف مروج ‎QuiAri",
  "quiari_swag_description" : "Get your SWAG on! Gear up with everything you need for your business: Hats, activewear, shaker cups, car decals, and more!",
  "quiari_testimonial" : "شهادات ‎QuiAri",
  "quiari_testimonial_info" : "املأ الحقول أدناه لمشاركة قصة نجاحك أو بعث رسالة ملهمة للمروجين الآخرين في QuiAri‎!",
  "rank" : "الرتبة",
  "rank_advancement" : "إعلان الرتبة",
  "rank_and_bonuses" : "الرتبة والمكافآت",
  "rank_champion" : null,
  "rank_crown_purple_diamond" : null,
  "rank_diamond" : null,
  "rank_grand_purple_diamond" : null,
  "rank_green_diamond" : null,
  "rank_hero" : null,
  "rank_history" : "سجل الرتبة",
  "rank_legend" : null,
  "rank_promoter" : null,
  "rank_purple_diamond" : null,
  "rank_qualification" : "استحقاق الرتبة",
  "rank_qualification_faq_1" : "كيف أحصل على كل رتبة؟",
  "rank_qualification_faq_1_answer_1" : "تتطلب كل رتبة قدرًا محدد من حجم المبيعات على أساس Lesser Volume Leg‎ (قسم حجم المبيعات) الأقل خلال شهر العمولة.",
  "rank_qualification_faq_1_answer_2" : "خطة المكافآت",
  "rank_qualification_faq_2" : "ما الفرق بين رتبة العمولة ورتبة التقدير؟",
  "rank_qualification_faq_2_answer_1" : "رتبة العمولة هي الرتبة التي يتم الدفع لك على أساسها حاليًا. وتتحدد حسب Sales Volume (SV)‎ (حجم المبيعات) وغيرها من متطلبات خطة مكافآت ‎QuiAri<b> </b>الأخرى خلال شهر العمولة.",
  "rank_qualification_faq_2_answer_2" : "رتبة التقدير هي أعلى رتبة حصلت عليها يومًا.",
  "rank_qualification_faq_3" : "متى يتم تقييم رتبة العمولة؟",
  "rank_qualification_faq_3_answer" : "يتم تقييم رتبة العمولة في اليوم الأول من كل شهر بناءً على الشهر (الأشهر) السابق.",
  "rank_rising_star" : null,
  "rank_rock_star" : null,
  "rank_shooting_star" : null,
  "rank_star" : null,
  "rank_super_star" : null,
  "reason" : "السبب",
  "recognition" : "التقدير",
  "recognition_rank" : "رتبة التقدير",
  "recover" : "استعادة",
  "recover_account" : "استعادة الحساب",
  "recover_account_description" : "أدخل عنوان البريد الإلكتروني الذي تستخدمه للتسجيل في QuiAri‎. سنرسل لك بريدًا إلكترونيًا إلى العنوان المذكور والذي سيرشدك خلال عملية الاسترداد.",
  "recover_invalid_email" : "لقد ذكرت عنوان بريد إلكتروني غير صالح لمحاولة الاسترداد هذه.",
  "recover_max_limit_reached" : "لقد وصلت إلى الحد الأقصى من محاولات الاسترداد. حاول مجدد بعد 24 ساعة.",
  "recover_successful" : "أرسلنا رسالة بريد إلكتروني مع تعليمات لإعادة تعيين كلمة مرورك.",
  "redeem_now" : "استرد القيمة الآن",
  "redeem_voucher" : "استرد قيمة القسيمة",
  "redeemable_on" : "قابل لاسترداد القيمة في",
  "redeemed_on" : "تم استرداد القيمة في",
  "refund" : "إعادة الأموال",
  "refund_processed" : "تمت معالجة إعادة الأمول في {date} لـ {amount}",
  "remove" : "إزالة",
  "remove_all" : "إزالة الجميع",
  "reorder" : "إعادة الطلب",
  "reports" : "التقارير",
  "required" : "مطلوب",
  "reset" : "إعادة تعيين",
  "resources" : "الموارد",
  "results" : "النتائج",
  "review_order" : "معاينة الطلب",
  "review_order_8" : "معاينة الإجمالي",
  "review_package" : null,
  "review_products" : null,
  "right" : "يمين",
  "right_bottom" : "أسفل اليمين",
  "right_leg" : "القسم الأيمن",
  "right_placement_description" : "عند تحديد خيار الموضع الأيمن، فسوف يتم وضع جميع المروجين الذي تتم رعايتهم شخصيًا في الموقع المتوفر التالي خارج منطقة أسفل القسم الأيمن.",
  "sales" : "المبعيات",
  "sales_receipt" : "Sales Receipt",
  "sales_reciept" : "استلام المبيعات",
  "sales_volume" : "Sales Volume‎ (حجم المبيعات)",
  "sales_volume_amount" : "{amount} Sales Volume‎ (حجم المبيعات)",
  "sales_volume_left" : "Sales Volume‎ (حجم المبيعات) الأيسر",
  "sales_volume_right" : "Sales Volume‎ (حجم المبيعات) الأيمن",
  "sample_cards" : "بطاقات العينة",
  "sampler_pack_description" : "Includes a 5 day supply of QuiAri Shake (pouch) and QuiAri Energy (sachet) for personal use.",
  "save" : "حفظ{amount}",
  "save_autodelivery" : "حفظ التوصيل التلقائي",
  "save_changes" : "حفظ التغييرات",
  "savings" : "التوفير ({amount}%)",
  "search" : "Search",
  "search_error" : "خطأ في البحث",
  "see_instructions" : "اطلع على التعليمات",
  "select" : "اختيار",
  "select_a_country_to_view_options" : "اختر بلدًا لعرض الخيارات",
  "select_card" : "اختر بطاقة",
  "select_language" : "اختر اللغة",
  "select_payment_type" : "اختر نوع طريقة الدفع",
  "select_preferred_payment_method" : "اختر طريقة الدفع المفضلة",
  "select_products" : "اختر المنتجات",
  "self_replication_prefix" : "بادئة النسخ المتثماثل",
  "self_replication_prefix_description" : "تستخدم بادئة النسخ المتثماثل لتحديد رابط url‎ لموقعك. على سبيل المثال، إن كانت بادئة النسخ المتماثل لك هي \"quiarirocks\"‎، فسوف يكون رابط موقعك https://quiarirocks.quiari.com‎.",
  "sent" : "المرسل",
  "serving_bag" : "{amount}كيس حصص",
  "settings" : "الإعدادات",
  "setup_ewallet_account" : "إعداد حسابك على المفحظة الإلكترونية",
  "shake_chocolate_description" : "Includes:\n1 Bulk Bag of Chocolate Shake (28 servings)",
  "shake_chocolate_single_description" : "Includes:\n1 Bag of Chocolate Shake (14 servings)",
  "shake_energy_packs" : "",
  "shake_energy_prime_packs" : "",
  "shake_vanilla_description" : "Includes:\n1 Bulk Bag of Vanilla Shake (28 servings)",
  "shake_vanilla_single_description" : "Includes:\n1 Bag of Vanilla Shake (14 servings)",
  "share" : "مشاركة",
  "share_using_self_replicated_website" : "Share QuiAri using your self-replicated website",
  "shipped_to" : "تم الشحن إلى",
  "shipping_Rates_individual_1" : "أصناف مفردة (طلبات أقل من $50 USD)‎",
  "shipping_Rates_individual_2" : "أصناف مفردة (طلبات أكبر من $50 USD)‎",
  "shipping_address" : "عنوان الشحن",
  "shipping_address_and_billing_information" : "عنوان الشحن ومعلومات الفوترة",
  "shipping_address_create" : "أنشئ عنوان شحن جديد",
  "shipping_address_required" : "عنوان الشحن مطلوب",
  "shipping_address_required_description" : "يجب اختيار عنوان الشحن",
  "shipping_and_billing_information" : "الشحن ومعلومات الفوترة",
  "shipping_and_billing_information_description" : "اختر عناوين الشحن الشحن والفوترة، وطريقة الدفع المفضلة.",
  "shipping_and_handling" : "الشحن والمناولة",
  "shipping_autodelivery" : "Use this shipping address for my next AutoDelivery",
  "shipping_estimate" : "يرجى توقع التوصيل خلال 2-10 يوم عمل. تختلف مواعيد الشحن حسب موقعك.",
  "shipping_information" : "معلومات الشحن",
  "shop_now" : "Shop Now",
  "shopping_cart_1" : "شهر واحد من الإمداد بـ QuiAri Shake‎ و‎QuiAri Energy",
  "showing" : "العرض",
  "sign_here" : "وقّع هنا",
  "single_serve_upgrade_description" : "قم بترقية الطلب بالكامل إلى حزمات مفردة الحصص للحصول على {amount} إضافية",
  "social_media_best_practices" : null,
  "social_security_number" : "رقم الضمان الاجتماعي",
  "speed_bonus" : "‎Speed Bonus",
  "speed_bonus_countdown" : "عداد ‎Speed Bonus",
  "sponsor" : "الراعي",
  "sponsor_id" : "معرف الراعي",
  "sponsor_link" : "رابط الراعي",
  "sponsor_placement_description" : "Once Placed, Cannot Move as Calculations are made and Paid in Real Time",
  "sponsorship_sign_up" : "تسجيل الرعاية",
  "sponsorship_sign_up_description" : "أرسل رابط هذا النموذج إلى عملائك المحتملين بالبريد الإلكتروني أو كرسالة نصية أو انسخ الرابط لتعبئة النموذج بنفسك.",
  "sponsorship_sign_up_sponsor_id" : "إن لم تكن راع هذا العميل المحتمل، فأدخل معرف الراعي أدناه",
  "standard_pack_description" : "Includes:\n2 Boxes of Prime Gel\n2 Bulk Bags of Shake (Chocolate or Vanilla)\n2 Bottles of Energy",
  "state_province" : "الولاية/المقاطعة",
  "store_description" : "اختر 5 QuiAri Shakes‎ و5 ‎QuiAri Energy",
  "subject" : "الموضوع",
  "submit" : "إرسال",
  "submit_for_review" : "إرسال للمعاينة",
  "submitted" : "تم الإرسال",
  "subtotal" : "المجموع الفرعي",
  "support" : "الدعم",
  "support_email" : "‎support{'@'}quiari.com",
  "support_request" : "طلب الدعم",
  "support_request_text" : "قم بتعئبة الحقول أدناه وسوف يجيبك ممثل الدعم في أقرب وقت ممكن.",
  "swag_store" : "السوق المفتوح",
  "tablet_bottle" : "{amount} زجاجة أقراص",
  "tablet_single_serve_packets" : "{amount} ({tablet_count} حەب) پاکەتی یەکجار پێشکەشکردن",
  "tax_classification_c_corporation" : "مؤسسة من الفئة سي",
  "tax_classification_individual" : "فردي/مؤسسة فردية",
  "tax_classification_partnership" : "شراكة",
  "tax_classification_s_corporation" : "مؤسسة من الفئة إس",
  "tax_classification_trust_or_estate" : "الإدارة/الملكية",
  "tax_id" : "معرف الضرائب",
  "tax_payer_identification_number" : "رقم تحديد دافع الضرائب",
  "taxes" : "الضرائب",
  "taxes_and_duties" : "الضرائب والرسوم",
  "team_commissions" : "‎Team Commissions",
  "text_copied" : "تم نسخ النص للحافظة",
  "total" : "الإجمالي",
  "total_commissions_summary" : "ملخص إجمالي العمولات",
  "total_personal_sales_volume_by_month" : "إجمالي Personal Sales Volume‎ بالشهر",
  "track_order" : "تتبع الطلب",
  "training" : "التدريب",
  "try" : "جرّب",
  "try_love_share_launch_plan" : "Try. Love. Share® Launch Plan",
  "try_love_share_launch_plan_description" : "Get your business off to a FAST START using our Simple Sample System.",
  "type" : "النوع",
  "unlimited_speed_bonuses" : "{num}{month} Speed Bonuses‎ غير محدودة",
  "update" : "تحديث",
  "update_address" : "تحديث العنوان",
  "update_address_info" : "أدخل المعلوات أدناه لإدارة هذا العنوان.",
  "update_autodelivery" : "تحديث التوصيل التلقائي",
  "update_autodelivery_date" : "",
  "update_password" : "تحديث كلمة المرور",
  "update_password_incorrect" : "لقد أدخلت كلمة مرور غير صحيحة، يرجى إعادة الإدخال للمتابعة.",
  "update_password_not_match" : "كلمتا المرور التي أدخلتهما لا تتطابقان. يرجى التحقق منهما والمحاولة مرة أخرى.",
  "update_password_text" : "حدّث كلمة مرور الحساب لتسجيل الدخول. سيكون لهذا أثر فوري.",
  "update_payment_method" : "حدّث طريقة الدفع",
  "update_payment_method_instructions" : "أدخل المعلومات أدناه لإدارة طريقة الدفع هذه.",
  "us_based_promoters" : "مروجون مقيمون في الولايات المتحدة",
  "vanilla" : "فانيليا",
  "verify" : "التحقق",
  "videos" : "Videos",
  "view_cart" : "عرض عربة التسوق",
  "view_details" : "عرض التفاصيل",
  "view_international_numbers" : "عرض الأرقام الدولية",
  "view_qualifications" : "عرض الاستحقاقات",
  "view_world_wide_shipping_document" : "لعرض تقريب لأسعار الشحن ومواعيده، يرجى الاطلاع على وثيقة {0}.",
  "volume" : "الحجم",
  "volume_history" : "سجل الحجم",
  "volume_history_by_month" : "ملخص سجل الحجم بالشهر",
  "volume_history_by_year" : "ملخص سجل الحجم بالسنة",
  "volume_history_summary_by_month" : "ملخص الحجم بالشهر",
  "volume_history_summary_by_year" : "ملخص الحجم بالسنة",
  "volume_needed_for_next_rank" : "الحجم المطلوب للرتبة التالية:",
  "volume_summary_by_month" : "ملخص الحجم بالشهر",
  "volume_summary_by_year" : "ملخص الحجم بالسنة",
  "w9_and_instructions_pdf" : "نموذج W-9‎ وملف PDF‎ للتعليمات",
  "w9_certification" : "الشهادة",
  "w9_certification_1" : "تحت عقوبة الحنث باليمين، أشهد أن:",
  "w9_certification_2" : "الرقم الموضح في هذا النموذج هو رقم التعريف الصحيح لدافع الضرائب (أو أنا في انتظار إصدار رقم لي)؛",
  "w9_certification_3" : "وأنا لست خاضعًا للاقتطاع الاحتياطي للأسباب التالية:",
  "w9_certification_4" : "أنا معفى من الاقتطاع الاحتياطي،",
  "w9_certification_5" : "أو لم يتم إخطاري من قبل دائرة الإيرادات الداخلية (IRS‎) بأنني خاضع للاقتطاع الاحتياطي نتيجة لعدم الإبلاغ عن جميع الفوائد أو أرباح الأسهم، ",
  "w9_certification_6" : "أو أخطرتني دائرة الإيرادات الداخلية (IRS‎) بأنني لم أعد خاضعًا للاقتطاع الاحتياطي؛",
  "w9_certification_7" : "أنا مواطن أمريكي أو كيان أمريكي آخر (معرف أدناه)؛",
  "w9_certification_8" : "رمز قانون الامتثال الضريبي للحسابات الخارجية (FATCA‎) الذي أدخلته في هذا النموذج (إن وجد) يشير إلى أنني معفي من الإبلاغ عن قانون الامتثال الضريبي للحسابات الخارجية وهو رمز صحيح.",
  "w9_certification_9" : "تعليمات الشهادات. يجب شطب العنصر 2 أعلاه إذا تم إخطارك من قِبل دائرة الإيرادات الداخلية بأنك تخضع حاليًا للاقتطاع الاحتياطي لأنك فشلت في الإبلاغ عن جميع الفوائد والأرباح في إقرارك الضريبي. بالنسبة للمعاملات العقارية، لا ينطبق عليا البند 2. بالنسبة لفوائد الرهن العقاري المدفوعة أو الاستحواذ أو التخلي عن الممتلكات المؤمنة وإلغاء الديون والمساهمات في ترتيب التقاعد الفردي (IRA‎) وكل من المدفوعات بخلاف الفوائد والأرباح بشكل عام، فلا يلزمك التوقيع على الشهادة ولكن يجب عليك تقديم المعرف الضريبي الصحيح. انظر التعليمات للجزء الثاني، الأخير.",
  "w9_form" : "نموذج ‎IRS W-9",
  "w9_notice" : "يجب عليك تعبئة {0} الإلزامي لإكمال عملية تسجيل حسابك على المحفظة الإلكترونية.",
  "w9_registration_form" : "نموذج تسجيل ‎W9",
  "w9_submit_error" : "حدث خطأ",
  "w9_submit_error_description" : "وقع خطأ. يرجى المحاولة مرة أخرى بعد بضع دقائق.",
  "w9_submitted" : "تم تقديم النموذج W9‎ بنجاح",
  "w9_submitted_description" : "تم تقديم معلوماتك الضريبة للنموذج W9‎ بنجاح للمعاينة.",
  "ward" : "Ward",
  "welcome" : "مرحبًا بك!",
  "world_wide_shipping_document" : "وثيقة الشحن العالمي",
  "year" : "العام",
  "yearly_commissions_summary" : "ملخص عمولات العام",
  "yes" : "نعم",
  "your_testimonial" : "شهاداتك"
}