{
  "15_gel_boxes_description" : "Includes:\n15 Boxes of Prime Gel",
  "1_pack_description" : "Includes:\n1 Bulk Bag of Shake (Chocolate or Vanilla)\n1 Bottle of Energy",
  "2_pack_description" : "Includes:\n2 Bulk Bags of Shake (Chocolate or Vanilla)\n2 Bottles of Energy",
  "2_pack_gel_description" : "Includes:\n2 Boxes of Prime Gel",
  "3_gel_boxes_description" : "Includes:\n3 Boxes of Prime Gel",
  "4_pack_description" : "Includes:\n4 Bulk Bags of Shake (Chocolate or Vanilla)\n4 Bottles of Energy",
  "4_pack_gel_description" : "Includes:\n4 Boxes of Prime Gel",
  "6_gel_boxes_description" : "Includes:\n6 Boxes of Prime Gel",
  "8_pack_gel_description" : "Includes:\n8 Boxes of Prime Gel",
  "Active" : "活跃",
  "Cycled" : "循环",
  "Ending" : "结尾",
  "New" : "新",
  "Starting" : "开始",
  "active" : "活跃",
  "active_cycle_volume" : "活跃循环数量",
  "active_tripack_description" : "包括：1 盒 Prime Gel，1 集装袋 Shake（巧克力或香草口味），1 瓶 Energy",
  "add_address" : "添加地址",
  "add_payment_method" : "添加付款方式",
  "add_shipping_address" : "添加送货地址以获取您的订单估算",
  "add_to_autodelivery" : "加入 AutoDelivery",
  "add_to_cart" : "加入购物车",
  "address_instructions" : "输入以下信息以添加此地址。",
  "address_line_1" : "地址第一行",
  "address_line_2" : "地址第二行",
  "all" : "全部",
  "amount" : "金额",
  "are_you_sure_customer_to_promoter" : "您确定要成为促销员吗？",
  "as_shown_on_your_income_tax_return" : "如您的所得税申报表所示",
  "auto" : "Auto",
  "auto_delivery" : "AutoDelivery",
  "auto_placement_description" : "如果选择“AUTO”，您赞助的第一个人将与您的赞助人置于同一分支上。例如，如果您被置于赞助人的右分支上，那么您的第一个个人赞助人将被置于您的右分支上。",
  "auto_placement_description_2" : "此后任何新的促销员将被置于 Sales Volume 最少的分支的外侧。",
  "auto_placement_description_3" : "如果两条分支的 Sales Volume 相同，则新的促销员将被置于分支数最少的分支的外侧。",
  "autodelivery_cancel" : "取消 AutoDelivery",
  "autodelivery_cancel_error" : "无法取消您的 AutoDelivery，请联系支持人员。",
  "autodelivery_cancel_success" : "已成功取消您的 AutoDelivery。",
  "autodelivery_description" : "现在注册 AutoDelivery 可节省 10%，每月自动交付您最喜爱的 QuiAri 产品。您可以随时更新或编辑您的 AutoDelivery 订单。",
  "autodelivery_disclaimer" : "您的 AutoDelivery 服务将自动处理，并每月向您的信用卡或借记卡收取费用，直到您取消该服务。您可以通过转到“订单”并单击下拉菜单中的“我的 AutoDelivery”来编辑您的 AutoDelivery。您可以随时通过 {email} 联系我们的支持团队或致电 +1-813-413-8120 取消。",
  "autodelivery_faq_1" : "什么是 AutoDelivery？",
  "autodelivery_faq_1_answer" : "AutoDelivery 订单是每月定期发货的产品。通过注册 AutoDelivery，您可以在购买产品时节省高达 28% 的费用。",
  "autodelivery_faq_2" : "我可以编辑我的 AutoDelivery 订单吗？",
  "autodelivery_faq_2_answer" : "您可以通过转到“订单”并单击下拉菜单中的“我的 AutoDelivery”来编辑您的 AutoDelivery。您的 AutoDelivery 订单中每种产品最多可包含 5 件 - 5 份 QuiAri Shake 和 5 份 QuiAri Energy。",
  "autodelivery_faq_3" : "我可以取消我的 AutoDelivery 订单吗？",
  "autodelivery_faq_3_answer" : "是的，您可以。要取消您的 AutoDelivery 订单，请登录您的门户，点击“订单”，然后点击“我的 AutoDelivery”。",
  "autodelivery_faq_4" : "我如何每月免费获得 AutoDelivery 服务？",
  "autodelivery_faq_4_answer_1" : "您必须使用 AutoDelivery 且至少有 50 SV（销售量）",
  "autodelivery_faq_4_answer_2" : "在过去 30 天内，您必须有 2 位个人赞助客户使用 AutoDelivery 服务，并且订单产生 50 SV 或更多。",
  "autodelivery_faq_4_answer_3" : "您现在有资格获得免费产品！",
  "autodelivery_faq_4_answer_4" : "满足所有条件后，QuiAri 的系统会审核您客户在过去 30 天内产生 50 SV 或更多 SV 的 AutoDelivery 订单，并取其总数的平均值。结果就是您将获得的产品积分。请注意，积分总额不能超过 118.80 美元，并且不适用运费、关税、增值税或任何适用的国际产品费用。",
  "autodelivery_faq_5" : "我可以更改日期或取消我的 AutoDelivery 订单吗？",
  "autodelivery_faq_5_answer" : "是的，您可以。要更改日期或取消您的 AutoDelivery 订单，请登录您的门户，点击“订单”，然后点击“我的 AutoDelivery”。",
  "autodelivery_faq_6" : "预付费 AutoDelivery 如何运作？",
  "autodelivery_faq_6_answer" : "转到导航栏中的“订单”，然后选择“我的 AutoDelivery”。 您可以选择提前 3、6 或 9 个月预付 AutoDelivery 费用，最多可节省总产品订单的 12%。今天将处理您的预付费 AutoDelivery 服务，并向您的信用卡或借记卡收取每月服务费用。自设置预付费 AutoDelivery 之日起，超过我们的 30 天退货政策后，预付费 AutoDelivery 将不符合退货或退款条件。您每月的预付费 AutoDelivery 数量将每 30 天循环一次，直到您的 AutoDelivery 到期。请注意，您还必须提前 3、6 或 9 个月预付产品费用才能获得预付费 AutoDelivery 服务。当需要续订预付费 AutoDelivery 时，您将收到一封电子邮件。请注意，预付费 AutoDelivery 不会自动续订。您必须通过门户网站（导航栏中的“订购”）并重复注册预付费 AutoDelivery 的过程。",
  "autodelivery_faq_7" : "预付费 AutoDelivery 可以退款吗？处理后我可以进行任何更改吗？",
  "autodelivery_faq_7_answer" : "预付费 AutoDelivery 服务不可退款。根据我们的标准 30 天退货政策，您的产品可以退货。一旦您的预付费 AutoDelivery 处理完毕，您的订单、期限或 AutoDelivery 日期将无法更改。",
  "autodelivery_header_1" : "您的下一次 AutoDelivery 安排在",
  "autodelivery_header_2" : "如果您想取消 AutoDelivery，请联系支持人员或单击“取消 AutoDelivery”按钮。",
  "autodelivery_modify_payment_description" : null,
  "autodelivery_totals" : null,
  "back_to_shipping" : "返回送货",
  "bag" : "包 | 包",
  "basic_pack_description" : "包括：1 盒 Prime Gel，1 集装袋 Shake（巧克力或香草口味），1 瓶 Energy",
  "become_a_promoter" : "成为促销员",
  "billing_address" : "帐单地址",
  "billing_email_address" : "帐单电子邮件地址",
  "binary_leg" : "二元分支",
  "binary_placement_options" : "二元放置选项",
  "binary_placement_update_description" : "您的默认二元展示位置已更新为 {placement}。任何新注册的促销员都将根据此新设置进行排名。",
  "binary_placement_updated" : "二元放置已更新",
  "bonus_product" : "{num} {month} 的奖励产品",
  "bonus_product_body" : "好消息 – 您的奖励产品优惠券* 将可在首次购买后 30 天内在此兑换。您将收到的优惠券数量取决于您购买的促销员套餐。如有任何疑问，请联系 ",
  "bonus_product_disclaimer" : "*一张优惠券 = 1 个月的 QuiAri Shake 和 QuiAri Energy 用量，每月只能使用一张优惠券。兑换时可支付额外费用选择单份装选项。价格不包括运费、关税、增值税或任何适用的国际产品进口费用。",
  "bonus_product_title" : "奖励产品",
  "bonus_product_voucher" : "奖励产品优惠券",
  "bonuses" : "奖励",
  "both" : "两者",
  "bottle" : "瓶 | 瓶",
  "bug_report" : "错误报告",
  "builder_pack_description" : "包括：4 盒 Prime Gel，4 集装袋 Shake（巧克力或香草口味），4 瓶 Energy",
  "business_name" : "企业名称/被忽略的实体名称",
  "cancel" : "取消",
  "capped" : "封顶",
  "card_number" : "卡号",
  "carrier" : "承运人",
  "carrier_tracking_number" : "承运人追踪号码",
  "change_password" : "更改密码",
  "change_primary_address" : "Change Primary Address",
  "change_product_selection" : "更改产品选择",
  "checkout" : "结账",
  "checkout_autodelivery_discount" : "AutoDelivery 折扣",
  "checkout_estimated_shipping_and_handling" : "送货和处理",
  "checkout_review_order" : "查看订单",
  "checkout_shipping_estimate" : "（请允许 {min}-{max} 个工作日送达）",
  "checkout_tax" : "税",
  "chocolate" : "巧克力",
  "choose_individual_products" : "选择个别产品",
  "choose_option_below" : "选择下面的选项",
  "choose_package_items_total" : "（选择总计{金额}）",
  "choose_products" : null,
  "city" : "城市",
  "click_link_for_schedule" : "单击时间表的链接。",
  "click_to_download" : "点击下载",
  "close" : "关闭",
  "commission" : "佣金",
  "commission_history" : "佣金历史记录",
  "commission_rank" : "佣金等级",
  "commission_rank_history" : "佣金等级历史记录",
  "commissions" : "佣金",
  "commissions_faq_1" : "什么是 Team Commissions？",
  "commissions_faq_10" : "我如何赚取 Fast Start Bonus？",
  "commissions_faq_10_answer_1" : "对于任何个人赞助的促销员的初始产品包订单，促销员均可获得高达 200 美元的 Fast Start Bonus：\n",
  "commissions_faq_10_answer_2" : "1 Pack - 20 美元",
  "commissions_faq_10_answer_3" : "2 Pack - 40 美元",
  "commissions_faq_10_answer_4" : "4 Pack - 80 美元",
  "commissions_faq_10_answer_5" : "10 Pack - 200 美元",
  "commissions_faq_10_answer_6" : "QuiAri Shake（28 天）- 7.50 美元",
  "commissions_faq_10_answer_7" : "QuiAri Shake（14 天）- 3.75 美元",
  "commissions_faq_10_answer_8" : "QuiAri Energy - 3.75 美元",
  "commissions_faq_10_answer_9" : "5 天采样器 - 1.50 美元",
  "commissions_faq_11" : "我如何赚取 Matching Bonus？",
  "commissions_faq_11_answer" : "随着您的等级提升，QuiAri 会奖励您 Matching Bonus，用于培训和发展您的团队。根据您的认可等级，您可以赚取高达 80% 的个人赞助系列 1-7 级 Team Commissions。",
  "commissions_faq_12" : "我如何赚取 Lifestyle Bonus？",
  "commissions_faq_12_answer_1" : "您必须符合资格，并且根据您在过去 30 天内的佣金等级来奖励。对于 Hero - Legend 等级，我们会在每个月的第一天查看您的 Group Sales Volume，并在 15 号支付。对于 Diamond - Purple Diamond 等级，我们评估前 2 个月的等级。",
  "commissions_faq_12_answer_2" : "Hero：500 美元",
  "commissions_faq_12_answer_3" : "Legend：1,000 美元",
  "commissions_faq_12_answer_4" : "Diamond：1,500 美元",
  "commissions_faq_12_answer_5" : "Green Diamond：2,500 美元",
  "commissions_faq_12_answer_6" : "Purple Diamond：5,000 美元",
  "commissions_faq_12_answer_7" : "Grand Purple Diamond: $6,000 USD",
  "commissions_faq_12_answer_8" : "Crown Purple Diamond: $7,500 USD",
  "commissions_faq_13" : "我如何赚取 Speed Bonus？",
  "commissions_faq_13_answer_1" : "仅包含 Shake 和 Energy 套装",
  "commissions_faq_13_answer_10" : "产品包装",
  "commissions_faq_13_answer_11" : "8 Pack：60 天赚取无限 Speed Bonus",
  "commissions_faq_13_answer_12" : "4 Pack：30 天赚取无限 Speed Bonus",
  "commissions_faq_13_answer_13" : "2 Pack：14 天赚取无限 Speed Bonus",
  "commissions_faq_13_answer_2" : "创始人包：90 天赚取无限 Speed Bonus",
  "commissions_faq_13_answer_3" : "4 Pack：60 天赚取无限 Speed Bonus",
  "commissions_faq_13_answer_4" : "2 Pack：30 天赚取无限 Speed Bonus",
  "commissions_faq_13_answer_5" : "1 Pack：14 天赚取无限 Speed Bonus",
  "commissions_faq_13_answer_6" : "仅包含 Gel 包",
  "commissions_faq_13_answer_7" : "建造者包：60 天赚取无限 Speed Bonus",
  "commissions_faq_13_answer_8" : "标准包：30 天赚取无限 Speed Bonus",
  "commissions_faq_13_answer_9" : "基本包：14 天赚取无限 Speed Bonus",
  "commissions_faq_14" : "我如何赚取 Cycle Bonus？",
  "commissions_faq_14_answer_1" : "当您累积 Group Sales Volume (GSV) 时，您将循环并为您的左分支和右分支每匹配 100 个 GSV 赚取 Team Commission，直至达到无限级别。您的等级决定了您将循环的数量：",
  "commissions_faq_14_answer_10" : "Diamond：17.50 美元",
  "commissions_faq_14_answer_11" : "Green Diamond：17.50 美元",
  "commissions_faq_14_answer_12" : "Purple Diamond：20 美元",
  "commissions_faq_14_answer_13" : "Grand Purple Diamond: $20 USD",
  "commissions_faq_14_answer_14" : "Crown Purple Diamond: $20 USD",
  "commissions_faq_14_answer_2" : "Star：10 美元",
  "commissions_faq_14_answer_3" : "Rising Star：10 美元",
  "commissions_faq_14_answer_4" : "Shooting Star：12.50 美元",
  "commissions_faq_14_answer_5" : "Rock Star：12.50 美元",
  "commissions_faq_14_answer_6" : "Super Star：12.50 美元",
  "commissions_faq_14_answer_7" : "Champion：15 美元",
  "commissions_faq_14_answer_8" : "Hero：15 美元",
  "commissions_faq_14_answer_9" : "Legend：17.50 美元",
  "commissions_faq_15" : "如果我不符合资格，我的佣金会怎样？",
  "commissions_faq_16" : "Sales Volume (SV) 是否会被清空？",
  "commissions_faq_16_answer_1" : "是的，您的 Sales Volume 将在 60 天不活动后被清空。您可以通过为自己购买产品或向满足 25 个 Personal Sales Volume (PSV) 最低要求的客户销售产品来保持活跃状态。",
  "commissions_faq_16_answer_2" : "要保持活跃，您每月必须产生至少 25 个 Personal Sales Volume。",
  "commissions_faq_17" : "我如何赚取 Rank Advancement Bonus？",
  "commissions_faq_17_answer_1" : "每当您晋级（Rising Star 及以上）时，即可获得一次性奖金。对于 Champion 到 Legend，您必须连续保持 2 个月才有资格。对于 Green Diamond 和 Purple Diamond，您必须连续保持 3 个月。",
  "commissions_faq_17_answer_10" : "Green Diamond：12,500 美元",
  "commissions_faq_17_answer_11" : "Purple Diamond：25,000 美元",
  "commissions_faq_17_answer_12" : "Grand Purple Diamond: $27,500 USD",
  "commissions_faq_17_answer_13" : "Crown Purple Diamond: $30,000 USD",
  "commissions_faq_17_answer_2" : "Rising Star：50 美元",
  "commissions_faq_17_answer_3" : "Shooting Star：100 美元",
  "commissions_faq_17_answer_4" : "Rock Star：250 美元",
  "commissions_faq_17_answer_5" : "Super Star：500 美元",
  "commissions_faq_17_answer_6" : "Champion：1,250 美元",
  "commissions_faq_17_answer_7" : "Hero：2,500 美元",
  "commissions_faq_17_answer_8" : "Legend：5,000 美元",
  "commissions_faq_17_answer_9" : "Diamond：7,500 美元",
  "commissions_faq_18" : "我如何赚取 Customer Bonus？",
  "commissions_faq_18_answer" : "Customer Bonus 是根据所有个人赞助客户初始订单和重新订单的 Sales Volume (SV) 的 20% 计算的。",
  "commissions_faq_19" : "客户会进入谱系树吗？",
  "commissions_faq_19_answer" : "不，它们不会放置在树中。",
  "commissions_faq_1_answer" : "Team Commissions 是 QuiAri 薪酬计划的一个重要方面，是根据二叉树计算的，二叉树有两条分支：左分支和右分支。您将根据在二叉树中成功构建 Group Sales Volume (GSV) 获得薪酬。",
  "commissions_faq_2" : "Team Commissions 如何计算？",
  "commissions_faq_20" : "客户的 Sales Volume (SV) 是否会进入谱系树？",
  "commissions_faq_20_answer" : "会。一旦系统确定您处于活跃状态且至少有 75 个 PSV (Personal Sales Volume)，则与客户购买相关的 Sales Volume 将根据您在 QuiAri 门户网站中的二元设置（左、右、自动）进行排列。这将使您能够从个人赞助客户那里获得最多的 Team Commissions。",
  "commissions_faq_2_answer_1" : "每个产品包都有一个点值，称为 Sales Volume。每次在您的组织内销售产品时，都会产生整个上线的 Sales Volume。",
  "commissions_faq_2_answer_2" : "随着这些积分的积累，您将获得 Team Commissions。每次促销员的左右分支累积 100 个 SV 时，就会进行循环。",
  "commissions_faq_2_answer_3" : "任何未付的 Group Sales Volume 均会结转。",
  "commissions_faq_3" : "我如何有资格获得 Team Commissions？",
  "commissions_faq_3_answer" : "要获得资格，您的左右分支必须至少有一名个人赞助促销员，且每个月至少有 25 个 PSV 处于活跃状态。Rock Star 及以上级别为 75 PSV。",
  "commissions_faq_4" : "我自己的购买是否会计入我的佣金资格？",
  "commissions_faq_4_answer" : "您的个人购买计入成为活跃促销员，但您还必须个人赞助左右分支上的 2 位活跃促销员，才能获得赚取佣金的资格。",
  "commissions_faq_5" : "我可以通过 QuiAri 薪酬计划赚多少钱？",
  "commissions_faq_5_answer" : "请注意，QuiAri 的商业机会提供了无限的收入潜力。但是 QuiAri 不保证财务上的成功。QuiAri 的成功只能来自成功的销售工作，这需要您的努力工作、勤勉、技能、毅力、能力和领导力。您的收入将取决于您如何运用这些品质。",
  "commissions_faq_6" : "我的每月 Team Commissions 收入潜力是否有上限？",
  "commissions_faq_6_answer_1" : "Champion：5,000 美元/周",
  "commissions_faq_6_answer_2" : "Hero：10,000 美元/周",
  "commissions_faq_6_answer_3" : "Legend：15,000 美元/周",
  "commissions_faq_6_answer_4" : "Diamond：20,000 美元/周",
  "commissions_faq_6_answer_5" : "Green Diamond：25,000 美元/周",
  "commissions_faq_6_answer_6" : "Purple Diamond：50,000 美元/周",
  "commissions_faq_6_answer_7" : "Grand Purple Diamond: $50,000 USD/week",
  "commissions_faq_6_answer_8" : "Crown Purple Diamond: $50,000 USD/week",
  "commissions_faq_6_comp_plan" : "详情请参阅 QuiAri 的薪酬计划",
  "commissions_faq_7" : "与每个产品包和产品相关的 Sales Volume (SV) 是多少",
  "commissions_faq_7_answer_1" : "Shake 和 Energy 包",
  "commissions_faq_7_answer_10" : "创始人包：600 SV",
  "commissions_faq_7_answer_11" : "建造者包：400 SV",
  "commissions_faq_7_answer_12" : "标准包：200 SV",
  "commissions_faq_7_answer_13" : "基本包：100 SV",
  "commissions_faq_7_answer_14" : "仅包含 Gel 包",
  "commissions_faq_7_answer_15" : "8 Pack：360 SV",
  "commissions_faq_7_answer_16" : "4 Pack：180 SV",
  "commissions_faq_7_answer_17" : "2 Pack：90 SV",
  "commissions_faq_7_answer_18" : "构建您自己的包",
  "commissions_faq_7_answer_19" : "Shake 袋：50 SV",
  "commissions_faq_7_answer_2" : "QuiAri Shake：50 SV",
  "commissions_faq_7_answer_20" : "Prime Gel 盒：45 SV",
  "commissions_faq_7_answer_21" : "Energy 瓶：25 SV",
  "commissions_faq_7_answer_3" : "QuiAri Energy：25 SV",
  "commissions_faq_7_answer_4" : "5 天采样器：10 SV",
  "commissions_faq_7_answer_5" : "促销员产品套餐（仅限一次性购买）",
  "commissions_faq_7_answer_6" : "1 Pack - 75 SV",
  "commissions_faq_7_answer_7" : "2 Pack - 150 SV",
  "commissions_faq_7_answer_8" : "4 Pack - 300 SV",
  "commissions_faq_7_answer_9" : "7 Pack - 500 SV",
  "commissions_faq_8" : "如何收集 Sales Volume？",
  "commissions_faq_8_answer" : "要收集 Sales Volume，您必须每月生成至少 25 PSV 来保持活跃状态。对于 Rock Star 及以上级别，您必须至少产成 75 PSV。",
  "comp_plan" : "薪酬计划",
  "company_name" : "公司名称",
  "compensation_plan" : "薪酬计划",
  "confirm" : "确认",
  "confirm_new_password" : "确认新密码",
  "confirm_password" : "确认密码",
  "contact_us" : "联系我们",
  "copied" : "已复制",
  "copied_successfully" : "复制成功！",
  "copy_link" : "复制链接",
  "copy_video_url" : "复制视频网址",
  "corporate_announcements" : "公司公告",
  "cost" : "成本",
  "country" : "国家",
  "current_commission_rank" : "当前佣金等级",
  "current_password" : "当前密码",
  "currently_have_no_customers" : "您目前没有客户",
  "customer_id" : "客户 ID",
  "customer_info_1" : "全球各地的人们都喜欢 QuiAri 产品，并体验到其带给生活的巨大改善！这些人还通过推广 QuiAri 产品获得报酬，并在每次销售后立即获得报酬。加入全球增长最快的排名第一的家庭商业机会。",
  "customer_info_2" : "作为 QuiAri 促销员，有许多不同的方式可以获得兼职或全职收入以及免费产品。",
  "cycle" : "循环",
  "dashboard" : "仪表板",
  "dashboard_business_app" : "QuiAri 商业应用程序",
  "dashboard_business_app_description" : "立即下载以跟踪您的收入、注册客户和潜在客户、购买产品、了解 QuiAri 的最新消息以及随时随地管理您的业务",
  "dashboard_business_opportunity" : "QuiAri 商机演示",
  "dashboard_business_opportunity_info" : "引导团队中的人员观看商机演示。查看社交媒体 {'@'}QuiAriOfficial 或您的电子邮件以获取演示时间表。",
  "dashboard_current_month" : "当月",
  "dashboard_download_now" : "立即下载",
  "dashboard_follow_social_media" : "在社交媒体上关注我们",
  "dashboard_get_paid_in_5" : "分享您的 {0} 页面以鼓动、激励和发展您的团队！",
  "dashboard_getting_started" : "现在就开始",
  "dashboard_live_feed" : "即时动态",
  "dashboard_my_commissions" : "我的佣金",
  "dashboard_my_qualifications" : "我的资格",
  "dashboard_purple_diamond_guide" : "了解如何遵循我们简单易行的 {0} 以达到最高等级，该指引将教您如何比以往更快地复制您的团队和提升等级。",
  "dashboard_qualified" : "合格",
  "dashboard_recent_orders" : "最近的订单",
  "dashboard_self_replicated_site" : "自复制网站：",
  "dashboard_share_your_story" : "分享您的故事",
  "dashboard_stay_plugged_in" : "与时俱进的方法：",
  "dashboard_steps" : "遵循以下简单步骤了解如何：",
  "dashboard_steps_1" : "为成功重塑您的心态",
  "dashboard_steps_2" : "掌握邀请问题",
  "dashboard_steps_3" : "在您的团队中创造一种复制文化",
  "dashboard_steps_4" : "永远都不要停止找人交谈",
  "dashboard_steps_5" : "管理您的时间",
  "dashboard_steps_6" : "正确开始！",
  "dashboard_testimonial" : " 我们想听到您的声音！",
  "dashboard_testimonial_description" : "机会或产品是否改变了您的生活？分享您的故事，就有机会在我们的实时动态和社交媒体上展示！",
  "dashboard_year_to_date" : "今年迄今为止",
  "date" : "日期",
  "date_earned" : "获得日期",
  "date_joined" : "加入日期",
  "ddu_disclaimer" : "价格不包括交货时可能评估计算的税费和关税。",
  "delete" : "删除",
  "disclaimers" : "免责声明",
  "discount" : null,
  "district" : "区域",
  "documents" : "文件",
  "download" : "下载",
  "earned_on" : "赚取于",
  "edit" : "编辑",
  "edit_address" : "编辑地址",
  "email_address" : "电子邮件地址",
  "email_address_or_member_id" : "Email Address or Member ID",
  "email_receipt" : "电子邮件收据",
  "emails" : "电子邮件",
  "employer_identification_number" : "雇主识别号",
  "empty_cart" : "空购物车",
  "ending_with" : "结尾为",
  "energy_bottle_description" : "包括：1 瓶 Energy（60 份）",
  "energy_single_serve_description" : "包括：1 袋 Energy（60 份）",
  "enter_login_details" : "Enter your details below to log in",
  "error" : "错误",
  "estimated_shipping_and_handling" : "预计送货和处理",
  "event_description" : "活动说明",
  "ewallet_account" : "电子钱包账户信息",
  "ewallet_notice" : "为了设置您的电子钱包帐户，您必须填写以下表格：{0}",
  "ewallet_setup_notice" : "您的电子钱包帐户将在您赚取第一笔佣金后 5 个工作日自动创建。此一次性过程为您提供最高级别的安全保障。一旦您的帐户被激活，您将能够享受 Same Day Pay 提供的所有非凡福利！",
  "exempt_payee_code" : "豁免收款人代码（如有）",
  "exemption_from_fatca_reporting_code" : "FATCA 报告代码豁免（如有）",
  "exemptions" : "豁免",
  "existing_monthly_autodelivery" : "您的帐户当前已启用每月 AutoDelivery 服务。在取消 AutoDelivery 之前，您无法设置预付费 AutoDelivery。",
  "existing_prepaid_autodelivery" : "您已经有一个使用中的预付费 AutoDelivery。您目前无法设置 AutoDelivery。",
  "expiration" : "到期",
  "expiration_month" : "到期月份",
  "expiration_year" : "到期年份",
  "expired_on" : "过期日期",
  "expires" : "过期",
  "extend_prepaid_autodelivery" : null,
  "faqs" : "常见问题解答",
  "fast_start" : "Fast Start",
  "fast_start_bonus" : "Fast Start Bonus",
  "fda_notice" : "这些表述未经过食品药品监督管理局的评估。这些产品不用于诊断、治疗、治愈或预防任何疾病。",
  "feature_request" : "功能请求",
  "federal_tax" : "联邦税",
  "federal_tax_classification" : "联邦税收分类",
  "feedback" : "反馈",
  "field_required" : "此字段为必填项",
  "first_name" : "名字",
  "fitness" : "健康",
  "forgot_password" : "忘记密码？",
  "founders_pack_description" : "包括：6 盒 Prime Gel，5 袋巧克力口味 Shake（单份），5 袋香草口味 Shake（单份），5 袋 Energy（单份）",
  "free" : "免费",
  "free_tour_marketing_system" : "免费旅游营销系统",
  "free_tour_subtitle" : "一年 365 天、每天 24/7 为您服务，并提供自定义登陆页面、个性化营销网站、实时报告和自动回复后续活动。分享下面的营销页面，以帮助产生潜在客户并快速启动您的业务。",
  "from" : "从",
  "gear_store" : "装配店铺",
  "genealogy" : "谱系",
  "general" : "通用",
  "general_faq_1" : "我是否必须购买产品才能参与 QuiAri 薪酬计划？",
  "general_faq_1_answer" : "个人购买不需要参与，但它们将帮助您获得活跃状态。",
  "general_faq_2" : "如何向我的团队添加新的促销员？",
  "general_faq_2_answer_1" : "潜在客户会自动分配到您团队的左分支或右分支，以最大限度地提高您的收入。如果您想更改它以便将潜在客户置于特定的分支中，您可以随时转到门户的谱系页面并选择“左”或“右”。",
  "general_faq_2_answer_2" : "您还可以选择通过单击“空缺职位”，轻松地在“谱系”页面上手动放置潜在客户。",
  "general_faq_3" : "如果我不小心将某人放在了我的下线中的错误位置，我可以将他们移动到正确的位置吗？",
  "general_faq_3_answer" : "当销售发生时，佣金会自动记入您和您的整个上线。因此，一旦注册完成，促销员的职位就无法移动或更改。在继续之前，请确保您的赞助人和展示位置选择准确无误。",
  "general_faq_4" : "我的 QuiAri 协议的条款是什么？",
  "general_faq_4_answer" : "QuiAri 协议的期限为自注册之日起一年。如果促销员不取消，他或她的业务将自动续订。",
  "general_faq_5" : "促销员和客户有什么区别？",
  "general_faq_5_answer" : "客户是购买 QuiAri 产品的个人。促销员是参与 QuiAri 薪酬计划的个人。",
  "general_faq_6" : "如果我不想再成为促销员怎么办？",
  "general_faq_6_answer" : "您可以联系 {email} 来停用您的促销员帐户。我们的团队将帮助您切换到 QuiAri 客户帐户，以便您可以继续订购产品并接收更新。",
  "general_faq_7" : "如何免费获得我的产品？",
  "general_faq_7_answer" : "以下是如何获得“推荐 2 位即可免费？”的资格。 • 您必须使用自动交付且至少有 50 个 SV (Sales Volume)。 • 在过去 30 天内，您必须有 2 位个人赞助客户使用自动交付且订单产生 50 个 SV 或更多。 • 您现在有资格获得免费产品！满足所有条件后，QuiAri 的系统会审核您客户在过去 30 天内产生 50 SV 或更多 SV 的 AutoDelivery 订单，并取其总数的平均值。结果就是您将获得的产品积分。请注意，积分总额不能超过 118.80 美元，并且不适用运费、关税、增值税或任何适用的国际产品费用。",
  "general_inquiry" : "一般查询",
  "generated_between" : "生成期间",
  "generated_on" : "生成于",
  "get_social" : "社交互动",
  "get_social_info" : "通过在社交媒体上关注我们并每天分享我们的帖子，告诉全世界您对 QuiAri 的热爱。",
  "grand_total" : "合计",
  "health_and_fitness" : "健康与健身",
  "hyperwallet_e_wallet" : "Hyperwallet 电子钱包",
  "hyperwallet_faq_1" : "什么是 Hyperwallet® 电子钱包？",
  "hyperwallet_faq_10" : "我可以使用 Hyperwallet® 电子钱包直接从佣金中支付 AutoDelivery 费用吗？",
  "hyperwallet_faq_10_answer" : "可以。您可以通过在“我的帐户”中选择 Hyperwallet® 电子钱包作为主要付款方式来支付 AutoDelivery 费用。",
  "hyperwallet_faq_11" : "如果我丢失或忘记了 Hyperwallet® 电子钱包密码，如何找回密码？",
  "hyperwallet_faq_11_answer_1" : "要找回密码，请转至 {0}，点击“忘记密码”，然后输入您在激活帐户时向 QuiAri 提供的电子邮件地址。",
  "hyperwallet_faq_11_answer_2" : "有关 Hyperwallet® 电子钱包账户的问题，请拨打 1.604.638.6657 或美国免费电话 1.877.546.8220（周一至周五，上午 8 点至晚上 8 点（太平洋时间），周六至周日上午 8 点至下午 5 点（太平洋时间））联系 Hyperwallet®。您还可以使用 Hyperwallet® 支持网站上的 {0} 表单向其发送电子邮件。",
  "hyperwallet_faq_1_answer" : "Hyperwallet® 电子钱包是一个全球支付系统，发起人几乎可以在世界任何地方每天 24 小时在线接收、访问和管理佣金。",
  "hyperwallet_faq_2" : "QuiAri 为什么使用 Hyperwallet® 电子钱包来支付佣金？",
  "hyperwallet_faq_2_answer" : "确保我们各地的促销员以快速、简单、高效的方式获得佣金是首要任务。",
  "hyperwallet_faq_3" : "如何开设 Hyperwallet® 电子钱包账户？",
  "hyperwallet_faq_3_answer" : "赚取第一笔佣金后，您必须填写门户网站中佣金页面上注明的必填信息。填写完必填信息后，您的 Hyperwallet® 电子钱包帐户将在 5 个工作日内自动创建。然后，您将收到一封来自 QuiAri 的确认电子邮件，以及一封来自 Hyperwallet® 的电子邮件，告诉您如何激活您的帐户。所有赚取的佣金将立即存入您的 Hyperwallet® 电子钱包账户。请注意：每月需支付 3.30 美元的小额费用。",
  "hyperwallet_faq_4" : "如何从我的 Hyperwallet® 电子钱包账户提取佣金？",
  "hyperwallet_faq_4_answer" : "通过 Hyperwallet® 电子钱包账户，佣金可以直接存入您的银行账户、电汇或根据要求并视可用情况存入 QuiAri 品牌的 Visa® 借记卡。",
  "hyperwallet_faq_5" : "我可以通过我的 Hyperwallet® 电子钱包账户获得 QuiAri 品牌的 Visa® 借记卡吗？",
  "hyperwallet_faq_5_answer" : "是的，您可以！QuiAri 品牌的 Visa® 借记卡可在超过 185 个国家/地区使用，只要接受 Visa®，您就可以直接从 Hyperwallet® 电子钱包账户中的佣金进行支付！",
  "hyperwallet_faq_6" : "如何订购 QuiAri 品牌的 Visa® 借记卡？",
  "hyperwallet_faq_6_answer" : "一旦您赚取了佣金并设置了 Hyperwallet® 电子钱包账户，您就有资格订购 QuiAri 品牌的 Visa® 借记卡。该卡在全球许多国家/地区发售，价格仅为 10 美元。",
  "hyperwallet_faq_7" : "我可以使用 Hyperwallet® 电子钱包进行电汇吗？",
  "hyperwallet_faq_7_answer" : "是的，您可以将佣金中的资金电汇到世界上几乎任何地方。超过 215 个国家/地区支持电汇。",
  "hyperwallet_faq_8" : "赚取的佣金需要支付手续费吗？",
  "hyperwallet_faq_8_answer" : "每次将佣金存入您的 Hyperwallet® 电子钱包账户时，都会扣除 0.40 美元的小额费用。",
  "hyperwallet_faq_9" : "Hyperwallet® 电子钱包是否支持直接存入我的银行账户？",
  "hyperwallet_faq_9_answer" : "支持。目前近 50 个国家/地区支持直接存款。",
  "i_agree" : "我同意",
  "if_diferent_from_above" : "如果与上面不同",
  "in_transit" : "在途",
  "inbox" : "收件箱",
  "income_disclosure_statement" : "收入披露声明",
  "individual_items" : "个别项目",
  "interior_number" : "Interior number (floor, suite, building)",
  "international_product_import_fee" : "国际产品进口费用",
  "international_promoters" : "国际促销员",
  "international_w9_fields_error" : "尝试更新您的帐户时发生错误，请联系支持人员。",
  "international_w9_fields_info" : "填写以下字段以设置您的电子钱包帐户信息。",
  "invalid_card" : "无效卡",
  "items" : "项目",
  "its_go_time_video" : "It's Go Time 视频",
  "join_date" : "加入日期",
  "join_url" : "加入网址",
  "joined_on" : "加入于",
  "language" : "语言",
  "language_settings" : "语言设置",
  "larger_orders_description" : "对于较大订单，请发送电子邮件至 {0}",
  "last_name" : "姓氏",
  "launch_plan" : "10-4-2 启动计划",
  "launch_plan_info" : "了解将您的 QuiAri 业务发展到从未想象的水平的重要步骤。",
  "lead_capture_link" : "潜在客户捕获页面链接",
  "left" : "左边",
  "left_bottom" : "左下角",
  "left_leg" : "左分支",
  "left_placement_description" : "如果选择左侧放置选项，所有个人赞助的促销员将被置于左分支底部外侧的下一个可用位置。",
  "leg_count" : "分支数",
  "legal" : "合法",
  "lesser_leg_volume" : "Lesser Leg Volume",
  "lesser_volume_leg" : "Lesser Volume Leg",
  "lifestyle" : "Lifestyle",
  "lifestyle_bonus" : "Lifestyle Bonus",
  "limit_product" : "每个订单限制 {amount} 件商品",
  "list_account_numbers" : "列出帐号",
  "live_opp_pres_english" : "东部时间周二上午 11 点、晚上 8 点\n东部时间星期四晚上 8 点\n东部时间周六上午 11 点\n东部时间周日晚 8 点",
  "live_opp_pres_french" : "美国东部标准时间周一、周三、周五下午 3 点",
  "live_opp_pres_german" : "美国东部标准时间周二和周四下午 2 点",
  "live_opp_pres_hindi" : "美国东部标准时间周一、周二、周四、周五、周六上午 10 点",
  "live_opp_pres_kannada" : "周一、周三、周五上午 11:30（美国东部标准时间）/晚上 9:30（美国标准时间）",
  "live_opp_pres_south_africa" : "星期四\n美国东部时间下午 1:00",
  "live_opp_pres_spanish" : "星期一、星期三和星期五\n东部时间上午 10 点\n东部时间晚上 10 点",
  "live_opp_pres_vietnamese" : "美国东部标准时间周一和周三上午 8:30",
  "live_opportunity_presentations" : "邀请潜在客户参加我们每天以多种语言进行的商机演示直播。",
  "live_opportunity_presentations_title" : "商机演示直播",
  "live_presentation_schedules" : "演示直播时间表",
  "live_purple_diamond_english" : "美国东部标准时间周二晚上 8:30 周六下午 3 点（美国东部标准时间）",
  "live_purple_diamond_french" : "美国东部标准时间周六下午 1 点",
  "live_purple_diamond_guide_training_title" : "Purple Diamond 指南培训直播",
  "live_purple_diamond_guide_trainings" : "邀请促销员参加我们每天以多种语言进行的 Purple Diamond 指南培训直播。",
  "live_purple_diamond_hindi" : "美国东部标准时间周三上午 10 点",
  "live_purple_diamond_spanish" : "美国东部标准时间周六中午 12:30 美国东部标准时间周二中午 12 点",
  "live_purple_diamond_vietnamese" : "美国东部标准时间周五上午 8:30",
  "llc_c_corporation" : "C 公司",
  "llc_proprietary" : "所有权",
  "llc_s_corporation" : "S 公司",
  "llc_tax_classification" : "有限责任公司税务分类",
  "location" : "地点",
  "log_out" : "登出",
  "login" : "登录",
  "love" : "LOVE",
  "mailing_address" : "邮寄地址",
  "make_this_my_default_address" : "将此设为我的默认地址",
  "make_this_my_default_payment_method" : "将此设为我的默认付款方式",
  "manage_autodelivery" : "管理 AutoDelivery",
  "maqui" : "马基莓",
  "matching_bonus" : "Matching Bonus",
  "medical_and_drug_claims" : "QuiAri 医疗和药物索赔",
  "member_id" : "会员 ID",
  "message" : "消息",
  "mobile" : "移动通知",
  "month" : "月 | 月",
  "my_account" : "我的账户",
  "my_addresses" : "我的地址",
  "my_autodelivery" : "我的 AutoDelivery",
  "my_cart" : "我的购物车",
  "my_customers" : "我的客户",
  "my_notifications" : "我的通知",
  "my_order" : "我的订单",
  "my_payment_methods" : "我的付款方式",
  "my_profile" : "我的个人资料",
  "my_promoter" : "我的促销员",
  "my_promoters" : "我的促销员",
  "my_ranks" : "我的等级",
  "my_shipping_addresses" : "我的送货地址",
  "my_team" : "我的团队",
  "my_vouchers" : "我的优惠券",
  "name" : "姓名",
  "name_on_card" : "卡片上的名字",
  "need_help" : null,
  "new" : "新",
  "new_message" : "新消息",
  "new_password" : "新密码",
  "next" : "下一个",
  "no" : "否",
  "no_autodelivery" : "没有 AutoDelivery",
  "no_commission_during_this_period" : "在此期间您没有获得任何佣金等级。",
  "no_commissions_earned" : "您尚未赚取任何佣金。",
  "no_payment_method_selected" : "未选择付款方式",
  "no_ranks_earned_during_this_period" : "在此期间没有获得等级",
  "no_recognition_ranks_during_this_period" : "在此期间您尚未获得任何认可等级。",
  "no_shipping_address_selected" : "未选择送货地址",
  "no_tracking_information_available" : "没有可用的跟踪信息",
  "no_volume_earned_during_this_period" : "在此期间没有赚取任何金额",
  "non_qualified" : "不合格",
  "not_applicable" : "不适用",
  "notification_preferences" : "通知首选项",
  "notifications_autodelivery_emails" : "接收 Auto-delivery 更新电子邮件",
  "notifications_rank_advancement_emails" : "接收 Rank Advancement 电子邮件",
  "notifications_user_joined_emails" : "接收客户/促销员加入的电子邮件",
  "num_months" : "{amount} 个月",
  "only_autodelivery" : "仅 AutoDelivery",
  "oops" : "糟糕！",
  "open" : "打开",
  "opportunity" : "商机",
  "opportunity_presentation" : "商机演示",
  "opportunity_presentation_speaker_notes" : "商机演示演讲者笔记",
  "optional" : "选填",
  "order_date" : "订购日期",
  "order_details" : "订单详细信息",
  "order_history" : "订单历史记录",
  "order_id" : "订单 ID",
  "order_now" : "立即下单",
  "order_num" : "订单号码",
  "order_number" : "订单 #{id}",
  "order_placed_on" : "置于 {date}",
  "order_summary" : "订单摘要",
  "order_tracking" : "订单跟踪",
  "ordering_shipping_and_returns" : "订购、送货和退货",
  "ordering_shipping_and_returns_faq_1" : "QuiAri 是否向世界各地送货？",
  "ordering_shipping_and_returns_faq_1_answer" : "千真万确。我们将把产品运送到世界上几乎任何地方。",
  "ordering_shipping_and_returns_faq_2" : "我什么时候可以收到我的 QuiAri 产品？",
  "ordering_shipping_and_returns_faq_2_answer" : "您的订单会在 1-2 个工作日内离开我们的仓库。我们在世界各地使用多家运输提供商，以确保您的产品尽可能及时送达。送货速度介于 3 至 10 个工作日。如果您对跟踪订单有任何疑问，请联系我们的支持团队：",
  "ordering_shipping_and_returns_faq_3" : "你们的退货政策是什么？",
  "ordering_shipping_and_returns_faq_3_answer_1" : "QuiAri 对出售给所有促销员和客户的产品提供自订单之日起 30 天的退货政策。对于未开封且处于可转售状态的产品，退款金额为原购买价格的 100% 减去 10% 的退货手续费。",
  "ordering_shipping_and_returns_faq_3_answer_2" : "对于已打开、部分使用或其他损坏的产品，我们将按照原购买价格的 50% 进行退款。任何退货均不会退还运输和装卸费用、税费和关税。请参阅我们的政策和程序，了解完整的退货政策详细信息。",
  "ordering_shipping_and_returns_faq_3_answer_3" : null,
  "ordering_shipping_and_returns_faq_4" : "QuiAri 允许换货吗？",
  "ordering_shipping_and_returns_faq_4_answer" : "我们不接受任何形式的换货。",
  "ordering_shipping_and_returns_faq_5" : "如果我的产品到达时已损坏怎么办？",
  "ordering_shipping_and_returns_faq_5_answer_1" : "运输公司对运输过程中发生的损坏负责。收到损坏货物的客户应遵循以下程序：",
  "ordering_shipping_and_returns_faq_5_answer_2" : "接受交付",
  "ordering_shipping_and_returns_faq_5_answer_3" : "记录损坏情况",
  "ordering_shipping_and_returns_faq_5_answer_4" : "向运输公司提出索赔",
  "ordering_shipping_and_returns_faq_5_answer_5" : "在 24 小时内通知 QuiAri 的支持部门 ({0})。",
  "ordering_shipping_and_returns_faq_6" : "QuiAri 的送货费率和时间是多少？",
  "ordering_shipping_and_returns_faq_6_answer" : "运输公司对运输过程中发生的损坏负责。收到损坏商品的促销员或顾客应遵循以下程序：",
  "orders" : "订单",
  "other" : "其他",
  "p65_site" : "www.P65Warnings.ca.gov",
  "packages" : "套餐",
  "paid_on" : "付费于",
  "password" : "密码",
  "password_updated" : "您的密码已更新！",
  "payment" : "支付",
  "payment_issue" : "您的付款方式有问题。",
  "payment_method" : "付款方式",
  "payment_method_instructions" : "输入以下信息以添加此付款方式。",
  "payment_method_required" : "付款方式为必填项",
  "payment_method_required_description" : "必须选择付款方式",
  "personally_sponsored_rank_history" : "个人赞助等级历史记录",
  "phone_number" : "电话号码",
  "placed_on" : "置于",
  "placing_order" : "下单……",
  "policies_and_procedures" : "政策与程序",
  "postal_code" : "邮政编码",
  "prepaid_autodelivery" : "预付费 AutoDelivery",
  "prepaid_autodelivery_description" : "预付费 AutoDelivery 是 QuiAri 的每月送货计划。与基于订阅的服务非常相似，预付费自动交付旨在为客户和促销员提供每月自动交付他们最喜欢的 QuiAri 产品的便利。这是一个好消息 – 预付费 AutoDelivery 每月还可为您节省 10%-12% 的额外费用。",
  "prepaid_months_remaining" : "剩余 {amount} 预付月数",
  "prepaid_no_refund_description" : null,
  "previous" : "以前",
  "previous_month_rank" : "上个月的等级",
  "price" : "价格",
  "primary" : "基本",
  "primary_address" : "Primary Address",
  "prime_gel_description" : "包括：1 盒 Prime Gel（30 份）",
  "prime_gel_only_packs" : "仅包含 Prime Gel 包",
  "priority_shipping" : "优先送货",
  "product" : "产品",
  "product_brochure" : "产品手册",
  "product_day_supply" : "{num} 日供应量",
  "product_launch_plan_booklet" : "10-4-2 启动计划（小册子）",
  "product_month_supply" : "{num} 月供应量",
  "product_pdfs" : "产品 PDF 手册",
  "products" : "产品",
  "products_faq_1" : "在哪里可以找到有关 QuiAri 产品的更多信息？",
  "products_faq_10" : "QuiAri Energy 能帮助我减肥吗？",
  "products_faq_10_answer_1" : "我们的独家成分协同作用，促进减肥并帮助提高能量。",
  "products_faq_10_answer_2" : "马基莓是新的排名第一的超级水果，其抗氧化剂含量比任何其他超级水果高出 5 倍。MaquiX® 是一种超浓缩有机提取物，可增强马基莓的天然功效。",
  "products_faq_10_answer_3_1" : "绿茶提取物",
  "products_faq_10_answer_3_2" : "绿茶提取物与健康饮食和运动相结合可以帮助减肥。",
  "products_faq_10_answer_4_1" : "能量混合物",
  "products_faq_10_answer_4_2" : "我们独特的能量混合物是生热减肥的关键，可帮助您燃烧卡路里和脂肪，实现高效减肥",
  "products_faq_11" : "我们的能量混合物中有什么？",
  "products_faq_11_answer_1" : "我们的能量混合物由多种成分组合提供动力，旨在让您的身体保持理想的脂肪燃烧模式。",
  "products_faq_11_answer_2_1" : "肉桂皮",
  "products_faq_11_answer_2_2" : "有助于消化健康并有助于减少炎症",
  "products_faq_11_answer_3_1" : "辣椒",
  "products_faq_11_answer_3_2" : "有助于促进新陈代谢、降低食欲和增进消化健康",
  "products_faq_11_answer_4_1" : "黑胡椒",
  "products_faq_11_answer_4_2" : "含有抗氧化剂，促进营养吸收",
  "products_faq_11_answer_5_1" : "姜根",
  "products_faq_11_answer_5_2" : "促进健康消化并帮助对抗炎症",
  "products_faq_12" : "QuiAri Energy 会给我提供多少能量？",
  "products_faq_12_answer" : "QuiAri Energy 是最好的清洁健康提神剂！在我们的绿咖啡豆提取物、MaquiX™ 和绿茶提取物的帮助下，QuiAri Energy 可提供 150 毫克天然能量，相当于一到两杯咖啡，让您全天保持持久耐力！",
  "products_faq_13" : "我可以获得多少份 QuiAri Energy？",
  "products_faq_13_answer" : "每瓶或每袋单份装可提供一个月的片剂供应量。",
  "products_faq_14" : "什么是马基莓？",
  "products_faq_14_answer" : "马基莓仅产于智利巴塔哥尼亚地区的原始山区，数百年来因其具有滋补、保健功效而闻名。马基莓的抗氧化能力比任何已知的超级水果高出 5 倍。",
  "products_faq_15" : "MaquiX™ 是什么？",
  "products_faq_15_answer" : "QuiAri 与世界顶级马基莓研究员合作创造了 MaquiX®，这是一种独特的超浓缩有机提取物，可将马基莓的功效提高 10 倍。",
  "products_faq_16" : "什么是 90-Day Kickstart Challenge？",
  "products_faq_16_answer_1" : "90-Day Kickstart Challenge 是一项改变生活方式的两步计划，可帮助您无论从外表还是感受上都有迅速的改善。",
  "products_faq_16_answer_2" : "第 1 步：早上第一件事就是享用美味的 QuiAri Shake",
  "products_faq_16_answer_3" : "第 2 步：服用我们的 QuiAri Energy 补充剂，获取战胜一天所有挑战所需的能量",
  "products_faq_16_answer_4" : "就这么简单！挑战完成。只需 90 天，您的健康和精力就会达到新的高度。",
  "products_faq_17" : "如果我有健康问题或正在服用药物，我可以使用 QuiAri 产品吗？",
  "products_faq_17_answer" : "如果您有健康问题或正在服用药物，请在使用 QuiAri 产品之前咨询您的医生。",
  "products_faq_18" : "在推广 QuiAri 时我可以对产品说些什么？",
  "products_faq_18_answer" : "请参阅 {0}",
  "products_faq_19" : "我可以在没有推荐促销员 ID 的情况下购买 QuiAri 产品吗？",
  "products_faq_19_answer" : "您需要推荐促销员 ID 才能购买产品。如果将您推荐给 QuiAri 的促销员没有向您提供他们的电话号码，请直接与他们联系。没有促销员 ID？请联系 {0} 以获取订单方面的帮助。",
  "products_faq_1_answer" : "有关所有 QuiAri 产品的详细信息，请参阅我们的{0}。",
  "products_faq_2" : "我应该什么时候喝 QuiAri Shake？",
  "products_faq_20" : "如果我非常喜欢 QuiAri 产品并且想成为 QuiAri 促销员怎么办？",
  "products_faq_20_answer" : "成为促销员很容易。只需在您的客户门户网站上免费注册即可。您将立即收到开始建立 QuiAri 业务所需的一切：自我复制营销网站、门户网站、移动应用程序等。",
  "products_faq_21" : "我如何使用产品？",
  "products_faq_21_answer_1" : "第 1 步：早上第一件事就是享用美味的 QuiAri Shake",
  "products_faq_21_answer_2" : "第 2 步：服用 1-2 瓶 QuiAri Energy 补充剂，获取战胜一天所有挑战所需的能量",
  "products_faq_21_answer_3" : "第 3 步：全天服用 1-2 包美味 Gel。只需撕开并啜饮即可！",
  "products_faq_22" : "新促销员包的费用是多少？您能得到什么？",
  "products_faq_22_answer_1" : "新促销员包包含如下内容：",
  "products_faq_22_answer_10" : "4 袋 QuiAri Shake、4 瓶 QuiAri Energy",
  "products_faq_22_answer_11" : "7 Pack：1199 美元（500 SV）超值！",
  "products_faq_22_answer_12" : "6 个月无限 Speed Bonus",
  "products_faq_22_answer_13" : "7 袋 QuiAri Shake、7 瓶 QuiAri Energy",
  "products_faq_22_answer_14" : "",
  "products_faq_22_answer_15" : "",
  "products_faq_22_answer_16" : "",
  "products_faq_22_answer_17" : "",
  "products_faq_22_answer_18" : "",
  "products_faq_22_answer_19" : "",
  "products_faq_22_answer_2" : "1 Pack：125 美元（75 SV）",
  "products_faq_22_answer_20" : "",
  "products_faq_22_answer_21" : "",
  "products_faq_22_answer_22" : "",
  "products_faq_22_answer_23" : "",
  "products_faq_22_answer_24" : "",
  "products_faq_22_answer_25" : "",
  "products_faq_22_answer_26" : "",
  "products_faq_22_answer_27" : "",
  "products_faq_22_answer_3" : "1 个月无限 Speed Bonus",
  "products_faq_22_answer_4" : "1 袋 QuiAri Shake、1 瓶 QuiAri Energy",
  "products_faq_22_answer_5" : "2 Pack：250 美元（150 SV）",
  "products_faq_22_answer_6" : "2 个月无限 Speed Bonus",
  "products_faq_22_answer_7" : "2 袋 QuiAri Shake、2 瓶 QuiAri Energy",
  "products_faq_22_answer_8" : "4 Pack：500 美元（300 SV）",
  "products_faq_22_answer_9" : "3 个月无限 Speed Bonus",
  "products_faq_23" : "我每次订购产品包时都会获得 Speed Bonus 吗？",
  "products_faq_23_answer_1" : "不是。Speed Bonus 仅在首次购买产品包时提供。",
  "products_faq_23_answer_2" : "自购买之日起您有 1 年的时间来兑换优惠券。",
  "products_faq_23_answer_3" : "请注意，优惠券金额不适用于升级为单份装的费用、运费、销售税、增值税或国际进口产品费用。这些费用必须由促销员在 QuiAri 促销员门户中兑换时支付。",
  "products_faq_23_answer_4" : "",
  "products_faq_24" : "QuiAri Prime 是什么？",
  "products_faq_24_answer_1" : "我们的 Prime Gel 是经过科学验证的专属成分的美味混合物，专为其高效抗衰老抗氧化水平、营养成分和诱人口味而精心挑选。除了马基莓、MaquiX®、S.O.D、白藜芦醇和紫檀芪（我们的 Youth X 混合物）外，我们的 Prime Gel 还添加了芦荟、葡萄籽和绿茶提取物，可有效修复自由基损伤，保护细胞免受未来侵害，并逆转衰老迹象。",
  "products_faq_25" : "我该如何服用 Prime？",
  "products_faq_25_answer_1" : "只需撕开并啜饮即可！全天服用 1-2 包美味 Gel。",
  "products_faq_2_answer" : "早上第一件事就是喝 QuiAri Shake，开始神清气爽的新的一天！",
  "products_faq_3" : "服用 QuiAri Shake 可以帮助我减肥吗？",
  "products_faq_3_answer_1" : "QuiAri Shake 采用专有成分混合物，这些成分共同作用来帮助减肥：",
  "products_faq_3_answer_2" : "马基莓是新的排名第一的超级水果，其抗氧化剂含量比任何其他超级水果高出 5 倍。MaquiX® 是一种超浓缩有机提取物，可增强马基莓的天然功效。",
  "products_faq_3_answer_3" : "QuiAri Shake 以乳清为特色，每份含有 16 克蛋白质，可帮助您抑制食欲、控制体重等等！",
  "products_faq_4" : "QuiAri Shake 含有多少卡路里？",
  "products_faq_4_answer" : "每份 QuiAri Shake 仅含 120 卡路里热量。",
  "products_faq_5" : "QuiAri Shake 不含麸质吗？",
  "products_faq_5_answer" : "是的，Quiari Shake 不含麸质。",
  "products_faq_6" : "QuiAri Shake 是否添加糖分？",
  "products_faq_6_answer" : "QuiAri Shake 不添加糖分。",
  "products_faq_7" : "每袋 QuiAri Shake 中有多少份？",
  "products_faq_7_answer" : "每袋 28 份，包含一个月用量的 Shake 混合物。",
  "products_faq_8" : "绿色混合物中使用的绿色蔬菜是什么？",
  "products_faq_8_answer" : "QuiAri Shake 利用强大的绿色植物来帮助控制体重并促进新陈代谢。",
  "products_faq_8_answer_1_1" : "菠菜",
  "products_faq_8_answer_1_2" : "支持健康老龄化和良好的血压",
  "products_faq_8_answer_2_1" : "小球藻",
  "products_faq_8_answer_2_2" : "支持健康老龄化并增强您的免疫系统",
  "products_faq_8_answer_3_1" : "西兰花芽提取物",
  "products_faq_8_answer_3_2" : "支持健康的皮肤",
  "products_faq_8_answer_4_1" : "羽衣甘蓝",
  "products_faq_8_answer_4_2" : "支持减肥，提供抗氧化剂和维生素 C",
  "products_faq_8_answer_5_1" : "苜蓿",
  "products_faq_8_answer_5_2" : "支持健康的新陈代谢",
  "products_faq_8_answer_6_1" : "螺旋藻",
  "products_faq_8_answer_6_2" : "提供多种营养素和高蛋白支持整体健康",
  "products_faq_9" : "我应该什么时候服用 QuiAri Energy？",
  "products_faq_9_answer" : "每日两次，每次 1 片。每天至少喝 8 杯水。QuiAri Energy 与 QuiAri Shake 和 QuiAri Prime Gel 搭配使用时效果最佳。",
  "profile_name_validation_message" : "名称必须少于 100 个字符",
  "promoter_details" : "促销员详情",
  "promoter_id" : "促销员 ID",
  "promoter_package_kickstart_description" : "这是 1 人开始 Kickstart Challenge 的完美选择，并为他们提供足够 4 周使用的产品。",
  "promoter_upgrade" : "您的帐户已升级为促销员。",
  "purple_diamond_guide" : "Purple Diamond 指南",
  "purple_diamond_guide_description" : "遵循简单的步骤即可达到 Purple Diamond 等级。",
  "purple_diamond_guide_training_slides" : "Purple Diamond 指南训练幻灯片",
  "qualifications" : "资格",
  "qualifications_active" : "活跃",
  "qualifications_join_date" : "加入日期",
  "qualifications_personal_sales_vol" : "Personal Sales Volume",
  "qualifications_previous_month_commission_rank" : "上个月的佣金等级",
  "qualifications_recognition_rank" : "认可等级",
  "qualifications_speed_bonus_vol" : "Speed Bonus Volume",
  "qualified" : "合格",
  "quantity" : "数量",
  "quiari_medical_and_drug_claims" : "QuiAri 医疗和药物索赔",
  "quiari_mobile_app" : "QuiAri 移动应用程序",
  "quiari_promoter_id" : "QuiAri 促销员 ID",
  "quiari_swag_description" : "行动起来大干一场吧！配备您的业务所需的一切：帽子、运动服、摇摇杯、汽车贴花等等！",
  "quiari_testimonial" : "QuiAri 证言",
  "quiari_testimonial_info" : "填写下面的字段，与 QuiAri 的其他促销员分享您的成功故事或鼓舞人心的信息！",
  "rank" : "等级",
  "rank_advancement" : "Rank Advancement",
  "rank_and_bonuses" : "等级和奖励",
  "rank_champion" : "Champion",
  "rank_crown_purple_diamond" : "Crown Purple Diamond",
  "rank_diamond" : "Diamond",
  "rank_grand_purple_diamond" : "Grand Purple Diamond",
  "rank_green_diamond" : "Green Diamond",
  "rank_hero" : "Hero",
  "rank_history" : "等级历史记录",
  "rank_legend" : "Legend",
  "rank_promoter" : "Promoter",
  "rank_purple_diamond" : "Purple Diamond",
  "rank_qualification" : "等级资质",
  "rank_qualification_faq_1" : "我如何达到每个等级？",
  "rank_qualification_faq_1_answer_1" : "每个等级都要求在佣金月份内在 Lesser Volume Leg 部分获得特定数量的 Sales Volume。",
  "rank_qualification_faq_1_answer_2" : "薪酬计划",
  "rank_qualification_faq_2" : "我的佣金等级和认可等级有什么区别？",
  "rank_qualification_faq_2_answer_1" : "佣金等级是您当前获得报酬的等级。这是根据任何佣金月份期间的 Sales Volume (SV) 和其他 QuiAri 薪酬计划要求来确定的。",
  "rank_qualification_faq_2_answer_2" : "认可等级是您曾经获得的最高等级。",
  "rank_qualification_faq_3" : "佣金等级何时评估？",
  "rank_qualification_faq_3_answer" : "佣金等级在每月 1 日根据上个月进行评估。请注意，我们的月末是在 UTC（协调世界时）午夜计算的。",
  "rank_rising_star" : "Rising Star",
  "rank_rock_star" : "Rock Star",
  "rank_shooting_star" : "Shooting Star",
  "rank_star" : "Star",
  "rank_super_star" : "Super Star",
  "reason" : "原因",
  "recognition" : "认可",
  "recognition_rank" : "认可等级",
  "recover" : "恢复",
  "recover_account" : "恢复账户",
  "recover_account_description" : "输入您用于登录 QuiAri 的电子邮件地址。系统将向您提供的地址发送一封电子邮件，指导您完成恢复过程。",
  "recover_invalid_email" : "为此恢复尝试指定的电子邮件地址无效。",
  "recover_max_limit_reached" : "已达到最大恢复尝试限制。24 小时后重试。",
  "recover_successful" : "已发送一封电子邮件，其中包含重置密码的说明。",
  "redeem_now" : "立即兑换",
  "redeem_voucher" : "兑现优惠券",
  "redeemable_on" : "可兑换",
  "redeemed_on" : "兑换日期",
  "refund" : "退款",
  "refund_processed" : "退款已于 {date} 处理，金额为 {amount}",
  "remove" : "移除",
  "remove_all" : "移除所有",
  "reorder" : "再订购",
  "reports" : "报告",
  "required" : "必填项",
  "reset" : "重置",
  "resources" : "资源",
  "results" : "结果",
  "review_order" : "查看订单",
  "review_order_8" : "查看总数",
  "review_package" : null,
  "review_products" : null,
  "right" : "右",
  "right_bottom" : "右下角",
  "right_leg" : "右分支",
  "right_placement_description" : "如果选择“右侧”放置选项，所有个人赞助的促销员将被置于右分支底部外侧的下一个可用位置。",
  "sales" : "销售",
  "sales_receipt" : "销售收据",
  "sales_reciept" : "销售收据",
  "sales_volume" : "Sales Volume",
  "sales_volume_amount" : "{amount} Sales Volume",
  "sales_volume_left" : "剩余 Sales Volume",
  "sales_volume_right" : "Sales Volume 权",
  "sample_cards" : "样本卡",
  "sampler_pack_description" : "包括可供个人使用 5 天的 QuiAri Shake（袋）和 QuiAri Energy（小袋）。",
  "save" : "节省 {amount}",
  "save_autodelivery" : "保存 AutoDelivery",
  "save_changes" : "保存更改",
  "savings" : "节省 ({amount}%)",
  "search" : "搜索",
  "search_error" : "搜索错误",
  "see_instructions" : "查看说明",
  "select" : "选择",
  "select_a_country_to_view_options" : "选择一个国家/地区以查看选项",
  "select_card" : "选择卡",
  "select_language" : "选择语言",
  "select_payment_type" : "选择付款方式类型",
  "select_preferred_payment_method" : "选择首选付款方式",
  "select_products" : "选择产品",
  "self_replication_prefix" : "自复制前缀",
  "self_replication_prefix_description" : "自复制前缀用于确定您的网站网址。例如，如果您的自我复制前缀是“quiarirocks”，则网站 URL 将为 https://quiarirocks.quiari.com。",
  "sent" : "发送",
  "serving_bag" : "{amount} 份袋",
  "settings" : "设置",
  "setup_ewallet_account" : "设置您的电子钱包帐户",
  "shake_chocolate_description" : "包括：1 集装袋巧克力口味 Shake（28 份）",
  "shake_chocolate_single_description" : "包括：1 袋巧克力口味 Shake（14 份）",
  "shake_energy_packs" : "Shake 和 Energy 包",
  "shake_energy_prime_packs" : "Shake、Energy 和 Prime Gel 包",
  "shake_vanilla_description" : "包括：1 集装袋香草口味 Shake（28 份）",
  "shake_vanilla_single_description" : "包括：1 袋香草口味 Shake（14 份）",
  "share" : "SHARE",
  "share_using_self_replicated_website" : "使用您的自我复制网站分享 QuiAri",
  "shipped_to" : "送货至",
  "shipping_Rates_individual_1" : "单个商品（订单金额低于 50 美元）",
  "shipping_Rates_individual_2" : "单个商品（订单金额超过 50 美元）",
  "shipping_address" : "送货地址",
  "shipping_address_and_billing_information" : "送货地址和账单信息",
  "shipping_address_create" : "创建新的送货地址",
  "shipping_address_required" : "送货地址为必填项",
  "shipping_address_required_description" : "必须选择送货地址",
  "shipping_and_billing_information" : "送货和账单信息",
  "shipping_and_billing_information_description" : "选择送货和帐单地址以及首选付款方式。",
  "shipping_and_handling" : "送货和处理",
  "shipping_autodelivery" : "使用此送货地址用于我的下一次 AutoDelivery",
  "shipping_estimate" : "请允许 2-10 个工作日送达。送货时间将根据您所在的位置而有所不同。",
  "shipping_information" : "送货信息",
  "shop_now" : "立即选购",
  "shopping_cart_1" : "1 个月用量的 QuiAri Shake 和 QuiAri Energy",
  "showing" : "显示中",
  "sign_here" : "在这里签名",
  "single_serve_upgrade_description" : "额外支付 {{amount}} 美元将整个订单升级为单份装",
  "social_media_best_practices" : "Social Media Best Practices",
  "social_security_number" : "社会安全号码",
  "speed_bonus" : "Speed Bonus",
  "speed_bonus_countdown" : "Speed Bonus 倒计时",
  "sponsor" : "赞助人",
  "sponsor_id" : "赞助人 ID",
  "sponsor_link" : "赞助人链接",
  "sponsor_placement_description" : "Once Placed, Cannot Move as Calculations are made and Paid in Real Time",
  "sponsorship_sign_up" : "赞助注册",
  "sponsorship_sign_up_description" : "通过电子邮件或短信将此申请链接发送给您的潜在客户，或复制该链接自行填写申请。",
  "sponsorship_sign_up_sponsor_id" : "如果您不是该潜在客户的赞助人，请在下面输入赞助人 ID",
  "standard_pack_description" : "包括：2 盒 Prime Gel，2 集装袋 Shake（巧克力或香草口味），2 瓶 Energy",
  "state_province" : "州/省",
  "store_description" : "选择最多 5 包 QuiAri Shakes 和 5 瓶 QuiAri Energy",
  "subject" : "主题",
  "submit" : "提交",
  "submit_for_review" : "提交审核",
  "submitted" : "已提交",
  "subtotal" : "小计",
  "support" : "支持",
  "support_email" : "support{'@'}quiari.com",
  "support_request" : "支持请求",
  "support_request_text" : "填写以下字段，支持代表将尽快回复。",
  "swag_store" : "Swag 店铺",
  "tablet_bottle" : "{{amount} 片剂瓶",
  "tablet_single_serve_packets" : "{amount}（{tablet_count} 片剂）单份包",
  "tax_classification_c_corporation" : "C 公司",
  "tax_classification_individual" : "个体/独资经营者",
  "tax_classification_partnership" : "合伙",
  "tax_classification_s_corporation" : "S 公司",
  "tax_classification_trust_or_estate" : "信托/遗产",
  "tax_id" : "税号",
  "tax_payer_identification_number" : "纳税人识别号",
  "taxes" : "税费",
  "taxes_and_duties" : "税费和关税",
  "team_commissions" : "Team Commissions",
  "text_copied" : "文本已复制到剪贴板",
  "total" : "总计",
  "total_commissions_summary" : "佣金总额摘要",
  "total_personal_sales_volume_by_month" : "每月总 Personal Sales Volume",
  "track_order" : "追踪订单",
  "training" : "培训",
  "try" : "TRY",
  "try_love_share_launch_plan" : "Try.Love.Share® 启动计划",
  "try_love_share_launch_plan_description" : "使用我们的简单样本系统让您的业务快速启动。",
  "type" : "类型",
  "unlimited_speed_bonuses" : "{num} {month} 无限 Speed Bonuses",
  "update" : "更新",
  "update_address" : "更新地址",
  "update_address_info" : "输入以下信息来管理该地址。",
  "update_autodelivery" : "更新 AutoDelivery",
  "update_autodelivery_date" : "更新 AutoDelivery 日期",
  "update_password" : "更新密码",
  "update_password_incorrect" : "您输入的密码不正确，请重新输入以继续。",
  "update_password_not_match" : "您输入的密码不匹配。请检查并重试。",
  "update_password_text" : "更新您的帐户密码以进行登录。这将立即生效。",
  "update_payment_method" : "更新付款方式",
  "update_payment_method_instructions" : "输入以下信息以管理此付款方式。",
  "us_based_promoters" : "美国促销员",
  "vanilla" : "香草",
  "verify" : "核实",
  "videos" : "视频",
  "view_cart" : "查看购物车",
  "view_details" : "查看详情",
  "view_international_numbers" : "查看国际号码",
  "view_qualifications" : "查看资质",
  "view_world_wide_shipping_document" : "要查看大致的送货时间和费率，请参阅我们的 {0} 文档。",
  "volume" : "成交量",
  "volume_history" : "成交量历史记录",
  "volume_history_by_month" : "当月成交量历史记录",
  "volume_history_by_year" : "按年份统计的成交量历史记录摘要",
  "volume_history_summary_by_month" : "按月统计的成交量",
  "volume_history_summary_by_year" : "按年统计的成交量摘要",
  "volume_needed_for_next_rank" : "下一等级所需的数量：",
  "volume_summary_by_month" : "按月统计的成交量摘要",
  "volume_summary_by_year" : "按年统计的成交量摘要",
  "w9_and_instructions_pdf" : "W-9 表格和说明 PDF 文件",
  "w9_certification" : "认证",
  "w9_certification_1" : "根据伪证罪处罚规定，我特此声明：",
  "w9_certification_2" : "此表格上显示的号码是我正确的纳税人识别号（或者我正在等待发给我的号码）；和",
  "w9_certification_3" : "我无需缴纳备用预扣税，因为：",
  "w9_certification_4" : "我可以免除备用预扣税，或者",
  "w9_certification_5" : "美国国税局 (IRS) 尚未通知我，由于未报告所有利息或股息，我需要缴纳备用预扣税，或者",
  "w9_certification_6" : "美国国税局已通知我，我不再需要缴纳备用预扣税；和",
  "w9_certification_7" : "我是美国公民或其他美国人（定义如下）；和",
  "w9_certification_8" : "在此表格上输入的 FATCA 代码（如有）表明本人免于缴纳 FATCA 报告是正确的。",
  "w9_certification_9" : "认证说明。如果 IRS 通知您目前因未在纳税申报表上报告所有利息和股息而需要缴纳备用预扣税，则必须划掉上述第 2 项。对于房地产交易，第 2 条不适用。对于支付的抵押贷款利息、收购或放弃担保财产、取消债务、个人退休安排 (IRA) 供款以及一般情况下除利息和股息以外的付款，您无需签署证明，但您必须提供您的正确的纳税人识别号码。请参阅稍后第二部分的说明。",
  "w9_form" : "IRS W-9 表格",
  "w9_notice" : "您必须填写必填项 {0} 才能完成您的电子钱包帐户注册过程。",
  "w9_registration_form" : "W9 登记表",
  "w9_submit_error" : "出了些问题",
  "w9_submit_error_description" : "发生错误。请在几分钟后再试一次。",
  "w9_submitted" : "W9 提交成功",
  "w9_submitted_description" : "您的 W9 税务信息已成功提交以供审核。",
  "ward" : "选区",
  "welcome" : "欢迎！",
  "world_wide_shipping_document" : "全球运输文件",
  "year" : "年",
  "yearly_commissions_summary" : "年度佣金摘要",
  "yes" : "是",
  "your_testimonial" : "您的证言"
}