{
  "15_gel_boxes_description" : null,
  "1_pack_description" : null,
  "2_pack_description" : null,
  "2_pack_gel_description" : null,
  "3_gel_boxes_description" : null,
  "4_pack_description" : null,
  "4_pack_gel_description" : null,
  "6_gel_boxes_description" : null,
  "8_pack_gel_description" : null,
  "Active" : "Aktiv",
  "Cycled" : "Bezahlungszyklus erreicht",
  "Ending" : "Ende",
  "New" : "Neu",
  "Starting" : "Anfang",
  "active" : "Aktiv",
  "active_cycle_volume" : "Active Cycle Volume",
  "active_tripack_description" : "Enthält: 1 Box Prime Gel 1 Shake-Beutel in Vorteilsgröße (Schokolade oder Vanille) 1 Dose Energy",
  "add_address" : "Adresse hinzufügen",
  "add_payment_method" : "Zahlungsmethode hinzufügen",
  "add_shipping_address" : "Fügen Sie eine Lieferadresse hinzu, um voraussichtliche Informationen zu Ihrer Bestellung zu erhalten.",
  "add_to_autodelivery" : "Zu AutoDelivery hinzufügen",
  "add_to_cart" : "In den Warenkorb legen",
  "address_instructions" : "Geben Sie die erforderlichen Angaben unten ein, um diese Adresse hinzuzufügen.",
  "address_line_1" : "Adresszeile 1",
  "address_line_2" : "Adresszeile 2",
  "all" : "Alle",
  "amount" : "Betrag",
  "are_you_sure_customer_to_promoter" : "Sind Sie sicher, dass Sie sich als Promoter registrieren möchten?",
  "as_shown_on_your_income_tax_return" : "Wie in Ihrer Einkommenssteuererklärung angegeben",
  "auto" : "Auto",
  "auto_delivery" : "AutoDelivery",
  "auto_placement_description" : "Wenn Sie AUTO wählen, wird die erste Person, die Sie sponsern, dem gleichen Strang wie Ihr Sponsor zugeteilt. Wenn Sie beispielsweise Teil des rechten Stranges Ihres Sponsors sind, wird die erste von Ihnen persönlich gesponserte Person ebenfalls Ihrem rechten Strang zugeteilt.",
  "auto_placement_description_2" : "Jeder weitere neue Promoter wird auf der Außenseite des Stranges mit dem geringsten Sales Volume platziert.",
  "auto_placement_description_3" : "Wenn das Sales Volume in beiden Strängen gleich hoch ist, wird der neue Promoter auf der Außenseite des kleineren Stranges platziert.",
  "autodelivery_cancel" : "AutoDelivery kündigen",
  "autodelivery_cancel_error" : "Ihre AutoDelivery konnte nicht gekündigt werden, wenden Sie sich bitte an das Support-Team.",
  "autodelivery_cancel_success" : "Ihre AutoDelivery wurde erfolgreich gekündigt.",
  "autodelivery_description" : "Sparen Sie jetzt 10 %, indem Sie sich für AutoDelivery registrieren, und bekommen Sie Ihre Lieblingsprodukte von QuiAri jeden Monat automatisch geliefert. Sie können Ihre AutoDelivery-Bestellung(en) jederzeit aktualisieren oder bearbeiten.",
  "autodelivery_disclaimer" : "Ihre AutoDelivery wird automatisch bearbeitet und monatlich über Ihre Kredit- oder Debitkarte abgerechnet, bis Sie diesen Service kündigen. Sie können Ihre AutoDelivery bearbeiten und verwalten, indem Sie Ihre „Bestellungen“ öffnen und im Dropdown-Menü „Meine AutoDelivery“ auswählen. Sie können diesen Service jederzeit kündigen, indem Sie sich per E-Mail an {email} oder telefonisch unter +1-813-413-8120 an unser Support-Team wenden.",
  "autodelivery_faq_1" : "Was ist AutoDelivery?",
  "autodelivery_faq_1_answer" : "Eine AutoDelivery-Bestellung ist eine monatlich wiederkehrende Produktlieferung. Indem Sie sich für AutoDelivery registrieren, können Sie bis zu 35 % auf Ihren Produkteinkauf sparen.",
  "autodelivery_faq_2" : "Kann ich meine AutoDelivery-Bestellung bearbeiten?",
  "autodelivery_faq_2_answer" : "Sie können Ihre AutoDelivery bearbeiten und verwalten, indem Sie Ihre „Bestellungen“ öffnen und im Dropdown-Menü „Meine AutoDelivery“ auswählen. Ihre AutoDelivery-Bestellung kann bis zu fünf Stück jedes Produkts umfassen – 5 x QuiAri Shake und 5 x QuiAri Energy.",
  "autodelivery_faq_3" : "Kann ich meine AutoDelivery-Bestellung stornieren?",
  "autodelivery_faq_3_answer" : "Ja. Um Ihre AutoDelivery-Bestellung zu stornieren, melden Sie sich beim Portal an, klicken Sie auf „Bestellungen“ und wählen Sie dann „Meine AutoDelivery“ aus.",
  "autodelivery_faq_4" : "Wie erhalte ich meine AutoDelivery jeden Monat kostenlos?",
  "autodelivery_faq_4_answer_1" : "Sie müssen sich mit mindestens 50 SV (Sales Volume) für AutoDelivery registrieren.",
  "autodelivery_faq_4_answer_2" : "Sie müssen innerhalb der vergangenen 30 Tage zwei persönlich gesponserte Kunden auf AutoDelivery haben, deren Bestellungen 50 SV oder mehr einbringen.",
  "autodelivery_faq_4_answer_3" : "Sie können nun Produkte GRATIS erhalten!",
  "autodelivery_faq_4_answer_4" : "Wenn alle Anforderungen erfüllt wurden, überprüft das System von QuiAri die AutoDelivery-Bestellungen Ihrer Kunden, die innerhalb der letzten 30 Tage 50 SV oder mehr eingebracht haben, und berechnet den Durchschnitt dieser Gesamtsummen. Das Ergebnis ist die Produktgutschrift, die Sie erhalten. Bitte beachten Sie, dass der Gesamtbetrag der Produktgutschrift 118,80 USD nicht überschreiten darf und nicht für Versandkosten, Zölle, Mehrwertsteuer oder sonstige internationale Produktgebühren gilt.",
  "autodelivery_faq_5" : "Kann ich das Datum meiner AutoDelivery-Bestellung ändern oder diese stornieren? ",
  "autodelivery_faq_5_answer" : "Ja. Um das Datum Ihrer AutoDelivery-Bestellung zu ändern oder diese zu stornieren, melden Sie sich beim Portal an, klicken Sie auf „Bestellungen“ und wählen Sie dann „Meine AutoDelivery“ aus.",
  "autodelivery_faq_6" : "Wie funktioniert Prepaid AutoDelivery?",
  "autodelivery_faq_6_answer" : "Gehen Sie zu „Bestellungen“ in der Navigationsleiste und wählen Sie „Meine AutoDelivery“ aus. Sie können Ihre AutoDelivery 3, 6 oder 9 Monate im Voraus bezahlen und dadurch bis zu 12 % auf den Gesamtbetrag Ihrer Bestellung sparen. Ihre Prepaid AutoDelivery wird bearbeitet und heute für den monatlichen Service über Ihre Kredit- oder Debitkarte abgerechnet. Prepaid AutoDelivery ist nach Ablauf der 30-tägigen Rückgabefrist ab dem Datum, an dem Prepaid AutoDelivery eingerichtet wurde, nicht mehr erstattungsfähig. Ihr monatliches Prepaid AutoDelivery-Volumen wird alle 30 Tage wiederholt, bis Ihre AutoDelivery ausläuft. Bitte beachten Sie, dass Sie auch Ihre Produkte 3, 6 oder 9 Monate im Voraus bezahlen müssen, um Prepaid AutoDelivery nutzen zu können. Sie erhalten eine E-Mail, wenn es an der Zeit ist, Ihre Prepaid AutoDelivery zu erneuern. Bitte beachten Sie, dass Ihre Prepaid AutoDelivery nicht automatisch verlängert wird. Sie müssen dafür das Portal aufrufen (in „Bestellungen“ in der Navigationsleiste) und den Registrierungsvorgang für Prepaid AutoDelivery wiederholen.",
  "autodelivery_faq_7" : "Ist Prepaid AutoDelivery erstattungsfähig und kann ich Änderungen vornehmen, nachdem sie eingerichtet wurde?",
  "autodelivery_faq_7_answer" : "Prepaid AutoDelivery ist nicht erstattungsfähig. Für Ihre Produkte gilt unser standardmäßiges 30-tägiges Rückgaberecht. Sobald Ihre Prepaid AutoDelivery eingerichtet wurde, können keine Änderungen an Ihrer Bestellung, der Laufzeit oder dem Datum der AutoDelivery mehr vorgenommen werden.",
  "autodelivery_header_1" : "Ihr nächste AutoDelivery erfolgt am",
  "autodelivery_header_2" : "Wenn Sie Ihre AutoDelivery stornieren möchten, wenden Sie sich bitte an das Support-Team oder klicken Sie auf die Schaltfläche „AutoDelivery stornieren“.",
  "autodelivery_modify_payment_description" : null,
  "autodelivery_totals" : null,
  "back_to_shipping" : "Zurück zum Versand",
  "bag" : "Beutel",
  "basic_pack_description" : "Enthält: 1 Box Prime Gel 1 Shake-Beutel in Vorteilsgröße (Schokolade oder Vanille) 1 Dose Energy",
  "become_a_promoter" : "Als Promoter registrieren",
  "billing_address" : "Rechnungsadresse",
  "billing_email_address" : "E-Mail-Adresse für die Rechnung",
  "binary_leg" : "Binärer Strang",
  "binary_placement_options" : "Binäre Platzierungsoptionen",
  "binary_placement_update_description" : "Ihre standardmäßige binäre Platzierung wurde aktualisiert auf {placement}. Neue Promoter, die sich registrieren, werden nach dieser Einstellung platziert.",
  "binary_placement_updated" : "Aktualisierte binäre Platzierung",
  "bonus_product" : "{num} {month} des Bonus-Produkts",
  "bonus_product_body" : "Tolle Neuigkeiten – Ihre Gutscheine für Bonus-Produkte* können hier innerhalb von 30 Tagen ab dem ursprünglichen Kauf eingelöst werden. Die Anzahl der Gutscheine, die Sie erhalten, wird von dem von Ihnen erworbenen Promoter-Paket bestimmt. Sollten Sie Fragen haben, wenden Sie sich bitte an ",
  "bonus_product_disclaimer" : "*Ein Gutschein = 1-monatiger Vorrat von QuiAri Shake und QuiAri Energy. Pro Monat kann nur ein Gutschein verwendet werden. Optionen für Einzelportionen sind gegen eine zusätzliche Gebühr bei der Einlösung verfügbar. Die Preise verstehen sich zuzüglich Versandkosten, Zöllen, Mehrwertsteuer oder etwaig anfallenden internationalen Einfuhrgebühren für Produkte.",
  "bonus_product_title" : "Bonus-Produkt",
  "bonus_product_voucher" : "Gutschein für Bonus-Produkte",
  "bonuses" : "Bonuszahlungen",
  "both" : "Beide",
  "bottle" : "Dose | Dosen",
  "bug_report" : "Fehlerbericht",
  "builder_pack_description" : "Enthält: 4 Boxen Prime Gel 4 Shake-Beutel in Vorteilsgröße (Schokolade oder Vanille) 4 Dosen Energy",
  "business_name" : "Name des Unternehmens/Rechtsträgers",
  "cancel" : "Abbrechen",
  "capped" : "Gedeckelt",
  "card_number" : "Kartennummer",
  "carrier" : "Transportunternehmen",
  "carrier_tracking_number" : "Tracking-Nummer des Transportunternehmens",
  "change_password" : "Passwort ändern",
  "change_primary_address" : null,
  "change_product_selection" : "Produktauswahl ändern",
  "checkout" : "Zur Kasse",
  "checkout_autodelivery_discount" : "10 % AutoDelivery-Rabatt",
  "checkout_estimated_shipping_and_handling" : "Versand und Bearbeitung",
  "checkout_review_order" : "Bestellungsübersicht",
  "checkout_shipping_estimate" : "(Für den Versand benötigen wir {min}–{max} Werktage.)",
  "checkout_tax" : "Steuer",
  "chocolate" : "Schokolade",
  "choose_individual_products" : "Einzelprodukte auswählen",
  "choose_option_below" : "Option unten auswählen",
  "choose_package_items_total" : "({{amount}} wählen)",
  "choose_products" : null,
  "city" : "Stadt",
  "click_link_for_schedule" : "Klicken Sie auf den Link, um den Zeitplan einzusehen.",
  "click_to_download" : "Zum Herunterladen hier klicken",
  "close" : "Schließen",
  "commission" : "Provision",
  "commission_history" : "Provisionshistorie",
  "commission_rank" : "Provisionsrang",
  "commission_rank_history" : "Verlauf des Provisionsranges",
  "commissions" : "Provisionen",
  "commissions_faq_1" : "Was sind Team Commissions?",
  "commissions_faq_10" : "Wie verdiene ich einen Fast Start Bonus?",
  "commissions_faq_10_answer_1" : "Promoter erhalten einen Fast Start Bonus von bis zu 200 USD auf alle von persönlich gesponserten Promotern bestellten Einstiegspacks:\n",
  "commissions_faq_10_answer_2" : "1 Pack – 20 USD",
  "commissions_faq_10_answer_3" : "2 Pack – 40 USD",
  "commissions_faq_10_answer_4" : "4 Pack – 80 USD",
  "commissions_faq_10_answer_5" : "10 Pack – 200 USD",
  "commissions_faq_10_answer_6" : "QuiAri Shake (28 Tage) – 7,50 USD",
  "commissions_faq_10_answer_7" : "QuiAri Shake (14 Tage) – 3,75 USD",
  "commissions_faq_10_answer_8" : "QuiAri Energy – 3,75 USD",
  "commissions_faq_10_answer_9" : "5-Tage-Probeprodukt – 1,50 USD",
  "commissions_faq_11" : "Wie verdiene ich einen Matching Bonus?",
  "commissions_faq_11_answer" : "Beim Rangaufstieg belohnt Sie QuiAri mit einem Matching Bonus für die Schulung und Vergrößerung Ihres Teams. Verdienen Sie bis zu 80 % der Team Commissions der Stufen 1 bis 7 Ihrer persönlichen Sponsoring-Linie auf Grundlage Ihres Anerkennungsrangs.",
  "commissions_faq_12" : "Wie verdiene ich einen Lifestyle Bonus?",
  "commissions_faq_12_answer_1" : "Dafür müssen Sie qualifiziert sein. Er wird auf Grundlage Ihres Provisionsranges für die vergangenen 30 Tage vergeben. Für die Ränge Hero bis Legend sehen wir uns Ihr Group Sales Volume am ersten Tag jedes Monats an und zahlen den Bonus am 15. aus. Für die Ränge Diamond bis Purple Diamond bewerten wir die vorhergehenden zwei Monate.",
  "commissions_faq_12_answer_2" : "Hero: 500 USD",
  "commissions_faq_12_answer_3" : "Legend: 1.000 USD",
  "commissions_faq_12_answer_4" : "Diamond: 1.500 USD",
  "commissions_faq_12_answer_5" : "Green Diamond: 2.500 USD",
  "commissions_faq_12_answer_6" : "Purple Diamond: 5.000 USD",
  "commissions_faq_12_answer_7" : null,
  "commissions_faq_12_answer_8" : null,
  "commissions_faq_13" : "Wie verdiene ich einen Speed Bonus?",
  "commissions_faq_13_answer_1" : "Nur Shake & Energy Pakete",
  "commissions_faq_13_answer_10" : "Produktpakete",
  "commissions_faq_13_answer_11" : "8 Pack: 60 Tage zum Verdienen unbegrenzter Speed Bonuszahlungen",
  "commissions_faq_13_answer_12" : "4 Pack: 30 Tage zum Verdienen unbegrenzter Speed Bonuszahlungen",
  "commissions_faq_13_answer_13" : "2 Pack: 14 Tage zum Verdienen unbegrenzter Speed Bonuszahlungen",
  "commissions_faq_13_answer_2" : "Founders Pack: 90 Tage zum Verdienen unbegrenzter Speed Bonuszahlungen",
  "commissions_faq_13_answer_3" : "4 Pack: 60 Tage zum Verdienen unbegrenzter Speed Bonuszahlungen",
  "commissions_faq_13_answer_4" : "2 Pack: 30 Tage zum Verdienen unbegrenzter Speed Bonuszahlungen",
  "commissions_faq_13_answer_5" : "1 Pack: 14 Tage zum Verdienen unbegrenzter Speed Bonuszahlungen",
  "commissions_faq_13_answer_6" : "Nur Gel Pakete",
  "commissions_faq_13_answer_7" : "Builder Pack: 60 Tage zum Verdienen unbegrenzter Speed Bonuszahlungen",
  "commissions_faq_13_answer_8" : "Standard Pack: 30 Tage zum Verdienen unbegrenzter Speed Bonuszahlungen",
  "commissions_faq_13_answer_9" : "Basic Pack: 14 Tage zum Verdienen unbegrenzter Speed Bonuszahlungen",
  "commissions_faq_14" : "Wie verdiene ich einen Cycle Bonus?",
  "commissions_faq_14_answer_1" : "Wenn Sie ein Group Sales Volume (GSV) anhäufen, verdienen Sie eine Team Commission für jeweils 100 GSV entsprechend Ihres rechten und linken Stranges – unbegrenzt. Ihr Rang bestimmt den Betrag, den Sie erhalten:",
  "commissions_faq_14_answer_10" : "Diamond: 17,50 USD",
  "commissions_faq_14_answer_11" : "Green Diamond: 17,50 USD",
  "commissions_faq_14_answer_12" : "Purple Diamond: 20 USD",
  "commissions_faq_14_answer_13" : null,
  "commissions_faq_14_answer_14" : null,
  "commissions_faq_14_answer_2" : "Star: 10 USD",
  "commissions_faq_14_answer_3" : "Rising Star: 10 USD",
  "commissions_faq_14_answer_4" : "Shooting Star: 12,50 USD",
  "commissions_faq_14_answer_5" : "Rock Star: 12,50 USD",
  "commissions_faq_14_answer_6" : "Super Star: 12,50 USD",
  "commissions_faq_14_answer_7" : "Champion: 15 USD",
  "commissions_faq_14_answer_8" : "Hero: 15 USD",
  "commissions_faq_14_answer_9" : "Legend: 17,50 USD",
  "commissions_faq_15" : "Was geschieht mit meinen Provisionen, wenn ich nicht qualifiziert bin?",
  "commissions_faq_16" : "Kann Sales Volume (SV) verfallen?",
  "commissions_faq_16_answer_1" : "Ja, Ihr Sales Volume wird nach 60 Tagen der Inaktivität gelöscht. Sie bleiben weiterhin aktiv, indem Sie Produkte für sich selbst kaufen oder Produkte an Kunden weiterverkaufen und das Mindestvolumen von 25 Personal Sales Volume (PSV) erreichen.",
  "commissions_faq_16_answer_2" : "Um aktiv zu bleiben, müssen Sie mindestens 25 Personal Sales Volume pro Monat erreichen.",
  "commissions_faq_17" : "Wie verdiene ich einen Rank Advancement Bonus?",
  "commissions_faq_17_answer_1" : "Bei jedem Erreichen eines höheren Ranges (Rising Star und darüber) verdienen Sie einen einmaligen Bonus. Für die Ränge Champion bis Legend müssen Sie diesen zwei Monate in Folge beibehalten, um sich zu qualifizieren. Für die Ränge Green Diamond und Purple Diamond müssen Sie diesen drei Monate in Folge beibehalten.",
  "commissions_faq_17_answer_10" : "Green Diamond: 12.500 USD",
  "commissions_faq_17_answer_11" : "Purple Diamond: 25.000 USD",
  "commissions_faq_17_answer_12" : null,
  "commissions_faq_17_answer_13" : null,
  "commissions_faq_17_answer_2" : "Rising Star: 50 USD",
  "commissions_faq_17_answer_3" : "Shooting Star: 100 USD",
  "commissions_faq_17_answer_4" : "Rock Star: 250 USD",
  "commissions_faq_17_answer_5" : "Super Star: 500 USD",
  "commissions_faq_17_answer_6" : "Champion: 1.250 USD",
  "commissions_faq_17_answer_7" : "Hero: 2.500 USD",
  "commissions_faq_17_answer_8" : "Legend: 5.000 USD",
  "commissions_faq_17_answer_9" : "Diamond: 7.500 USD",
  "commissions_faq_18" : "Wie verdiene ich einen Customer Bonus?",
  "commissions_faq_18_answer" : "Der Customer Bonus wird auf der Grundlage von 20 % des Sales Volume (SV) auf alle Erst- und Nachbestellungen von persönlich gesponserten Kunden berechnet.",
  "commissions_faq_19" : "Werden Kunden in der Baumstruktur erfasst?",
  "commissions_faq_19_answer" : "Nein, sie werden nicht in der Baumstruktur erfasst.",
  "commissions_faq_1_answer" : "Team Commissions sind ein wichtiger Aspekt des Vergütungsplans von QuiAri und werden anhand Ihrer binären Baumstruktur berechnet, die zwei Stränge hat: einen linken und einen rechten. Sie werden auf der Grundlage des erfolgreichen Aufbaus von Group Sales Volume (GSV) innerhalb der binären Baumstruktur vergütet.",
  "commissions_faq_2" : "Wie werden Team Commissions berechnet?",
  "commissions_faq_20" : "Wird das Sales Volume (SV) der Kunden in der Baumstruktur erfasst?",
  "commissions_faq_20_answer" : "Ja. Sobald das System feststellt, dass Sie mit mindestens 75 PSV (Personal Sales Volume) aktiv sind, wird das mit dem Kundenkauf verbundene Sales Volume gemäß Ihren binären Einstellungen (links, rechts, Auto) in Ihrem QuiAri-Portal platziert. Auf diese Weise können Sie die Team Commissions Ihrer persönlich gesponserten Kunden maximieren.",
  "commissions_faq_2_answer_1" : "Jedes Produktpaket hat einen Punktwert, der Sales Volume genannt wird. Bei jedem Verkauf eines Produkts innerhalb Ihrer Organisation wird Sales Volume für die gesamte Upline generiert.",
  "commissions_faq_2_answer_2" : "Wenn Sie diese Punkte ansammeln, erhalten Sie Team Commissions. Ein Promoter wechselt jedes Mal, wenn 100 SV sowohl in dessen linken als auch im rechten Strang angesammelt wurden.",
  "commissions_faq_2_answer_3" : "Unbezahltes Group Sales Volume wird übertragen.",
  "commissions_faq_3" : "Wie qualifiziere ich mich für den Erhalt von Team Commissions?",
  "commissions_faq_3_answer" : "Um sich zu qualifizieren, müssen Sie mindestens einen persönlich gesponserten Promoter in sowohl Ihrem linken als auch in Ihrem rechten Strang haben, die mit mindestens 25 PSV jeden Monat AKTIV sind. 75 PSV für Rock Star und darüber.",
  "commissions_faq_4" : "Werden meine eigenen Einkäufe für meine Provisionen berücksichtigt?",
  "commissions_faq_4_answer" : "Ihre persönlichen Einkäufe werden berücksichtigt, um Sie AKTIV zu machen. Um sich für den Erhalt von Provisionen zu QUALIFIZIEREN, müssen Sie jedoch auch zwei aktive Promoter in Ihrem linken und rechten Strang persönlich sponsern.",
  "commissions_faq_5" : "Wie viel kann ich mit dem Vergütungsplan von QuiAri verdienen?",
  "commissions_faq_5_answer" : "Bitte beachten Sie, dass die QuiAri-Geschäftsmöglichkeit potenziell unbegrenzte Einnahmen ermöglicht. Allerdings kann QuiAri keine Garantie für einen finanziellen Erfolg geben. Der Erfolg bei QuiAri resultiert allein aus Ihren erfolgreichen Vertriebsbemühungen, die harte Arbeit, Fleiß, Geschicklichkeit, Durchhaltevermögen, Kompetenz und Führungsqualität erfordern. Ihr Einkommen hängt davon ab, wie gut Sie diese Fähigkeiten umsetzen können.",
  "commissions_faq_6" : "Gibt es eine Obergrenze für mein monatliches Team Commission-Potenzial?",
  "commissions_faq_6_answer_1" : "Champion: 5.000 USD/Woche",
  "commissions_faq_6_answer_2" : "Hero: 10.000 USD/Woche",
  "commissions_faq_6_answer_3" : "Legend: 15.000 USD/Woche",
  "commissions_faq_6_answer_4" : "Diamond: 20.000 USD/Woche",
  "commissions_faq_6_answer_5" : "Green Diamond: 25.000 USD/Woche",
  "commissions_faq_6_answer_6" : "Purple Diamond: 50.000 USD/Woche",
  "commissions_faq_6_answer_7" : null,
  "commissions_faq_6_answer_8" : null,
  "commissions_faq_6_comp_plan" : "Weitere Informationen finden Sie auf dem Vergütungsplan von QuiAri.",
  "commissions_faq_7" : "Worum handelt es sich bei dem mit jedem Produktpaket und Produkt verbundenen Sales Volume (SV)?",
  "commissions_faq_7_answer_1" : "Shake & Energy Packs",
  "commissions_faq_7_answer_10" : "Founders Pack: 600 SV",
  "commissions_faq_7_answer_11" : "Builder Pack: 400 SV",
  "commissions_faq_7_answer_12" : "Standard Pack: 200 SV",
  "commissions_faq_7_answer_13" : "Basic Pack: 100 SV",
  "commissions_faq_7_answer_14" : "Nur Gel Packs",
  "commissions_faq_7_answer_15" : "8 Pack: 360 SV",
  "commissions_faq_7_answer_16" : "4 Pack: 180 SV",
  "commissions_faq_7_answer_17" : "2 Pack: 90 SV",
  "commissions_faq_7_answer_18" : "Stellen Sie Ihre eigenen Pakete zusammen",
  "commissions_faq_7_answer_19" : "Shake-Beutel: 50 SV",
  "commissions_faq_7_answer_2" : "QuiAri Shake: 50 SV",
  "commissions_faq_7_answer_20" : "Prime Gel Box: 45 SV",
  "commissions_faq_7_answer_21" : "Energy-Dose: 25 SV",
  "commissions_faq_7_answer_3" : "QuiAri Energy: 25 SV",
  "commissions_faq_7_answer_4" : "5-Tage-Probeprodukt: 10 SV",
  "commissions_faq_7_answer_5" : "Promoter-Produktpakete (nur einmaliger Kauf)",
  "commissions_faq_7_answer_6" : "1 Pack – 75 SV",
  "commissions_faq_7_answer_7" : "2 Pack – 150 SV",
  "commissions_faq_7_answer_8" : "4 Pack – 300 SV",
  "commissions_faq_7_answer_9" : "7 Pack – 500 SV",
  "commissions_faq_8" : "Wie sammle ich Sales Volume?",
  "commissions_faq_8_answer" : "Um Sales Volume zu sammeln, müssen Sie aktiv bleiben, indem Sie pro Monat mindestens 25 PSV generieren. Für Rock Star und darüber ist ein monatliches Mindestvolumen von 75 PSV erforderlich.",
  "comp_plan" : "Vergütungsplan",
  "company_name" : "Name des Unternehmens",
  "compensation_plan" : "Vergütungsplan",
  "confirm" : "Bestätigen",
  "confirm_new_password" : "Neues Passwort bestätigen",
  "confirm_password" : "Passwort bestätigen",
  "contact_us" : "Kontakt",
  "copied" : "Kopiert",
  "copied_successfully" : "Erfolgreich kopiert",
  "copy_link" : "Link kopieren",
  "copy_video_url" : "Video-URL kopieren",
  "corporate_announcements" : "Unternehmensmitteilungen",
  "cost" : "Kosten",
  "country" : "Land",
  "current_commission_rank" : "Aktueller Provisionsrang",
  "current_password" : "Aktuelles Passwort",
  "currently_have_no_customers" : "Sie haben derzeit keine Kunden",
  "customer_id" : "Kunden-ID",
  "customer_info_1" : "Menschen weltweit sind von den Produkten von QuiAri begeistert und sehen lebensverändernde Ergebnisse! Und nicht nur das: Diese Menschen werden auch dafür bezahlt, für die Produkte von QuiAri zu werben und werden für jeden abgeschlossenen Verkauf sofort bezahlt. Schließen Sie sich der am schnellsten wachsenden Geschäftsmöglichkeit für Zuhause weltweit an.",
  "customer_info_2" : "Als QuiAri-Promoter können Sie ein Teilzeit- oder Vollzeiteinkommen verdienen UND erhalten zudem kostenlose Produkte.",
  "cycle" : "Bezahlungszyklus",
  "dashboard" : "Dashboard",
  "dashboard_business_app" : "Die QuiAri-Business-App",
  "dashboard_business_app_description" : "Laden Sie sie jetzt herunter, um Ihr Einkommen im Blick zu behalten, Kunden und potenzielle Kunden zu registrieren, Produkte zu kaufen, auf dem Laufenden über Neuigkeiten über QuiAri zu bleiben und Ihr Geschäft auch von unterwegs aus am Laufen zu halten.",
  "dashboard_business_opportunity" : "Präsentation der QuiAri-Geschäftsmöglichkeit",
  "dashboard_business_opportunity_info" : "Verweisen Sie Ihre Teammitglieder auf die Präsentation der Geschäftsmöglichkeit. Den genauen Zeitplan finden Sie auf unseren Social-Media-Seiten {'@'}QuiAriOfficial oder in Ihrem E-Mail-Posteingang.",
  "dashboard_current_month" : "Aktueller Monat",
  "dashboard_download_now" : "Jetzt herunterladen",
  "dashboard_follow_social_media" : "Folgen Sie uns auf Social Media",
  "dashboard_get_paid_in_5" : "Teilen Sie Ihre {0} Seite zur Motivation, Inspiration und VERGRÖSSERUNG IHRES TEAMS!",
  "dashboard_getting_started" : "Erste Schritte",
  "dashboard_live_feed" : "Live-Feed",
  "dashboard_my_commissions" : "Meine Provisionen",
  "dashboard_my_qualifications" : "Meine Qualifikationen",
  "dashboard_purple_diamond_guide" : "Erfahren Sie, wie Sie mit unserem übersichtlichen {0} an die Spitze gelangen, wie Sie Ihr Team verdoppeln und wie Sie schneller als je zuvor aufsteigen können.",
  "dashboard_qualified" : "Qualifiziert",
  "dashboard_recent_orders" : "Letzte Bestellungen",
  "dashboard_self_replicated_site" : "Selbstreplizierende Marketing-Webseite:",
  "dashboard_share_your_story" : "Meine Erfahrung teilen",
  "dashboard_stay_plugged_in" : "Bleiben Sie vernetzt:",
  "dashboard_steps" : "Befolgen Sie diese einfachen Schritte und wir ZEIGEN Ihnen, wie Sie …",
  "dashboard_steps_1" : "Ihre Denkweise auf Erfolg umprogrammieren",
  "dashboard_steps_2" : "Die Einladungsanfrage perfektionieren",
  "dashboard_steps_3" : "Ihr Team stetig vergrößern",
  "dashboard_steps_4" : "Immer wieder neue Personen finden, an die Sie sich wenden können",
  "dashboard_steps_5" : "Ihre Zeit optimal nutzen",
  "dashboard_steps_6" : "RICHTIG loslegen!",
  "dashboard_testimonial" : " Wir freuen uns, von Ihnen zu hören!",
  "dashboard_testimonial_description" : "Haben unsere Geschäftsmöglichkeit oder Produkte Ihr Leben verändert? Teilen Sie Ihre Erfahrung und Sie haben die Chance, auf unserem Live-Feed und unseren Social-Media-Seiten zu erscheinen!",
  "dashboard_year_to_date" : "Laufendes Jahr",
  "date" : "Datum",
  "date_earned" : "Verdienstdatum",
  "date_joined" : "Registrierungsdatum",
  "ddu_disclaimer" : "Preise verstehen sich zuzüglich Steuern, Zoll und anderen zum Versandzeitpunkt anfallenden Gebühren.",
  "delete" : "Entfernen",
  "disclaimers" : "Haftungsausschlüsse",
  "discount" : null,
  "district" : "Distrikt",
  "documents" : "Dokumente",
  "download" : "Herunterladen",
  "earned_on" : "Verdient am",
  "edit" : "Bearbeiten",
  "edit_address" : "Adresse bearbeiten",
  "email_address" : "E-Mail-Adresse",
  "email_address_or_member_id" : null,
  "email_receipt" : "E-Mail-Empfangsbestätigung",
  "emails" : "E-Mails",
  "employer_identification_number" : "Identifikationsnummer (Employer Identification Number)",
  "empty_cart" : "Der Warenkorb ist leer",
  "ending_with" : "Endend mit",
  "energy_bottle_description" : "Enthält: 1 Dose Energy (60 Portionen)",
  "energy_single_serve_description" : "Enthält: 1 Beutel Energy (60 Portionen)",
  "enter_login_details" : null,
  "error" : "Fehler",
  "estimated_shipping_and_handling" : "Voraussichtlicher Versand und Bearbeitung",
  "event_description" : "Event-Beschreibung",
  "ewallet_account" : "E-Wallet-Kontoangaben",
  "ewallet_notice" : "Um Ihr E-Wallet-Konto einzurichten, bitten wir Sie, das folgende Formular auszufüllen: {0}",
  "ewallet_setup_notice" : "Ihr E-Wallet-Konto wird automatisch 5 Werktage nach Erhalt Ihrer ersten Provision eingerichtet. Dieser einmalige Vorgang bietet Ihnen ein Höchstmaß an Schutz und Sicherheit. Sobald Ihr Konto aktiviert wurde, können Sie alle weiteren Vorteile genießen, die die Auszahlung am am selben Tag bietet.",
  "exempt_payee_code" : "Exempt Payee Code (falls vorhanden)",
  "exemption_from_fatca_reporting_code" : "Befreiung vom FATCA-Reporting-Code (falls vorhanden)",
  "exemptions" : "Befreiungen",
  "existing_monthly_autodelivery" : "Sie haben bereits eine aktive monatliche AutoDelivery für Ihr Konto. Um Ihre Prepaid AutoDelivery einzurichten, müssen Sie erst Ihre AutoDelivery kündigen.",
  "existing_prepaid_autodelivery" : "Ihre Prepaid AutoDelivery wurde bereits eingerichtet. Sie können AutoDelivery derzeit nicht einrichten.",
  "expiration" : "Ablaufdatum",
  "expiration_month" : "Monat des Ablaufdatums",
  "expiration_year" : "Jahr des Ablaufdatums",
  "expired_on" : "Abgelaufen am",
  "expires" : "Ablaufdatum",
  "extend_prepaid_autodelivery" : null,
  "faqs" : "Häufig gestellte Fragen",
  "fast_start" : "Fast Start",
  "fast_start_bonus" : "Fast Start Bonus",
  "fda_notice" : "Diese Aussagen wurden nicht von der Food and Drug Administration bewertet. Diese Produkte sind nicht dazu vorgesehen, Krankheiten zu diagnostizieren, zu behandeln, zu heilen oder zu verhindern.",
  "feature_request" : "Feature-Anfrage",
  "federal_tax" : "Bundessteuer",
  "federal_tax_classification" : "Bundessteuerklassifikation",
  "feedback" : "Feedback",
  "field_required" : "Dieses Feld ist ein Pflichtfeld.",
  "first_name" : "Vorname",
  "fitness" : "Fitness",
  "forgot_password" : "Passwort vergessen?",
  "founders_pack_description" : "Enthält: 6 Boxen Prime Gel 5 Schokoladen-Shake-Beutel (Einzelportion) 5 Vanille-Shake-Beutel (Einzelportion) 5 Beutel Energy (Einzelportion)",
  "free" : "KOSTENLOS",
  "free_tour_marketing_system" : "Kostenlose Einführungsübersicht",
  "free_tour_subtitle" : "Arbeitet jeden Tag und rund um die Uhr für Sie und bietet Ihnen benutzerdefinierte Landingpages, personalisierte Marketingseiten, Meldungen in Echtzeit sowie eine Autoresponder Follow-up-Kampagne. Teilen Sie die nachstehenden Marketingseiten, um Leads zu generieren und Ihr Geschäft anzukurbeln.",
  "from" : "von",
  "gear_store" : "Accessoire-Shop",
  "genealogy" : "Teamstruktur",
  "general" : "Allgemein",
  "general_faq_1" : "Ist ein Produktkauf für die Inanspruchnahme des Vergütungsplans von QuiAri verpflichtend?",
  "general_faq_1_answer" : "Persönliche Produktkäufe sind für die Teilnahme nicht verpflichtend, helfen Ihnen jedoch dabei, den AKTIV-Status zu erreichen.",
  "general_faq_2" : "Wie füge ich einen neuen Promoter zu meinem Team hinzu?",
  "general_faq_2_answer_1" : "Potenzielle Kunden werden automatisch in den linken oder rechten Strängen Ihres Teams platziert, um Ihren Verdienst zu maximieren. Wenn Sie dies ändern möchten, sodass potenzielle Kunden in einem bestimmten Strang platziert werden, können Sie dies jederzeit über die Teamstruktur-Seite in Ihrem Portal tun, indem Sie „links“ oder „rechts“ auswählen.",
  "general_faq_2_answer_2" : "Sie haben auch die Möglichkeit, potenzielle Kunden ganz einfach manuell auf der Teamstruktur-Seite zu platzieren, indem Sie auf eine offene Position klicken.",
  "general_faq_3" : "Besteht die Möglichkeit, die Position einer Person zu ändern, wenn ich sie falsch platziert habe?",
  "general_faq_3_answer" : "Provisionen werden Ihnen und Ihrer gesamten Upline automatisch gutgeschrieben, sobald Verkäufe getätigt werden. Sobald die Registrierung abgeschlossen ist, kann die Position eines Promoters nicht mehr geändert werden. Bitte stellen Sie sicher, dass Ihr Sponsor und die Position korrekt sind, bevor Sie fortfahren.",
  "general_faq_4" : "Welche Laufzeit hat mein QuiAri-Vertrag?",
  "general_faq_4_answer" : "Die Laufzeit des QuiAri-Vertrags beträgt ein Jahr ab dem Datum der Registrierung. Das Geschäft von Promotern wird automatisch verlängert, wenn diese nicht kündigen.",
  "general_faq_5" : "Was ist der Unterschied zwischen einem Promoter und einem Kunden?",
  "general_faq_5_answer" : "Ein Kunde ist eine Person, die Produkte von QuiAri kauft. Ein Promoter ist eine Person, die den Vergütungsplan von QuiAri in Anspruch nimmt.",
  "general_faq_6" : "Wie gehe ich vor, wenn ich nicht mehr als Promoter tätig sein möchte?",
  "general_faq_6_answer" : "Sie können uns eine E-Mail an {email} senden, um Ihr Promoter-Konto zu deaktivieren. Unser Team hilft Ihnen dabei, zu einem QuiAri-Kundenkonto zu wechseln, damit Sie weiterhin Produkte bestellen und Updates erhalten können.",
  "general_faq_7" : "Wie erhalte ich meine Produkte kostenlos?",
  "general_faq_7_answer" : "So qualifizieren Sie sich für „2 werben und GRATIS-Produkt sichern“ • Sie müssen AutoDelivery mit mindestens 50 SV (Sales Volume) haben. • Sie müssen innerhalb der vergangenen 30 Tage zwei persönlich gesponserte Kunden auf AutoDelivery haben, deren Bestellungen 50 SV oder mehr einbringen. • Sie können nun Produkte GRATIS erhalten! Wenn alle Anforderungen erfüllt wurden, überprüft das System von QuiAri die AutoDelivery-Bestellungen Ihrer Kunden, die innerhalb der letzten 30 Tage 50 SV oder mehr eingebracht haben, und berechnet den Durchschnitt dieser Gesamtsummen. Das Ergebnis ist die Produktgutschrift, die Sie erhalten. Bitte beachten Sie, dass der Gesamtbetrag der Produktgutschrift 118,80 USD nicht überschreiten darf und nicht für Versandkosten, Zölle, Mehrwertsteuer oder sonstige internationale Produktgebühren gilt.",
  "general_inquiry" : "Allgemeine Anfrage",
  "generated_between" : "Generiert zwischen",
  "generated_on" : "Generiert am",
  "get_social" : "Sagen Sie es über Social Media",
  "get_social_info" : "Berichten Sie der ganzen Welt, wie BEGEISTERT Sie von QuiAri sind, indem Sie uns auf Social Media folgen und unsere Beiträge täglich teilen.",
  "grand_total" : "Gesamtbetrag",
  "health_and_fitness" : "Gesundheit und Fitness",
  "hyperwallet_e_wallet" : "E-Wallet Hyperwallet",
  "hyperwallet_faq_1" : "Was ist das E-Wallet Hyperwallet®?",
  "hyperwallet_faq_10" : "Kann ich für meine AutoDelivery direkt von meinen Provisionen über das E-Wallet Hyperwallet® bezahlen?",
  "hyperwallet_faq_10_answer" : "Ja. Sie können für Ihre AutoDelivery auf diese Weise bezahlen, indem Sie das E-Wallet Hyperwallet® über „Mein Konto“ als Zahlungsmethode festlegen.",
  "hyperwallet_faq_11" : "Wie kann ich das Passwort für mein Hyperwallet®-Konto wiederherstellen, wenn ich es verliere oder vergesse?",
  "hyperwallet_faq_11_answer_1" : "Um Ihr Passwort wiederherzustellen, gehen Sie zu {0}, klicken Sie auf „Passwort vergessen“ und geben Sie die E-Mail-Adresse an, die Sie QuiAri bei der Aktivierung Ihres Kontos zur Verfügung gestellt haben.",
  "hyperwallet_faq_11_answer_2" : "Bei Fragen zu Ihrem Hyperwallet®-Konto wenden Sie sich bitte telefonisch an Hyperwallet® unter 1 604 638 6657 oder gebührenfrei in den USA unter 1 877 546 8220 (Mon.–Fri.: 08:00 Uhr–20:00 Uhr Pacific Time, Sa. und So.: 08:00 Uhr–17:00 Uhr Pacific Time). Oder senden Sie eine E-Mail an das Support-Team von Hyperwallet®, indem Sie das {0} Formular auf der Hyperwallet®-Webseite ausfüllen.",
  "hyperwallet_faq_1_answer" : "Das E-Wallet Hyperwallet® ist ein weltweit verfügbares Zahlungssystem, mit denen Promoter ihre Provisionen rund um die Uhr und von überall auf der Welt erhalten, darauf zugreifen und diese verwalten können.",
  "hyperwallet_faq_2" : "Warum verwendet QuiAri das E-Wallet Hyperwallet® für die Auszahlung von Provisionen?",
  "hyperwallet_faq_2_answer" : "Es ist unsere höchste Priorität, dass unsere Promoter weltweit ihre Provisionen schnell, einfach und auf effiziente Weise erhalten.",
  "hyperwallet_faq_3" : "Wie eröffne ich ein Hyperwallet®-Konto?",
  "hyperwallet_faq_3_answer" : "Nachdem Sie Ihre erste Provision erhalten haben, müssen Sie die erforderlichen Informationen auf der Provisionsseite in Ihrem Portal angeben. Sobald Sie alle erforderlichen Informationen bereitgestellt haben, wird Ihr Hyperwallet®-Konto automatisch innerhalb von 5 Werktagen für Sie eingerichtet. Sie erhalten dann eine E-Mail-Bestätigung von QuiAri sowie eine E-Mail von Hyperwallet® mit Informationen darüber, wie Sie Ihr Konto aktivieren können. Alle von Ihnen verdienten Provisionen werden direkt auf Ihr Hyperwallet®-Konto überwiesen. Hinweis: Es fällt eine kleine monatliche Bearbeitungsgebühr von 3,30 USD an.",
  "hyperwallet_faq_4" : "Wie behebe ich meine Provisionen von meinem Hyperwallet®-Konto?",
  "hyperwallet_faq_4_answer" : "Mit einem Hyperwallet®-Konto können Provisionen direkt auf Ihr Bankkonto eingezahlt, überwiesen oder – auf Anfrage und je nach Verfügbarkeit – auf eine Visa®-Debitkarte der Marke QuiAri übertragen werden.",
  "hyperwallet_faq_5" : "Kann ich eine Visa®-Debitkarte von QuiAri über mein Hyperwallet®-Konto erhalten?",
  "hyperwallet_faq_5_answer" : "Ja. Die Visa®-Debitkarte von QuiAri ist in mehr als 185 Ländern erhältlich und ermöglicht es Ihnen, direkt von den Provisionen auf Ihrem Hyperwallet®-Konto zu bezahlen – überall, wo die Zahlung mit Visa® möglich ist!",
  "hyperwallet_faq_6" : "Wie bestelle ich meine Visa®-Debitkarte von QuiAri?",
  "hyperwallet_faq_6_answer" : "Sobald Sie Provisionen verdient und Ihr Hyperwallet®-Konto eingerichtet haben, können Sie eine Visa®-Debitkarte von QuiAri bestellen. Die Karte ist in vielen Ländern weltweit zum Preis von nur 10 USD erhältlich.",
  "hyperwallet_faq_7" : "Kann ich Überweisungen mit dem E-Wallet Hyperwallet® tätigen?",
  "hyperwallet_faq_7_answer" : "Ja, Sie können Geld von Ihren Provisionen an praktisch jeden Ort der Welt überweisen. Überweisungen sind in mehr als 215 Ländern möglich.",
  "hyperwallet_faq_8" : "Fällt eine Bearbeitungsgebühr für verdiente Provisionen an?",
  "hyperwallet_faq_8_answer" : "Es fällt eine kleine Bearbeitungsgebühr von 0,40 USD an, die bei jeder Einzahlung einer Provision auf Ihr Hyperwallet®-Konto abgezogen wird.",
  "hyperwallet_faq_9" : "Sind direkte Einzahlungen auf mein Bankkonto mit dem E-Wallet Hyperwallet® möglich?",
  "hyperwallet_faq_9_answer" : "Ja. Direkte Einzahlungen sind derzeit in fast 50 Ländern möglich.",
  "i_agree" : "Ich stimme zu",
  "if_diferent_from_above" : "Bei Abweichungen zu den obigen Angaben",
  "in_transit" : "Im Transit",
  "inbox" : "Posteingang",
  "income_disclosure_statement" : "Einkommensoffenlegungserklärung",
  "individual_items" : "Einzelartikel",
  "interior_number" : null,
  "international_product_import_fee" : "Internationale Produkt-Einfuhrgebühr",
  "international_promoters" : "Internationale Promoter",
  "international_w9_fields_error" : "Bei der Aktualisierung Ihres Kontos ist ein Fehler aufgetreten. Bitte wenden Sie sich an das Support-Team.",
  "international_w9_fields_info" : "Bitte füllen Sie die folgenden Felder aus, um Ihr E-Wallet-Konto einzurichten.",
  "invalid_card" : "Ungültige Karte",
  "items" : "Artikel",
  "its_go_time_video" : "Video: Zeit, loszulegen",
  "join_date" : "Datum der Registrierung",
  "join_url" : "URL für die Registrierung",
  "joined_on" : "Registriert am",
  "language" : "Sprache",
  "language_settings" : "Spracheinstellungen",
  "larger_orders_description" : "Für größere Bestellungen senden Sie bitte eine E-Mail an {0}",
  "last_name" : "Nachname",
  "launch_plan" : "10-4-2 Launch Plan",
  "launch_plan_info" : "Lernen Sie wichtige Schritte, um mit Ihrem QuiAri-Geschäft ungeahnte Höhen zu erreichen.",
  "lead_capture_link" : "Link zur Lead-Capture-Seite",
  "left" : "Links",
  "left_bottom" : "Links unten",
  "left_leg" : "Linker Strang",
  "left_placement_description" : "Wenn die Position LINKS ausgewählt wird, werden alle persönlich gesponserten Promoter in der nächsten verfügbaren Position auf der unteren Außenseite des linken Stranges platziert.",
  "leg_count" : "Anzahl der Stränge",
  "legal" : "Rechtliche Informationen",
  "lesser_leg_volume" : "Lesser Leg Volume",
  "lesser_volume_leg" : "Lesser Volume Leg",
  "lifestyle" : "Lebensstil",
  "lifestyle_bonus" : "Lifestyle Bonus",
  "limit_product" : "Limit {amount} Artikel pro Bestellung",
  "list_account_numbers" : "Kontonummern",
  "live_opp_pres_english" : "Dienstag: 20:00 Uhr (EST), Sonntag: 20:00 Uhr (EST)",
  "live_opp_pres_french" : "Montag, Mittwoch, Freitag, Samstag: 15:00 Uhr (EST)",
  "live_opp_pres_german" : "Dienstag und Donnerstag: 14:00 Uhr (EST)",
  "live_opp_pres_hindi" : "Montag, Dienstag, Donnerstag, Freitag, Samstag: 10:00 Uhr (EST)",
  "live_opp_pres_kannada" : "Montag, Mittwoch, Freitag: 11:30 Uhr (EST)/21:00 Uhr (IST)",
  "live_opp_pres_south_africa" : null,
  "live_opp_pres_spanish" : "Montag bis Freitag: 21:00 Uhr (EST), Montag, Mittwoch, Freitag: 10:00 Uhr (EST), Samstag: 12:00 Uhr (EST)",
  "live_opp_pres_vietnamese" : "Montag und Mittwoch: 08:30 Uhr (EST)",
  "live_opportunity_presentations" : "Laden Sie potenzielle Kunden zu unseren LIVE-Präsentationen über die Geschäftsmöglichkeit ein, die täglich in mehreren Sprachen stattfinden.",
  "live_opportunity_presentations_title" : "LIVE-Präsentationen zur Geschäftsmöglichkeit",
  "live_presentation_schedules" : "Zeitplan für die Live-Präsentation",
  "live_purple_diamond_english" : "Dienstag: 20:30 Uhr (EST), Samstag: 15:00 Uhr (EST)",
  "live_purple_diamond_french" : "Samstag: 13:00 Uhr (EST)",
  "live_purple_diamond_guide_training_title" : "Purple Diamond Guide-LIVE-Schulung",
  "live_purple_diamond_guide_trainings" : "Laden Sie Promoter ein, an unseren Purple Diamond-LIVE-Schulungen teilzunehmen, die täglich in mehreren Sprachen stattfinden.",
  "live_purple_diamond_hindi" : "Mittwoch: 10 Uhr (EST)",
  "live_purple_diamond_spanish" : "Samstag: 12:30 Uhr (EST), Dienstag: 12:00 Uhr (EST)",
  "live_purple_diamond_vietnamese" : "Freitag: 08:30 Uhr (EST)",
  "llc_c_corporation" : "C-Corporation",
  "llc_proprietary" : "Geschützt",
  "llc_s_corporation" : "S-Corporation",
  "llc_tax_classification" : "LLC-Steuerklassifikation",
  "location" : "Ort",
  "log_out" : "Abmelden",
  "login" : "Anmelden",
  "love" : "LOVE",
  "mailing_address" : "Mailingliste",
  "make_this_my_default_address" : "Dies als meine Standardadresse festlegen",
  "make_this_my_default_payment_method" : "Dies als meine Standardzahlungsmethode festlegen",
  "manage_autodelivery" : "AutoDelivery verwalten",
  "maqui" : "Maqui",
  "matching_bonus" : "Matching Bonus",
  "medical_and_drug_claims" : "Medizinische oder Arzneimittel betreffende Behauptungen von QuiAri",
  "member_id" : "Mitglieds-ID",
  "message" : "Nachricht",
  "mobile" : "Mobile Benachrichtigungen",
  "month" : "Monat | Monate",
  "my_account" : "Mein Konto",
  "my_addresses" : "Meine Adressen",
  "my_autodelivery" : "Meine AutoDelivery",
  "my_cart" : "Mein Warenkorb",
  "my_customers" : "Meine Kunden",
  "my_notifications" : "Meine Benachrichtigungen",
  "my_order" : "Meine Bestellung",
  "my_payment_methods" : "Meine Zahlungsmethoden",
  "my_profile" : "Mein Profil",
  "my_promoter" : "Mein Promoter",
  "my_promoters" : "Meine Promoter",
  "my_ranks" : "Meine Ränge",
  "my_shipping_addresses" : "Meine Lieferadressen",
  "my_team" : "Mein Team",
  "my_vouchers" : "Meine Gutscheine",
  "name" : "Name",
  "name_on_card" : "Name auf der Karte",
  "need_help" : null,
  "new" : "NEU",
  "new_message" : "Neue Nachricht",
  "new_password" : "Neues Passwort",
  "next" : "Weiter",
  "no" : "Nein",
  "no_autodelivery" : "Keine AutoDelivery",
  "no_commission_during_this_period" : "Sie haben in dieser Zeit keine Provisionsränge erreicht.",
  "no_commissions_earned" : "Sie haben noch keine Provisionen verdient.",
  "no_payment_method_selected" : "Keine Zahlungsmethode ausgewählt",
  "no_ranks_earned_during_this_period" : "Keine Ränge in dieser Zeit erreicht",
  "no_recognition_ranks_during_this_period" : "Sie haben in dieser Zeit keine Anerkennungsränge erreicht.",
  "no_shipping_address_selected" : "Keine Lieferadresse ausgewählt",
  "no_tracking_information_available" : "Keine Tracking-Informationen verfügbar",
  "no_volume_earned_during_this_period" : "Keine Volumen in dieser Zeit erreicht",
  "non_qualified" : "Nicht qualifiziert",
  "not_applicable" : "Nicht zutreffend",
  "notification_preferences" : "Benachrichtigungseinstellungen",
  "notifications_autodelivery_emails" : "E-Mail-Updates zur AutoDelivery erhalten",
  "notifications_rank_advancement_emails" : "E-Mails zum Rangaufstieg erhalten",
  "notifications_user_joined_emails" : "E-Mails zur Registrierung von Kunden/Promotern erhalten",
  "num_months" : "{{amount}} Monate",
  "only_autodelivery" : "Nur AutoDelivery",
  "oops" : "Hoppla!",
  "open" : "Öffnen",
  "opportunity" : "Geschäftsmöglichkeit",
  "opportunity_presentation" : "Präsentation zur Geschäftsmöglichkeit",
  "opportunity_presentation_speaker_notes" : "Notizen über die Präsentation zur Geschäftsmöglichkeit",
  "optional" : "optional",
  "order_date" : "Bestelldatum",
  "order_details" : "Bestellinformationen",
  "order_history" : "Bestellhistorie",
  "order_id" : "Bestell-ID",
  "order_now" : "Jetzt bestellen",
  "order_num" : "Bestellnr.",
  "order_number" : "Bestellnr. {id}",
  "order_placed_on" : "Aufgegeben am {date}",
  "order_summary" : "Bestellübersicht",
  "order_tracking" : "Verfolgung der Bestellung",
  "ordering_shipping_and_returns" : "Bestellung, Versand und Rücksendungen",
  "ordering_shipping_and_returns_faq_1" : "Liefert QuiAri Produkte weltweit aus?",
  "ordering_shipping_and_returns_faq_1_answer" : "Oh ja! Wir liefern Produkte an praktisch JEDEN ORT weltweit.",
  "ordering_shipping_and_returns_faq_2" : "Wann erhalte ich meine QuiAri-Produkte?",
  "ordering_shipping_and_returns_faq_2_answer" : "Ihre Bestellung verlässt unser Lager innerhalb von 1–2 Werktagen. Wir nutzen mehrere Versanddienstleister weltweit, um sicherzustellen, dass Ihre Produkte so schnell wie möglich bei Ihnen ankommen. Der Versand dauert in der Regel 3–10 Werktage. Sollten Sie Fragen zur Verfolgung Ihrer Bestellung haben, kontaktieren Sie bitte unser Support-Team unter",
  "ordering_shipping_and_returns_faq_3" : "Wie lautet Ihre Rückgaberichtlinie?",
  "ordering_shipping_and_returns_faq_3_answer_1" : "QuiAri bietet allen Promotern und Kunden ein Rückgaberecht von 30 Tagen ab dem Datum der Bestellung für die verkauften Produkte. Rückerstattungen für ungeöffnete Produkte in wiederverkaufbarem Zustand werden zu 100 % des Originalkaufpreises, abzüglich einer Rücknahmegebühr von 10 %, gewährt.",
  "ordering_shipping_and_returns_faq_3_answer_2" : "Rückerstattungen für geöffnete, teilweise genutzte oder anderweitig beschädigte Produkte belaufen sich auf 50 % Prozent des Originalkaufpreises. Versand- und Bearbeitungskosten, Steuern, Zölle und Abgaben werden bei Rückgaben nicht erstattet. Weitere Informationen zu unserer Rückgaberichtlinie finden Sie in unseren Richtlinien und Verfahren.",
  "ordering_shipping_and_returns_faq_3_answer_3" : null,
  "ordering_shipping_and_returns_faq_4" : "Erlaubt QuiAri den Umtausch von Produkten?",
  "ordering_shipping_and_returns_faq_4_answer" : "Wir akzeptieren keinen Umtausch von Produkten jeglicher Art.",
  "ordering_shipping_and_returns_faq_5" : "Wie gehe ich vor, wenn meine Produkte beschädigt bei mir ankommen?",
  "ordering_shipping_and_returns_faq_5_answer_1" : "Für Schäden, die beim Versand entstehen, ist das Versandunternehmen verantwortlich. Kunden, die beschädigte Waren erhalten, sollten so vorgehen:",
  "ordering_shipping_and_returns_faq_5_answer_2" : "Lieferung annehmen",
  "ordering_shipping_and_returns_faq_5_answer_3" : "Schäden dokumentieren",
  "ordering_shipping_and_returns_faq_5_answer_4" : "Beim Versandunternehmen reklamieren",
  "ordering_shipping_and_returns_faq_5_answer_5" : "Das Support-Team von QuiAri ({0}) innerhalb von 24 Stunden darüber informieren",
  "ordering_shipping_and_returns_faq_6" : "Was sind die Versandkosten und die Versanddauer von QuiAri?",
  "ordering_shipping_and_returns_faq_6_answer" : "Für Schäden, die beim Versand entstehen, ist das Versandunternehmen verantwortlich. Promoter oder Kunden, die beschädigte Waren erhalten, sollten so vorgehen:",
  "orders" : "Bestellungen",
  "other" : "Sonstige",
  "p65_site" : "www.P65Warnings.ca.gov",
  "packages" : "Pakete",
  "paid_on" : "Bezahlt am",
  "password" : "Passwort",
  "password_updated" : "Ihr Passwort wurde aktualisiert.",
  "payment" : "Zahlung",
  "payment_issue" : "Es gab ein Problem mit Ihrer Zahlungsmethode.",
  "payment_method" : "Zahlungsmethode",
  "payment_method_instructions" : "Geben Sie die erforderlichen Angaben unten ein, um diese Zahlungsmethode hinzuzufügen.",
  "payment_method_required" : "Zahlungsmethode erforderlich",
  "payment_method_required_description" : "Bitte wählen Sie eine Zahlungsmethode aus.",
  "personally_sponsored_rank_history" : "Ranghistorie persönlich gesponserter Personen",
  "phone_number" : "Telefonnummer",
  "placed_on" : "Aufgegeben am",
  "placing_order" : "Bestellung wird aufgegeben …",
  "policies_and_procedures" : "Richtlinien und Verfahren",
  "postal_code" : "Postleitzahl",
  "prepaid_autodelivery" : "Prepaid AutoDelivery",
  "prepaid_autodelivery_description" : "Prepaid AutoDelivery ist das monatliche Lieferprogramm von QuiAri. Wie ein Abonnement bietet Prepaid AutoDelivery Kunden und Promotern die Möglichkeit, ihre Lieblingsprodukte von QuiAri automatisch jeden Monat geliefert zu bekommen. GROSSARTIGE Neuigkeiten – Mit Prepaid AutoDelivery sparen Sie jeden Monat weitere 10 %–12 %.",
  "prepaid_months_remaining" : "{amount} Prepaid-Monate verbleibend",
  "prepaid_no_refund_description" : null,
  "previous" : "Zurück",
  "previous_month_rank" : "Rang des letzten Monats",
  "price" : "Preis",
  "primary" : "Primär-",
  "primary_address" : null,
  "prime_gel_description" : "Enthält: 1 Box Prime Gel (30 Portionen)",
  "prime_gel_only_packs" : "Nur Prime Gel Packs",
  "priority_shipping" : "Express-Versand",
  "product" : "Produkt",
  "product_brochure" : "Produktbroschüre",
  "product_day_supply" : "{num}-Tage-Vorrat",
  "product_launch_plan_booklet" : "10-4-2 Launch Plan (Broschüre)",
  "product_month_supply" : "{num}-Monatsvorrat",
  "product_pdfs" : "Produkt-PDFs",
  "products" : "Produkte",
  "products_faq_1" : "Wo finde ich weitere Informationen über die Produkte von QuiAri?",
  "products_faq_10" : "Hilft mir QuiAri Energy dabei, abzunehmen?",
  "products_faq_10_answer_1" : "Unsere exklusiven Zutaten sind perfekt aufeinander abgestimmt, um die Gewichtsabnahme zu fördern und Ihnen Energie zu liefern.",
  "products_faq_10_answer_2" : "Die Maqui-Beere ist die neue Nummer 1 unter den Superfrüchten und bietet bis zu 5 Mal mehr Antioxidantien als jede andere Superfrucht. MaquiX® ist ein hochkonzentrierter organischer Extrakt, der die natürliche Kraft der Maqui-Beere noch verstärkt.",
  "products_faq_10_answer_3_1" : "Grüntee-Extrakt",
  "products_faq_10_answer_3_2" : "Grüntee-Extrakt kann in Kombination mit einer gesunden Ernährung und Bewegung bei der Gewichtsabnahme helfen.",
  "products_faq_10_answer_4_1" : "Energy Blend",
  "products_faq_10_answer_4_2" : "Der Schlüssel zur thermogenen Gewichtsabnahme: Unser einzigartiger Energy Blend hilft Ihnen dabei, Kalorien und Fett zu verbrennen und fördert so die Gewichtsabnahme.",
  "products_faq_11" : "Was ist in unserem Energy Blend?",
  "products_faq_11_answer_1" : "Unser Energy Blend basiert auf einer leistungsstarken Kombination von Inhaltsstoffen, die Ihren Körper im optimalen Fettverbrennungsmodus halten.",
  "products_faq_11_answer_2_1" : "Zimtrinde",
  "products_faq_11_answer_2_2" : "Fördert die Verdauungstätigkeit und Darmgesundheit und wirkt entzündungshemmend",
  "products_faq_11_answer_3_1" : "Cayennepfeffer",
  "products_faq_11_answer_3_2" : "Regt den Stoffwechsel an, zügelt den Appetit und fördert die Verdauungstätigkeit und Darmgesundheit",
  "products_faq_11_answer_4_1" : "Schwarzer Pfeffer",
  "products_faq_11_answer_4_2" : "Enthält Antioxidantien und fördert die Nährstoffaufnahme",
  "products_faq_11_answer_5_1" : "Ingwerwurzel",
  "products_faq_11_answer_5_2" : "Fördert die Verdauungstätigkeit und wirkt entzündungshemmend",
  "products_faq_12" : "Wie viel Energie gibt mir QuiAri Energy?",
  "products_faq_12_answer" : "QuiAri Energy ist die beste Option für einen reinen, gesunden Energieschub. Mit Hilfe von Grüntee-Extrakt und unseres grünen Kaffeebohnen-Extraktes MaquiX™ liefert QuiAri Energy 150 mg natürliche Energie – das Äquivalent von einer bis zwei Tassen Kaffee – für Ausdauer und langanhaltende Energie den ganzen Tag über.",
  "products_faq_13" : "Wie viele Portionen QuiAri Energy erhalte ich?",
  "products_faq_13_answer" : "Jede Dose bzw. jeder Beutel mit Einzelportionspackungen bietet genug Tabletten für einen Monatsvorrat.",
  "products_faq_14" : "Was ist Maqui?",
  "products_faq_14_answer" : "Die nährstoffreiche Maqui-Beere stammt aus der unberührten Bergregion Patagonien in Chile und ist seit Jahrhunderten für ihre gesundheitsfördernden Vorteile bekannt. Maqui liefert eine bis zu fünf Mal stärkere antioxidative Leistung als jede bisher bekannte Superfrucht.",
  "products_faq_15" : "Was ist MaquiX™?",
  "products_faq_15_answer" : "QuiAri hat sich mit dem weltweit führenden Maqui-Beeren-Forscher zusammengetan, um MaquiX® zu entwickeln – einen exklusiven, hochkonzentrierten und organischen Extrakt, der die Wirkung der Maqui-Beere um das bis zu 10-fache steigert.",
  "products_faq_16" : "Was ist die 90-Day Kickstart Challenge?",
  "products_faq_16_answer_1" : "Die 90-Day Kickstart Challenge ist ein Anstoß zur Veränderung des Lebensstils in zwei Schritten, durch die Sie sich SCHNELL besser fühlen und gesünder aussehen.",
  "products_faq_16_answer_2" : "Schritt 1: Beginnen Sie den Tag mit einem leckeren QuiAri Shake.",
  "products_faq_16_answer_3" : "Schritt 2: Nehmen Sie unser Nahrungsergänzungsmittel QuiAri Energy ein, um Ihrem Körper genug Energie für den ganzen Tag zuzuführen.",
  "products_faq_16_answer_4" : "Und das war‘s schon – Sie haben die Challenge abgeschlossen. In nur 90 Tagen wird Ihre Gesundheit und Ihr Energieniveau wie verwandelt sein.",
  "products_faq_17" : "Kann ich die Produkte von QuiAri verwenden, wenn ich an einer Krankheit leide oder Medikamente einnehme?",
  "products_faq_17_answer" : "Wenn Sie an einer Krankheit leiden oder Medikamente einnehmen, konsultieren Sie bitte Ihren Arzt, bevor Sie Produkte von QuiAri verwenden.",
  "products_faq_18" : "Was kann ich über die Produkte sagen, wenn ich für QuiAri werbe?",
  "products_faq_18_answer" : "Siehe {0}",
  "products_faq_19" : "Kann ich Produkte von QuiAri auch ohne Promoter-ID kaufen?",
  "products_faq_19_answer" : "Sie benötigen eine Promoter-ID, um Produkte kaufen zu können. Wenn der Promoter, der Sie an QuiAri verwiesen hat, Ihnen seine Nummer nicht mitgeteilt hat, kontaktieren Sie ihn bitte direkt. Sie haben keine Promoter-ID? Kontaktieren Sie bitte {0} bei Fragen rund um Ihre Bestellung.",
  "products_faq_1_answer" : "Weitere Informationen über alle Produkte von QuiAri finden Sie hier: {0}.",
  "products_faq_2" : "Wann sollte ich meinen QuiAri Shake trinken?",
  "products_faq_20" : "Wie gehe ich vor, wenn ich so begeistert von Produkten von QuiAri bin, dass ich selbst QuiAri-Promoter werden möchte?",
  "products_faq_20_answer" : "Es ist ganz einfach, Promoter zu werden. Registrieren Sie sich einfach KOSTENLOS über das Kundenportal. Sie erhalten unmittelbar alle Informationen, die Sie benötigen, um Ihr QuiAri-Geschäft mit den folgenden Tools aufzubauen: einer selbstreplizierenden Marketing-Webseite, einem Portal, einer mobile App und vielem mehr.",
  "products_faq_21" : "Wie verwende ich die Produkte?",
  "products_faq_21_answer_1" : "Schritt 1: Beginnen Sie den Tag mit einem leckeren QuiAri Shake.",
  "products_faq_21_answer_2" : "Schritt 2: Nehmen Sie 1–2 Tabletten des Nahrungsergänzungsmittels QuiAri Energy ein, um Ihrem Körper genug Energie für den ganzen Tag zuzuführen.",
  "products_faq_21_answer_3" : "Schritt 3: Genießen Sie im Laufe des Tages 1–2 köstliche Gel Packets. Einfach aufreißen und genießen!",
  "products_faq_22" : "Wie viel kosten die neuen Promoter Packs und was enthalten sie?",
  "products_faq_22_answer_1" : "So sehen die neuen Promoter Packs aus:",
  "products_faq_22_answer_10" : "4 Beutel QuiAri Shake, 4 Dosen QuiAri Energy",
  "products_faq_22_answer_11" : "7 Pack: 1.199 USD (500 SV) Bestes Preis-Leistungsverhältnis",
  "products_faq_22_answer_12" : "6 Monate UNBEGRENZTE Speed Bonuszahlungen",
  "products_faq_22_answer_13" : "7 Beutel QuiAri Shake, 7 Dosen QuiAri Energy",
  "products_faq_22_answer_14" : "",
  "products_faq_22_answer_15" : "",
  "products_faq_22_answer_16" : "",
  "products_faq_22_answer_17" : "",
  "products_faq_22_answer_18" : "",
  "products_faq_22_answer_19" : "",
  "products_faq_22_answer_2" : "1 Pack: 125 USD (75 SV)",
  "products_faq_22_answer_20" : "",
  "products_faq_22_answer_21" : "",
  "products_faq_22_answer_22" : "",
  "products_faq_22_answer_23" : "",
  "products_faq_22_answer_24" : "",
  "products_faq_22_answer_25" : "",
  "products_faq_22_answer_26" : "",
  "products_faq_22_answer_27" : "",
  "products_faq_22_answer_3" : "1 Monat UNBEGRENZTE Speed Bonuszahlungen",
  "products_faq_22_answer_4" : "1 Beutel QuiAri Shake, 1 Dose QuiAri Energy",
  "products_faq_22_answer_5" : "2 Pack: 250 USD (150 SV)",
  "products_faq_22_answer_6" : "2 Monate UNBEGRENZTE Speed Bonuszahlungen",
  "products_faq_22_answer_7" : "2 Beutel QuiAri Shake, 2 Dosen QuiAri Energy",
  "products_faq_22_answer_8" : "4 Pack: 500 USD (300 SV)",
  "products_faq_22_answer_9" : "3 Monate UNBEGRENZTE Speed Bonuszahlungen",
  "products_faq_23" : "Erhalte ich für jede Bestellung eines Produktpakets einen Speed Bonus?",
  "products_faq_23_answer_1" : "Nein. Der Speed Bonus wird nur für den ersten Kauf eines Produktpakets vergeben.",
  "products_faq_23_answer_2" : "Ihre Gutscheine sind ab dem Kaufdatum ein Jahr lang gültig.",
  "products_faq_23_answer_3" : "Bitte beachten Sie, dass der Gutscheinbetrag nicht für die Kosten eines Upgrades auf Einzelportionen, Versandgebühren, Umsatzsteuer, Mehrwertsteuer oder internationale Einfuhrgebühren gilt. Diese müssen vom Promoter bei der Einlösung des Gutscheins über das Promoter-Portal von QuiAri bezahlt werden.",
  "products_faq_23_answer_4" : "",
  "products_faq_24" : "Was ist QuiAri Prime?",
  "products_faq_24_answer_1" : "Unser Prime Gel ist eine köstliche Mischung aus wissenschaftlich erprobten, patentrechtlich geschützten Zutaten, die speziell wegen ihrer hohen Konzentration an wirkungsvollen Antioxidantien, ihres Nährwertprofils und ihres himmlischen Geschmacks ausgewählt wurden. Neben Maqui-Beere, MaquiX®, S.O.D., Resveratrol, & Pterostilbene (unser Youth X Blend) enthält unser Prime Gel auch Aloe Vera sowie Traubenkern- und Grüntee-Extrakte, um Schäden durch freie Radikale zu reparieren, die Zellen vor neuen Schäden zu schützen und vorzeitigen Anzeichen der Alterung entgegenzuwirken.",
  "products_faq_25" : "Wie nimmt man Prime ein?",
  "products_faq_25_answer_1" : "Einfach aufreißen und genießen! Genießen Sie im Laufe des Tages 1–2 köstliche Gel Packets.",
  "products_faq_2_answer" : "Trinken Sie Ihren QuiAri Shake morgens, um optimal in den Tag zu starten.",
  "products_faq_3" : "Hilft mir QuiAri Shake dabei, abzunehmen?",
  "products_faq_3_answer_1" : "QuiAri Shake basiert auf einer patentrechtlich geschützten Mischung von Zutaten, die die Gewichtsabnahme unterstützt:",
  "products_faq_3_answer_2" : "Die Maqui-Beere ist die neue Nummer 1 unter den Superfrüchten und bietet bis zu 5 Mal mehr Antioxidantien als jede andere Superfrucht. MaquiX® ist ein hochkonzentrierter organischer Extrakt, der die natürliche Kraft der Maqui-Beere noch verstärkt.",
  "products_faq_3_answer_3" : "QuiAri Shake mit Molke enthält 16 g Protein pro Portion und hilft Ihnen, Ihren Appetit zu zügeln, Sie beim Gewichtsmanagement zu unterstützen und vieles mehr.",
  "products_faq_4" : "Wie viele Kalorien hat QuiAri Shake?",
  "products_faq_4_answer" : "QuiAri Shake hat nur 120 Kalorien pro Portion.",
  "products_faq_5" : "Ist QuiAri Shake glutenfrei?",
  "products_faq_5_answer" : "Ja, QuiAri Shake ist glutenfrei.",
  "products_faq_6" : "Enthält QuiAri Shake Zuckerzusätze?",
  "products_faq_6_answer" : "QuiAri Shake enthält KEINE Zuckerzusätze.",
  "products_faq_7" : "Wie viele Portionen sind in einem Beutel QuiAri Shake?",
  "products_faq_7_answer" : "Jeder Beutel enthält 28 Portionen und somit einen Monatsvorrat.",
  "products_faq_8" : "Welches Grünzeug ist im Greens Blend enthalten?",
  "products_faq_8_answer" : "QuiAri Shake nutzt leistungsstarkes Grünzeug, um Ihnen beim Gewichtsmanagement zu helfen und Ihren Stoffwechsel anzuregen.",
  "products_faq_8_answer_1_1" : "Spinat",
  "products_faq_8_answer_1_2" : "Unterstützt ein gesundes Altern und reguliert den Blutdruck",
  "products_faq_8_answer_2_1" : "Chlorella",
  "products_faq_8_answer_2_2" : "Unterstützt ein gesundes Altern und stärkt das Immunsystem",
  "products_faq_8_answer_3_1" : "Brokkoli-Extrakt",
  "products_faq_8_answer_3_2" : "Fördert die Hautgesundheit",
  "products_faq_8_answer_4_1" : "Grünkohl",
  "products_faq_8_answer_4_2" : "Fördert die Gewichtsabnahme und liefert Antioxidantien und Vitamin C",
  "products_faq_8_answer_5_1" : "Luzerne",
  "products_faq_8_answer_5_2" : "Unterstützt einen gesunden Stoffwechsel",
  "products_faq_8_answer_6_1" : "Spirulina",
  "products_faq_8_answer_6_2" : "Fördert die allgemeine Gesundheit mit einer Reihe von Nährstoffen und einem hohen Proteingehalt",
  "products_faq_9" : "Wann sollte ich QuiAri Energy zu mir nehmen?",
  "products_faq_9_answer" : "Nehmen Sie zweimal täglich 1 Tablette. Trinken Sie täglich mindestens 8 Gläser Wasser. QuiAri Energy wirkt am besten, wenn es mit QuiAri Shake und QuiAri Prime Gel kombiniert wird.",
  "profile_name_validation_message" : "Der Name muss weniger als 100 Zeichen enthalten",
  "promoter_details" : "Promoter-Angaben",
  "promoter_id" : "Promoter-ID",
  "promoter_package_kickstart_description" : "Es ist die perfekte Wahl für eine Person, um mit der Kickstart Challenge zu beginnen. Es enthält ausreichend Produkte für vier Wochen.",
  "promoter_upgrade" : "Ihr Konto wurde zu einem Promoter-Konto hochgestuft.",
  "purple_diamond_guide" : "Purple Diamond Guide",
  "purple_diamond_guide_description" : "Befolgen Sie die einfachen Schritte, um den Rang Purple Diamond zu erreichen.",
  "purple_diamond_guide_training_slides" : "Purple Diamond Guide-Schulungsunterlagen",
  "qualifications" : "Qualifikationen",
  "qualifications_active" : "Aktiv",
  "qualifications_join_date" : "Datum der Registrierung",
  "qualifications_personal_sales_vol" : "Personal Sales Volume",
  "qualifications_previous_month_commission_rank" : "Provisionsrang des vergangenen Monats",
  "qualifications_recognition_rank" : "Anerkennungsrang",
  "qualifications_speed_bonus_vol" : "Speed Bonus Volume",
  "qualified" : "Qualifiziert",
  "quantity" : "Menge",
  "quiari_medical_and_drug_claims" : "Medizinische oder Arzneimittel betreffende Behauptungen von QuiAri",
  "quiari_mobile_app" : "Mobile QuiAri-App",
  "quiari_promoter_id" : "QuiAri-Promoter-ID",
  "quiari_swag_description" : "Starten Sie MODISCH durch! Holen Sie sich alles, was Sie für Ihr Geschäft benötigen: Kappen, Sportbekleidung, Shaker, Autoaufkleber und vieles mehr.",
  "quiari_testimonial" : "QuiAri-Referenz",
  "quiari_testimonial_info" : "Füllen Sie die Felder unten aus, um Ihr Erfolgserlebnis oder eine inspirierende Botschaft für andere Promoter bei QuiAri zu teilen.",
  "rank" : "Rang",
  "rank_advancement" : "Rangaufstieg",
  "rank_and_bonuses" : "Rang und Bonuszahlungen",
  "rank_champion" : null,
  "rank_crown_purple_diamond" : null,
  "rank_diamond" : null,
  "rank_grand_purple_diamond" : null,
  "rank_green_diamond" : null,
  "rank_hero" : null,
  "rank_history" : "Ranghistorie",
  "rank_legend" : null,
  "rank_promoter" : null,
  "rank_purple_diamond" : null,
  "rank_qualification" : "Rangqualifikation",
  "rank_qualification_faq_1" : "Wie erreiche ich verschiedene Ränge?",
  "rank_qualification_faq_1_answer_1" : "Jeder Rang setzt ein bestimmtes Sales Volume voraus, das im entsprechenden Provisionsmonat im Lesser Volume Leg erreicht werden muss.",
  "rank_qualification_faq_1_answer_2" : "Vergütungsplan",
  "rank_qualification_faq_2" : "Worin besteht der Unterschied zwischen meinem Provisionsrang und meinem Anerkennungsrang?",
  "rank_qualification_faq_2_answer_1" : "Der Provisionsrang ist der Rang, in dem Sie derzeit bezahlt werden. Dieser wird auf der Grundlage des Sales Volume (SV) und anderen Anforderungen des QuiAri-Vergütungsplans in jedem Provisionsmonat bestimmt.",
  "rank_qualification_faq_2_answer_2" : "Der Anerkennungsrang ist der höchste Rang, den Sie jemals erreicht haben.",
  "rank_qualification_faq_3" : "Wann werden die Kommissionsränge bewertet?",
  "rank_qualification_faq_3_answer" : "Der Provisionsrang wird am 1. jeden Monats auf der Grundlage des/der Vormonate(s) ermittelt. Bitte beachten Sie, dass unser Monatsende um Mitternacht, UTC (Coordinated Universal Time), berechnet wird.",
  "rank_rising_star" : null,
  "rank_rock_star" : null,
  "rank_shooting_star" : null,
  "rank_star" : null,
  "rank_super_star" : null,
  "reason" : "Grund",
  "recognition" : "Resonanz",
  "recognition_rank" : "Anerkennungsrang",
  "recover" : "Wiederherstellen",
  "recover_account" : "Konto wiederherstellen",
  "recover_account_description" : "Bitte geben Sie die E-Mail-Adresse ein, mit der Sie sich bei QuiAri angemeldet haben. Sie werden eine E-Mail mit Informationen zum Wiederherstellungsvorgang an die angegebene E-Mail-Adresse erhalten.",
  "recover_invalid_email" : "Für diese Wiederherstellungsanfrage wurde eine ungültige E-Mail-Adresse angegeben.",
  "recover_max_limit_reached" : "Sie haben das Limit der Wiederherstellungsversuche erreicht. Bitte versuchen Sie es in 24 Stunden erneut.",
  "recover_successful" : "Eine E-Mail mit einer Anleitung zum Zurücksetzen Ihres Passworts wurde erfolgreich gesendet.",
  "redeem_now" : "Jetzt einlösen",
  "redeem_voucher" : "Gutschein einlösen",
  "redeemable_on" : "Einlösbar am",
  "redeemed_on" : "Eingelöst am",
  "refund" : "Rückerstattung",
  "refund_processed" : "Rückerstattung über {amount} bearbeitet am {date}",
  "remove" : "Entfernen",
  "remove_all" : "Alle entfernen",
  "reorder" : "Erneut bestellen",
  "reports" : "Berichte",
  "required" : "Erforderlich",
  "reset" : "Zurücksetzen",
  "resources" : "Ressourcen",
  "results" : "Ergebnisse",
  "review_order" : "Bestellungsübersicht",
  "review_order_8" : "Gesamtbeträge überprüfen",
  "review_package" : null,
  "review_products" : null,
  "right" : "Rechts",
  "right_bottom" : "Rechts unten",
  "right_leg" : "Rechter Strang",
  "right_placement_description" : "Wenn die Position RECHTS ausgewählt wird, werden alle persönlich gesponserten Promoter in der nächsten verfügbaren Position auf der unteren Außenseite des rechten Stranges platziert.",
  "sales" : "Verkäufe",
  "sales_receipt" : "Verkaufsbestätigung",
  "sales_reciept" : "Verkaufsbestätigung",
  "sales_volume" : "Sales Volume",
  "sales_volume_amount" : "{amount} Sales Volume",
  "sales_volume_left" : "Sales Volume links",
  "sales_volume_right" : "Sales Volume rechts",
  "sample_cards" : "Musterkarten",
  "sampler_pack_description" : "Umfasst einen 5-Tages-Vorrat an QuiAri Shake (Beutel) und QuiAri Energy (Sachet) für die persönliche Nutzung.",
  "save" : "SPAREN Sie {{amount}}",
  "save_autodelivery" : "AutoDelivery speichern",
  "save_changes" : "Änderungen speichern",
  "savings" : "Ersparnisse ({amount} %)",
  "search" : "Suche",
  "search_error" : "Fehler bei der Suche",
  "see_instructions" : "Siehe Anweisungen",
  "select" : "Auswählen",
  "select_a_country_to_view_options" : "Wählen Sie ein Land aus, um die Optionen anzuzeigen",
  "select_card" : "Karte auswählen",
  "select_language" : "Sprache auswählen",
  "select_payment_type" : "Art der Zahlungsmethode auswählen",
  "select_preferred_payment_method" : "Bevorzugte Zahlungsmethode auswählen",
  "select_products" : "Produkte auswählen",
  "self_replication_prefix" : "Selbstreplizierender Präfix",
  "self_replication_prefix_description" : "Der selbstreplizierende Präfix dient der Bestimmung der URL Ihrer Webseite. Wenn Ihr selbstreplizierender Präfix beispielsweise „quiarirocks“ ist, lautet die URL der Webseite https://quiarirocks.quiari.com.",
  "sent" : "Gesendet",
  "serving_bag" : "{amount} Portionsbeutel",
  "settings" : "Einstellungen",
  "setup_ewallet_account" : "Richten Sie Ihr E-Wallet-Konto ein",
  "shake_chocolate_description" : "Enthält: 1 Schokoladen-Shake-Beutel in Vorteilsgröße (28 Portionen)",
  "shake_chocolate_single_description" : "Enthält: 1 Schokoladen-Shake-Beutel (14 Portionen)",
  "shake_energy_packs" : "Shake & Energy Packs",
  "shake_energy_prime_packs" : "Shake, Energy und Prime Gel Packs",
  "shake_vanilla_description" : "Enthält: 1 Vanille-Shake-Beutel in Vorteilsgröße (28 Portionen)",
  "shake_vanilla_single_description" : "Enthält: 1 Vanille-Shake-Beutel (14 Portionen)",
  "share" : "SHARE",
  "share_using_self_replicated_website" : "Begeistern Sie noch mehr Menschen von QuiAri mit Ihrer selbstreplizierenden Marketing-Webseite",
  "shipped_to" : "Geliefert an",
  "shipping_Rates_individual_1" : "Einzelartikel (Bestellungen unter 50 USD)",
  "shipping_Rates_individual_2" : "Einzelartikel (Bestellungen über 50 USD)",
  "shipping_address" : "Lieferadresse",
  "shipping_address_and_billing_information" : "Lieferadresse und Rechnungsangaben",
  "shipping_address_create" : "Neue Lieferadresse erstellen",
  "shipping_address_required" : "Lieferadresse erforderlich",
  "shipping_address_required_description" : "Bitte wählen Sie eine Lieferadresse aus",
  "shipping_and_billing_information" : "Versand- und Rechnungsangaben",
  "shipping_and_billing_information_description" : "Bitte wählen Sie die Liefer- und Rechnungsangaben sowie die bevorzugte Zahlungsmethode aus.",
  "shipping_and_handling" : "Versand und Bearbeitung",
  "shipping_autodelivery" : "Diese Lieferadresse für meine nächste AutoDelivery verwenden",
  "shipping_estimate" : "Für den Versand benötigen wir 2–10 Werktage. Die Versandzeiten variieren je nach Wohnort.",
  "shipping_information" : "Versandangaben",
  "shop_now" : "Jetzt kaufen",
  "shopping_cart_1" : "1-Monatsvorrat an QuiAri Shake und QuiAri Energy",
  "showing" : "Angezeigt",
  "sign_here" : "Hier unterzeichnen",
  "single_serve_upgrade_description" : "Upgrade der gesamten Bestellung auf Einzelportionspackungen zum Aufpreis von {{amount}}",
  "social_media_best_practices" : null,
  "social_security_number" : "Sozialversicherungsnummer",
  "speed_bonus" : "Speed Bonus",
  "speed_bonus_countdown" : "Speed-Bonus-Countdown",
  "sponsor" : "Sponsor",
  "sponsor_id" : "Sponsor-ID",
  "sponsor_link" : "Sponsor-Link",
  "sponsor_placement_description" : "Once Placed, Cannot Move as Calculations are made and Paid in Real Time",
  "sponsorship_sign_up" : "Sponsoring-Registrierung",
  "sponsorship_sign_up_description" : "Senden Sie den Anmeldelink per E-Mail oder SMS an Ihren potenziellen Kunden, oder kopieren Sie den Link, um die Anmeldung selbst auszufüllen.",
  "sponsorship_sign_up_sponsor_id" : "Wenn Sie nicht der Sponsor dieses potenziellen Kunden sind, geben Sie die Sponsor-ID unten ein.",
  "standard_pack_description" : "Enthält: 2 Boxen Prime Gel 2 Shake-Beutel in Vorteilsgröße (Schokolade oder Vanille) 2 Dosen Energy",
  "state_province" : "Bundesland/Provinz",
  "store_description" : "Wählen Sie bis zu 5 QuiAri Shakes und 5 Dosen QuiAri Energy aus",
  "subject" : "Betreff",
  "submit" : "Absenden",
  "submit_for_review" : "Zur Überprüfung einreichen",
  "submitted" : "Gesendet",
  "subtotal" : "Zwischensumme",
  "support" : "Support",
  "support_email" : "support{'@'}quiari.com",
  "support_request" : "Support-Anfrage",
  "support_request_text" : "Füllen Sie die Felder unten aus und ein Mitglied des Support-Teams wird sich in Kürze mit Ihnen in Verbindung setzen.",
  "swag_store" : "Accessoire-Shop",
  "tablet_bottle" : "Dose mit {amount} Tabletten",
  "tablet_single_serve_packets" : "{amount} ({tablet_count} Tabletten) Einzelportionspackungen",
  "tax_classification_c_corporation" : "C-Corporation",
  "tax_classification_individual" : "Einzelperson/Einzelunternehmer",
  "tax_classification_partnership" : "Partnerschaft",
  "tax_classification_s_corporation" : "S-Corporation",
  "tax_classification_trust_or_estate" : "Treuhandvermögen/Vermögen",
  "tax_id" : "Steuer-ID",
  "tax_payer_identification_number" : "Identifikationsnummer des Steuerzahlers",
  "taxes" : "Steuern",
  "taxes_and_duties" : "Steuern und Abgaben",
  "team_commissions" : "Team Commissions",
  "text_copied" : "Text in die Zwischenablage kopiert",
  "total" : "Gesamtsumme",
  "total_commissions_summary" : "Übersicht über die Gesamtprovisionen",
  "total_personal_sales_volume_by_month" : "Gesamtes Personal Sales Volume nach Monat",
  "track_order" : "Bestellung verfolgen",
  "training" : "Schulung",
  "try" : "TRY",
  "try_love_share_launch_plan" : "Try. Love. Share® Launch Plan",
  "try_love_share_launch_plan_description" : "Kurbeln Sie Ihr Geschäft an und legen Sie einen BLITZSTART hin mit unserem Simple Sample System.",
  "type" : "Art",
  "unlimited_speed_bonuses" : "{num} {month} unbegrenzte Speed Bonuszahlungen",
  "update" : "Aktualisieren",
  "update_address" : "Adresse aktualisieren",
  "update_address_info" : "Geben Sie die erforderlichen Angaben unten ein, um diese Adresse zu verwalten.",
  "update_autodelivery" : "AutoDelivery aktualisieren",
  "update_autodelivery_date" : "AutoDelivery-Datum aktualisieren",
  "update_password" : "Passwort aktualisieren",
  "update_password_incorrect" : "Das eingegebene Passwort ist falsch. Bitte versuchen Sie es erneut, um fortzufahren.",
  "update_password_not_match" : "Die eingegebenen Passwörter stimmen nicht überein. Bitte überprüfen Sie sie und versuchen Sie es erneut.",
  "update_password_text" : "Aktualisieren Sie das Passwort zur Anmeldung bei Ihrem Konto. Diese Änderung gilt ab sofort.",
  "update_payment_method" : "Zahlungsmethode aktualisieren",
  "update_payment_method_instructions" : "Geben Sie die erforderlichen Angaben unten ein, um diese Zahlungsmethode zu verwalten.",
  "us_based_promoters" : "Promoter mit Wohnsitz in den USA",
  "vanilla" : "Vanille",
  "verify" : "Überprüfen",
  "videos" : "Videos",
  "view_cart" : "Warenkorb anzeigen",
  "view_details" : "Details anzeigen",
  "view_international_numbers" : "Internationale Nummern anzeigen",
  "view_qualifications" : "Qualifikationen anzeigen",
  "view_world_wide_shipping_document" : "Informationen über die geschätzte Versanddauer und Preise finden Sie in unserem Dokument {0}.",
  "volume" : "Volumen",
  "volume_history" : "Volumenhistorie",
  "volume_history_by_month" : "Volumenhistorie des aktuellen Monats",
  "volume_history_by_year" : "Übersicht über die Volumenhistorie nach Jahr",
  "volume_history_summary_by_month" : "Volumenübersicht nach Monat",
  "volume_history_summary_by_year" : "Volumenübersicht nach Jahr",
  "volume_needed_for_next_rank" : "Benötigtes Volumen für den nächsthöheren Rang:",
  "volume_summary_by_month" : "Volumenübersicht nach Monat",
  "volume_summary_by_year" : "Volumenübersicht nach Jahr",
  "w9_and_instructions_pdf" : "Formular W-9 und PDF-Anleitung",
  "w9_certification" : "Zertifizierung",
  "w9_certification_1" : "Ich versichere an Eides statt, dass:",
  "w9_certification_2" : "die auf diesem Formular angegebene Nummer meine korrekte Steuerzahler-Identifikationsnummer ist (oder ich warte darauf, dass mir eine Nummer zugeteilt wird); und dass",
  "w9_certification_3" : "ich nicht der Einbehaltung von Steuern unterliege, weil:",
  "w9_certification_4" : "ich von der Quellensteuer befreit bin, oder",
  "w9_certification_5" : "ich nicht vom Internal Revenue Service (IRS)/Finanzamt benachrichtigt wurde, dass ich der Quellensteuer unterliege, da ich nicht alle Zinsen oder Dividenden gemeldet habe, oder",
  "w9_certification_6" : "der IRS/das Finanzamt mir mitgeteilt hat, dass ich nicht mehr der Quellensteuer unterliege; und",
  "w9_certification_7" : "ich ein/e US-Bürger*in oder eine andere US-Person (wie unten definiert) bin; und",
  "w9_certification_8" : "der/die auf diesem Formular angegebene(n) FATCA-Code(s) (falls vorhanden), der/die meine Freistellung von der FATCA-Meldung bestätigt/bestätigen, korrekt ist/sind.",
  "w9_certification_9" : "Hinweise zur Bescheinigung Bitte streichen Sie Punkt 2 durch, wenn Sie von dem IRS/Finanzamt benachrichtigt wurden, dass Sie derzeit der Quellensteuer unterliegen, weil Sie nicht alle Zinsen oder Dividenden in Ihrer Steuererklärung angegeben haben. Für Immobilientransaktionen gilt Punkt 2 nicht. Für gezahlte Hypothekenzinsen, den Erwerb oder die Aufgabe von gesichertem Eigentum, den Erlass von Schulden, Beiträge zu einer individuellen Altersvorsorge (IRA) und generell für andere Zahlungen als Zinsen und Dividenden müssen Sie die Bescheinigung nicht unterschreiben, aber Sie müssen Ihre korrekte TIN angeben. Anweisungen für Teil II finden Sie unten.",
  "w9_form" : "IRS-Formular W-9",
  "w9_notice" : "Um die Registrierung Ihres E-Wallet-Kontos abzuschließen, müssen Sie das obligatorische {0} ausfüllen.",
  "w9_registration_form" : "W9-Registrierungsformular",
  "w9_submit_error" : "Etwas ist schief gelaufen.",
  "w9_submit_error_description" : "Ein Fehler ist aufgetreten. Bitte versuchen Sie es in ein paar Minuten erneut.",
  "w9_submitted" : "W9 erfolgreich übermittelt",
  "w9_submitted_description" : "Ihre W9-Steuerangaben wurden erfolgreich zur Überprüfung eingereicht.",
  "ward" : "Bezirk",
  "welcome" : "Willkommen!",
  "world_wide_shipping_document" : "Dokument zum weltweiten Versand",
  "year" : "Jahr",
  "yearly_commissions_summary" : "Jährliche Provisionsübersicht",
  "yes" : "Ja",
  "your_testimonial" : "Ihre Referenz"
}