{
  "15_gel_boxes_description" : "Includes:\n15 Boxes of Prime Gel",
  "1_pack_description" : "Includes:\n1 Bulk Bag of Shake (Chocolate or Vanilla)\n1 Bottle of Energy",
  "2_pack_description" : "Includes:\n2 Bulk Bags of Shake (Chocolate or Vanilla)\n2 Bottles of Energy",
  "2_pack_gel_description" : "Includes:\n2 Boxes of Prime Gel",
  "3_gel_boxes_description" : "Includes:\n3 Boxes of Prime Gel",
  "4_pack_description" : "Includes:\n4 Bulk Bags of Shake (Chocolate or Vanilla)\n4 Bottles of Energy",
  "4_pack_gel_description" : "Includes:\n4 Boxes of Prime Gel",
  "6_gel_boxes_description" : "Includes:\n6 Boxes of Prime Gel",
  "8_pack_gel_description" : "Includes:\n8 Boxes of Prime Gel",
  "Active" : "Active",
  "Cycled" : "Cycled",
  "Ending" : "Ending",
  "New" : "New",
  "Starting" : "Starting",
  "active" : "Active",
  "active_cycle_volume" : "Active Cycle Volume",
  "active_tripack_description" : "Includes:\n1 Box of Prime Gel\n1 Bulk Bag of Shake (Chocolate or Vanilla)\n1 Bottle of Energy",
  "add_address" : "Add Address",
  "add_payment_method" : "Add Payment Method",
  "add_shipping_address" : "Add a shipping address to get your order estimate",
  "add_to_autodelivery" : "Add to AutoDelivery",
  "add_to_cart" : "Add To Cart",
  "address_instructions" : "Enter the information below to add this address.",
  "address_line_1" : "Address Line 1",
  "address_line_2" : "Address Line 2",
  "all" : "all",
  "amount" : "Amount",
  "are_you_sure_customer_to_promoter" : "Are you sure you want to become a Promoter?",
  "as_shown_on_your_income_tax_return" : "As shown on your income tax return",
  "auto" : "Auto",
  "auto_delivery" : "AutoDelivery",
  "auto_placement_description" : "If AUTO is chosen, the first person you sponsor will be placed on the same leg as your sponsor. For example, if you are placed on your sponsor's right leg, your first personally sponsored person will be placed on your right leg.",
  "auto_placement_description_2" : "Any new Promoter thereafter will be placed on the outside of the leg with the least amount of Sales Volume.",
  "auto_placement_description_3" : "If the Sales Volume is the same on both legs, the new Promoter will be placed on the outside of the leg with the least leg count.",
  "autodelivery_cancel" : "Cancel AutoDelivery",
  "autodelivery_cancel_error" : "Failed to cancel your AutoDelivery, please contact support.",
  "autodelivery_cancel_success" : "Successfully cancelled your AutoDelivery.",
  "autodelivery_description" : "Save 10% now by signing up for AutoDelivery and have your favorite QuiAri products delivered automatically every month. You can update or edit your AutoDelivery order at any time.",
  "autodelivery_disclaimer" : "Your AutoDelivery will be processed automatically and billed to your credit or debit card monthly until you cancel the service. You may edit your AutoDelivery by going to 'Orders' and clicking on 'My AutoDelivery' in the drop down menu. You may cancel at any time by contacting our Support Team at {email} or by calling +1-813-413-8120.",
  "autodelivery_faq_1" : "What is AutoDelivery?",
  "autodelivery_faq_1_answer" : "An AutoDelivery order is a recurring monthly product shipment. By signing up for AutoDelivery, you can save up to 28% on your product purchase.",
  "autodelivery_faq_2" : "Can I edit my AutoDelivery order?",
  "autodelivery_faq_2_answer" : "You may edit your AutoDelivery by going to “Orders” and clicking on “My AutoDelivery” in the drop down menu. Your AutoDelivery order can include up to 5 of each product - 5 QuiAri Shake and 5 QuiAri Energy.",
  "autodelivery_faq_3" : "Can I cancel my AutoDelivery order?",
  "autodelivery_faq_3_answer" : "Yes, you can. To cancel your AutoDelivery order, login to your Portal, click on \"Orders,\" then \"My AutoDelivery.\"",
  "autodelivery_faq_4" : "How do I get my AutoDelivery for free each month?",
  "autodelivery_faq_4_answer_1" : "You must be on AutoDelivery with at least 50 SV (Sales Volume)",
  "autodelivery_faq_4_answer_2" : "You must have 2 Personally Sponsored Customers on AutoDelivery within the last 30 days with orders generating 50 SV or more.",
  "autodelivery_faq_4_answer_3" : "You now qualify for FREE product!",
  "autodelivery_faq_4_answer_4" : "Once all criteria has been met, QuiAri’s system reviews your Customers’ AutoDelivery orders generating 50 SV or more within the last 30 days and takes the average of their totals. The result is the product credit you will receive. Please note that the total credit cannot exceed $118.80 USD and shipping, duties, VAT, or any applicable international products fees do not apply.",
  "autodelivery_faq_5" : "Can I change the date or cancel my AutoDelivery order? ",
  "autodelivery_faq_5_answer" : "Yes, you can. To change the date or cancel your AutoDelivery order, login to your Portal, click on \"Orders,\" then \"My AutoDelivery.\"",
  "autodelivery_faq_6" : "How does Prepaid AutoDelivery work?",
  "autodelivery_faq_6_answer" : "Go to “Order” in the Navigation Bar and select “My AutoDelivery.” You can choose to pre-pay your AutoDelivery for a period of 3, 6, or 9 months in advance and save up to 12% on your total product order. Your Prepaid AutoDelivery will be processed and billed to your credit or debit card today for the monthly services. Prepaid AutoDelivery is not eligible for returns or refunds beyond our 30-Day Return Policy from the date Prepaid AutoDelivery is set. Your monthly Prepaid AutoDelivery volume will cycle every 30 days until your AutoDelivery expires. Please note that you must also pre-pay for your products 3, 6, or 9 months in advance to receive Prepaid AutoDelivery. You will receive an email when it is time to renew your Prepaid AutoDelivery. Please note that Prepaid AutoDelivery does not automatically renew. You must go through the Portal (to “Order” in the Navigation Bar) and repeat the proces for signing up for Prepaid AutoDelivery.",
  "autodelivery_faq_7" : "Is Prepaid AutoDelivery refundable and can I make any changes once processed?",
  "autodelivery_faq_7_answer" : "Prepaid AutoDelivery is not refundable. Your products are eligible for return under our standard 30-Day Return Policy. Once your Prepaid AutoDelivery is processed, no changes can be made to your order, term length, or AutoDelivery date.",
  "autodelivery_header_1" : "Your next AutoDelivery is scheduled for",
  "autodelivery_header_2" : "If you would like to cancel your AutoDelivery, please contact support or click the 'Cancel AutoDelivery' button.",
  "autodelivery_modify_payment_description" : "View our FAQs to learn how users can modify their payment information for their scheduled AutoDelivery.",
  "autodelivery_totals" : "AutoDelivery Totals",
  "back_to_shipping" : "Back to Shipping",
  "bag" : "bag | bags",
  "basic_pack_description" : "Includes:\n1 Box of Prime Gel\n1 Bulk Bag of Shake (Chocolate or Vanilla)\n1 Bottle of Energy",
  "become_a_promoter" : "Become A Promoter",
  "billing_address" : "Billing Address",
  "billing_email_address" : "Billing Email Address",
  "binary_leg" : "Binary Leg",
  "binary_placement_options" : "Binary Placement Options",
  "binary_placement_update_description" : "Your default binary placement has been updated to {placement}. Any new promoters that enroll will be placed according to this new setting.",
  "binary_placement_updated" : "Binary Placement Updated",
  "bonus_product" : "{num} {month} of Bonus Product",
  "bonus_product_body" : "Great News – your Bonus Product Vouchers* will be available to redeem here within 30 days of initial purchase. The number of Vouchers you will receive is determined by the Promoter Package you purchased. Should you have any questions, please contact ",
  "bonus_product_disclaimer" : "*One Voucher = 1 month’s supply of QuiAri Shake and QuiAri Energy and only one voucher can be used per month. Single serve options will be available upon redemption for an additional fee. Prices do not include shipping, duties, VAT or any applicable international product import fees.",
  "bonus_product_title" : "Bonus Product",
  "bonus_product_voucher" : "Bonus Product Voucher",
  "bonuses" : "Bonuses",
  "both" : "Both",
  "bottle" : "bottle | bottles",
  "bug_report" : "Bug Report",
  "builder_pack_description" : "Includes:\n4 Boxes of Prime Gel\n4 Bulk Bags of Shake (Chocolate or Vanilla)\n4 Bottles of Energy",
  "business_name" : "Business Name / Disregarded Entity Name",
  "cancel" : "Cancel",
  "capped" : "Capped",
  "card_number" : "Card Number",
  "carrier" : "Carrier",
  "carrier_tracking_number" : "Carrier Tracking Number",
  "change_password" : "Change Password",
  "change_primary_address" : "Change Primary Address",
  "change_product_selection" : "Change Product Selection",
  "checkout" : "Checkout",
  "checkout_autodelivery_discount" : "AutoDelivery Discount",
  "checkout_estimated_shipping_and_handling" : "Shipping & Handling",
  "checkout_review_order" : "Review Order",
  "checkout_shipping_estimate" : "(Please allow {min}-{max} Business Days for delivery)",
  "checkout_tax" : "Tax",
  "chocolate" : "Chocolate",
  "choose_individual_products" : "Choose Individual Products",
  "choose_option_below" : "Choose Option Below",
  "choose_package_items_total" : "(Choose {amount} total)",
  "choose_products" : "Choose Products",
  "city" : "City",
  "click_link_for_schedule" : "Click the link for the schedule.",
  "click_to_download" : "Click To Download",
  "close" : "Close",
  "commission" : "Commission",
  "commission_history" : "Commission History",
  "commission_rank" : "Commission Rank",
  "commission_rank_history" : "Commission Rank History",
  "commissions" : "Commissions",
  "commissions_faq_1" : "What are Team Commissions?",
  "commissions_faq_10" : "How do I earn a Fast Start Bonus?",
  "commissions_faq_10_answer_1" : "Promoters earn a Fast Start Bonus of up to $200 USD on any Personally Sponsored Promoter’s initial Product Pack order:\n",
  "commissions_faq_10_answer_2" : "1 Pack - $20 USD",
  "commissions_faq_10_answer_3" : "2 Pack - $40 USD",
  "commissions_faq_10_answer_4" : "4 Pack - $80 USD",
  "commissions_faq_10_answer_5" : "10 Pack - $200 USD",
  "commissions_faq_10_answer_6" : "QuiAri Shake (28 Day) - $7.50 USD",
  "commissions_faq_10_answer_7" : "QuiAri Shake (14 Day) - $3.75 USD",
  "commissions_faq_10_answer_8" : "QuiAri Energy - $3.75 USD",
  "commissions_faq_10_answer_9" : "5 Day Sampler - $1.50 USD",
  "commissions_faq_11" : "How do I earn a Matching Bonus?",
  "commissions_faq_11_answer" : "As you advance in rank, QuiAri rewards you with a Matching Bonus for training and growing your team. Earn up to 80% of Team Commissions earned on levels 1-7 of your personal line of sponsorship, based on your recognition rank.",
  "commissions_faq_12" : "How do I earn a Lifestyle Bonus?",
  "commissions_faq_12_answer_1" : "You must be qualified and it is awarded based on your commission rank within the previous 30 days.  For ranks Hero - Legend, we look at your Group Sales Volume on the first of each month and pay out on the 15th. For ranks Diamond - Crown Purple Diamond, we evaluate the previous 2 months.",
  "commissions_faq_12_answer_2" : "Hero: $500 USD",
  "commissions_faq_12_answer_3" : "Legend: $1,000 USD",
  "commissions_faq_12_answer_4" : "Diamond: $1,500 USD",
  "commissions_faq_12_answer_5" : "Green Diamond: $2,500 USD",
  "commissions_faq_12_answer_6" : "Purple Diamond: $5,000 USD",
  "commissions_faq_12_answer_7" : "Grand Purple Diamond: $6,000 USD",
  "commissions_faq_12_answer_8" : "Crown Purple Diamond: $7,500 USD",
  "commissions_faq_13" : "How do I earn a Speed Bonus?",
  "commissions_faq_13_answer_1" : "Shake & Energy Only Packages",
  "commissions_faq_13_answer_10" : "Product Packages",
  "commissions_faq_13_answer_11" : "8 Pack: 60 Days to earn unlimited Speed Bonuses",
  "commissions_faq_13_answer_12" : "4 Pack: 30 Days to earn unlimited Speed Bonuses",
  "commissions_faq_13_answer_13" : "2 Pack: 14 Days to earn unlimited Speed Bonuses",
  "commissions_faq_13_answer_2" : "Founders Pack: 90 Days to earn unlimited Speed Bonuses",
  "commissions_faq_13_answer_3" : "4 Pack: 60 Days to earn unlimited Speed Bonuses",
  "commissions_faq_13_answer_4" : "2 Pack: 30 Days to earn unlimited Speed Bonuses",
  "commissions_faq_13_answer_5" : "1 Pack: 14 Days to earn unlimited Speed Bonuses",
  "commissions_faq_13_answer_6" : "Gel Only Packages",
  "commissions_faq_13_answer_7" : "Builder Pack: 60 Days to earn unlimited Speed Bonuses",
  "commissions_faq_13_answer_8" : "Standard Pack: 30 Days to earn unlimited Speed Bonuses",
  "commissions_faq_13_answer_9" : "Basic Pack: 14 Days to earn unlimited Speed Bonuses",
  "commissions_faq_14" : "How do I earn A Cycle Bonus?",
  "commissions_faq_14_answer_1" : "As you accumulate Group Sales Volume (GSV) you will cycle and earn a Team Commission for every 100 GSV matched on your Left and Right legs to unlimited levels. Your rank determines the amount of which you will cycle:",
  "commissions_faq_14_answer_10" : "Diamond: $17.50 USD",
  "commissions_faq_14_answer_11" : "Green Diamond: $17.50 USD",
  "commissions_faq_14_answer_12" : "Purple Diamond: $20 USD",
  "commissions_faq_14_answer_13" : "Grand Purple Diamond: $20 USD",
  "commissions_faq_14_answer_14" : "Crown Purple Diamond: $20 USD",
  "commissions_faq_14_answer_2" : "Star: $10 USD",
  "commissions_faq_14_answer_3" : "Rising Star: $10 USD",
  "commissions_faq_14_answer_4" : "Shooting Star: $12.50 USD",
  "commissions_faq_14_answer_5" : "Rock Star: $12.50 USD",
  "commissions_faq_14_answer_6" : "Super Star: $12.50 USD",
  "commissions_faq_14_answer_7" : "Champion: $15 USD",
  "commissions_faq_14_answer_8" : "Hero: $15 USD",
  "commissions_faq_14_answer_9" : "Legend: $17.50 USD",
  "commissions_faq_15" : "What happens to my commissions if I am not qualified?",
  "commissions_faq_16" : "Does Sales Volume (SV) ever flush?",
  "commissions_faq_16_answer_1" : "Yes, your Sales Volume will be flushed after 60 days of inactivity. You remain active by purchasing product either for yourself or sell product to Customers that meets the minimum requirement of 25 Personal Sales Volume (PSV).",
  "commissions_faq_16_answer_2" : "To remain active, you must generate a minimum 25 Personal Sales Volume per month.",
  "commissions_faq_17" : "How do I earn A Rank Advancement Bonus?",
  "commissions_faq_17_answer_1" : "Earn a one-time bonus every time you rank advance (Rising Star and above). For Champion through Legend, you must maintain for 2 consecutive months to qualify. For Green Diamond and Purple Diamond you must maintain for 3 consecutive months. For Grand Purple Diamond and Crown Purple Diamond you must maintain for 4 consecutive months.",
  "commissions_faq_17_answer_10" : "Green Diamond: $12,500 USD",
  "commissions_faq_17_answer_11" : "Purple Diamond: $25,000 USD",
  "commissions_faq_17_answer_12" : "Grand Purple Diamond: $27,500 USD",
  "commissions_faq_17_answer_13" : "Crown Purple Diamond: $30,000 USD",
  "commissions_faq_17_answer_2" : "Rising Star: $50 USD",
  "commissions_faq_17_answer_3" : "Shooting Star: $100 USD",
  "commissions_faq_17_answer_4" : "Rock Star: $250 USD",
  "commissions_faq_17_answer_5" : "Super Star: $500 USD",
  "commissions_faq_17_answer_6" : "Champion: $1,250 USD",
  "commissions_faq_17_answer_7" : "Hero: $2,500 USD",
  "commissions_faq_17_answer_8" : "Legend: $5,000 USD",
  "commissions_faq_17_answer_9" : "Diamond: $7,500 USD",
  "commissions_faq_18" : "How do I earn A Customer Bonus?",
  "commissions_faq_18_answer" : "Customer Bonus is calculated based on 20% of the Sales Volume (SV) on all Personally Sponsored Customer initial orders and reorders.",
  "commissions_faq_19" : "Do Customers Go Into The Genealogy Tree?",
  "commissions_faq_19_answer" : "No, they are not placed in the Tree.",
  "commissions_faq_1_answer" : "Team Commissions are an important aspect of the QuiAri Compensation Plan and are calculated from your binary tree, which has two legs: a Left and a Right. You will be compensated based upon successfully building Group Sales Volume (GSV) within the binary tree.",
  "commissions_faq_2" : "How are Team Commissions calculated?",
  "commissions_faq_20" : "Does the Customer's Sales Volume (SV) go into the Genealogy Tree?",
  "commissions_faq_20_answer" : "Yes. Once the system determines you are Active with a minimum of 75 PSV (Personal Sales Volume), then the Sales Volume associated with the Customer purchase will be placed according to your binary settings (Left, Right, Auto) in your QuiAri Portal. This will allow you to maximize Team commissions from your Personally Sponsored Customers.",
  "commissions_faq_2_answer_1" : "Each Product Package has a point value called Sales Volume. Every time a product is sold within your organization, this generates Sales Volume for the entire upline.",
  "commissions_faq_2_answer_2" : "As these points accumulate, you will earn Team Commissions. A Promoter cycles each time 100 SV accumulates in both their Left and Right legs.",
  "commissions_faq_2_answer_3" : "Any unpaid Group Sales Volume is carried forward.",
  "commissions_faq_3" : "How do I qualify to receive Team Commissions?",
  "commissions_faq_3_answer" : "To become qualified, you must have at least one Personally Sponsored Promoter on both your Left and Right Legs who are ACTIVE each with a minimum of 25 PSV every month. 75 PSV for Rock Star and above.",
  "commissions_faq_4" : "Do my own purchases count towards my commission qualifications?",
  "commissions_faq_4_answer" : "Your personal purchases count towards becoming ACTIVE, but you must also Personally Sponsor 2 active Promoters on your Left and Right legs to become QUALIFIED to earn commissions.",
  "commissions_faq_5" : "How much money can I make with the QuiAri Compensation Plan?",
  "commissions_faq_5_answer" : "Please note the QuiAri business opportunity offers unlimited income potential. However, QuiAri makes no guarantee of financial success. Success with QuiAri results only from successful sales efforts, which require hard work, diligence, skill, persistence, competence, and leadership. Your income will depend upon how well you exercise these qualities.",
  "commissions_faq_6" : "Do I have a cap on my monthly Team Commission earning potential?",
  "commissions_faq_6_answer_1" : "Champion: $5,000 USD/week",
  "commissions_faq_6_answer_2" : "Hero: $10,000 USD/week",
  "commissions_faq_6_answer_3" : "Legend: $15,000 USD/week",
  "commissions_faq_6_answer_4" : "Diamond: $20,000 USD/week",
  "commissions_faq_6_answer_5" : "Green Diamond: $25,000 USD/week",
  "commissions_faq_6_answer_6" : "Purple Diamond: $50,000 USD/week",
  "commissions_faq_6_answer_7" : "Grand Purple Diamond: $50,000 USD/week",
  "commissions_faq_6_answer_8" : "Crown Purple Diamond: $50,000 USD/week",
  "commissions_faq_6_comp_plan" : "Please see QuiAri’s Compensation Plan for details",
  "commissions_faq_7" : "What is the Sales Volume (SV) associated with each Product Package and Product",
  "commissions_faq_7_answer_1" : "Shake & Energy Packs",
  "commissions_faq_7_answer_10" : "Founders Pack: 600 SV",
  "commissions_faq_7_answer_11" : "Builder Pack: 400 SV",
  "commissions_faq_7_answer_12" : "Standard Pack: 200 SV",
  "commissions_faq_7_answer_13" : "Basic Pack: 100 SV",
  "commissions_faq_7_answer_14" : "Gel Only Packs",
  "commissions_faq_7_answer_15" : "8 Pack: 360 SV",
  "commissions_faq_7_answer_16" : "4 Pack: 180 SV",
  "commissions_faq_7_answer_17" : "2 Pack: 90 SV",
  "commissions_faq_7_answer_18" : "Build Your Own Packs",
  "commissions_faq_7_answer_19" : "Shake Bag: 50 SV",
  "commissions_faq_7_answer_2" : "QuiAri Shake: 50 SV",
  "commissions_faq_7_answer_20" : "Prime Gel Box: 45 SV",
  "commissions_faq_7_answer_21" : "Energy Bottle: 25 SV",
  "commissions_faq_7_answer_3" : "QuiAri Energy: 25 SV",
  "commissions_faq_7_answer_4" : "5-Day Sampler: 10 SV",
  "commissions_faq_7_answer_5" : "Promoter Product Packages (one-time purchase only)",
  "commissions_faq_7_answer_6" : "1 Pack - 75 SV",
  "commissions_faq_7_answer_7" : "2 Pack - 150 SV",
  "commissions_faq_7_answer_8" : "4 Pack - 300 SV",
  "commissions_faq_7_answer_9" : "7 Pack - 500 SV",
  "commissions_faq_8" : "How do I collect Sales Volume?",
  "commissions_faq_8_answer" : "To collect Sales Volume, you must remain active by generating a minimum of 25 PSV monthly. For Rock Star and above, you must generate a minimum of 75 PSV.",
  "comp_plan" : "Compensation Plan",
  "company_name" : "Company Name",
  "compensation_plan" : "Compensation Plan",
  "confirm" : "Confirm",
  "confirm_new_password" : "Confirm New Password",
  "confirm_password" : "Confirm Password",
  "contact_us" : "Contact Us",
  "copied" : "Copied",
  "copied_successfully" : "Copied Successfully!",
  "copy_link" : "Copy Link",
  "copy_video_url" : "Copy Video URL",
  "corporate_announcements" : "Corporate Announcements",
  "cost" : "Cost",
  "country" : "Country",
  "current_commission_rank" : "Current Commission Rank",
  "current_password" : "Current Password",
  "currently_have_no_customers" : "You currently have no customers",
  "customer_id" : "Customer ID",
  "customer_info_1" : "People all around the globe are loving QuiAri products and experiencing life-changing results! Those same people are also getting paid to promote QuiAri products and getting paid instantly after each sale. Join the #1 fastest-growing global home-based business opportunity.",
  "customer_info_2" : "As a QuiAri Promoter, there are many different ways to earn part or full-time income AND free products along the way.",
  "cycle" : "Cycle",
  "dashboard" : "Dashboard",
  "dashboard_business_app" : "The QuiAri Business App",
  "dashboard_business_app_description" : "Download now to track your earnings, sign up Customers and Prospects, purchase products, stay up to date on QuiAri news, and manage your business on the go",
  "dashboard_business_opportunity" : "QuiAri Business Opportunity Presentation",
  "dashboard_business_opportunity_info" : "Direct people on your Team to the Business Opportunity Presentation. Check social media {'@'}QuiAriOfficial or your email for the schedule.",
  "dashboard_current_month" : "Current Month",
  "dashboard_download_now" : "Download Now",
  "dashboard_follow_social_media" : "Follow us on Social Media",
  "dashboard_get_paid_in_5" : "Share your {0} Page to Motivate, Inspire, and GROW YOUR TEAM!",
  "dashboard_getting_started" : "Getting Started",
  "dashboard_live_feed" : "Live Feed",
  "dashboard_my_commissions" : "My Commissions",
  "dashboard_my_qualifications" : "My Qualifications",
  "dashboard_purple_diamond_guide" : "Learn how to reach the top with our easy to follow {0} that will teach you how to duplicate your team and Rank Advance faster than ever before.",
  "dashboard_qualified" : "Qualified",
  "dashboard_recent_orders" : "Recent Orders",
  "dashboard_self_replicated_site" : "Self Replicated Website",
  "dashboard_share_your_story" : "Share Your Story",
  "dashboard_stay_plugged_in" : "Stay Plugged In:",
  "dashboard_steps" : "Follow these simple steps to LEARN how to:",
  "dashboard_steps_1" : "Reprogram your mindset for success",
  "dashboard_steps_2" : "Master the invitation question",
  "dashboard_steps_3" : "Create a Culture of Duplication on your Team",
  "dashboard_steps_4" : "Never run out of people to talk to",
  "dashboard_steps_5" : "Manage your time",
  "dashboard_steps_6" : "Get Started RIGHT!",
  "dashboard_testimonial" : " We Want To Hear From You!",
  "dashboard_testimonial_description" : "Have the opportunity or products changed your life? Share your story for a chance to be featured on our Live Feed and social media!",
  "dashboard_year_to_date" : "Year to Date",
  "date" : "Date",
  "date_earned" : "Date Earned",
  "date_joined" : "Date Joined",
  "ddu_disclaimer" : "Prices do not include taxes, tariffs and duties that may be assessed at the time of delivery.",
  "delete" : "Delete",
  "disclaimers" : "Disclaimers",
  "discount" : "Discount",
  "district" : "District",
  "documents" : "Documents",
  "download" : "Download",
  "earned_on" : "Earned On",
  "edit" : "Edit",
  "edit_address" : "Edit Address",
  "email_address" : "Email Address",
  "email_address_or_member_id" : "Email Address or Member ID",
  "email_receipt" : "Email Receipt",
  "emails" : "Emails",
  "employer_identification_number" : "Employer Identification Number",
  "empty_cart" : "Empty Cart",
  "ending_with" : "Ending With",
  "energy_bottle_description" : "Includes:\n1 Bottle of Energy  (60 servings)",
  "energy_single_serve_description" : "Includes:\n1 Bag of Energy  (60 servings)",
  "enter_login_details" : "Enter your details below to log in",
  "error" : "Error",
  "estimated_shipping_and_handling" : "Estimated Shipping & Handling",
  "event_description" : "Event Description",
  "ewallet_account" : "E-Wallet Account Information",
  "ewallet_notice" : "In order to set up your E-Wallet account you must complete the following form: {0}",
  "ewallet_setup_notice" : "Your E-Wallet Account will automatically be set up 5 business days after you earn your 1st commission. This one-time process provides you with the highest level of safety and security. Once your account has been activated, you’ll be able to enjoy all the outstanding benefits that Same Day Pay has to offer!",
  "exempt_payee_code" : "Exempt Payee Code (if any)",
  "exemption_from_fatca_reporting_code" : "Exemption from FATCA Reporting Code (if any)",
  "exemptions" : "Exemptions",
  "existing_monthly_autodelivery" : "You already have a Monthly AutoDelivery currently active on your account. You cannot set up a Prepaid AutoDelivery until you cancel your AutoDelivery.",
  "existing_prepaid_autodelivery" : "You already have a Prepaid AutoDelivery in progress. You cannot set up autodelivery at this time.",
  "expiration" : "Expiration",
  "expiration_month" : "Expiration Month",
  "expiration_year" : "Expiration Year",
  "expired_on" : "Expired on",
  "expires" : "Expires",
  "extend_prepaid_autodelivery" : "Extend Prepaid AutoDelivery",
  "faqs" : "FAQs",
  "fast_start" : "Fast Start",
  "fast_start_bonus" : "Fast Start Bonus",
  "fda_notice" : "These statements have not been evaluated by the Food and Drug Administration. These products are not intended to diagnose, treat, cure or prevent any disease.",
  "feature_request" : "Feature Request",
  "federal_tax" : "Federal Tax",
  "federal_tax_classification" : "Federal Tax Classification",
  "feedback" : "Feedback",
  "field_required" : "This field is required",
  "first_name" : "First Name",
  "fitness" : "Fitness",
  "forgot_password" : "Forgot Password?",
  "founders_pack_description" : "Includes:\n6 Boxes of Prime Gel\n5 Bags of Chocolate Shake (Single-Serve)\n5 Bags of Vanilla Shake (Single-Serve)\n5 Bags of Energy (Single-Serve)",
  "free" : "FREE",
  "free_tour_marketing_system" : "Free Tour Marketing System",
  "free_tour_subtitle" : "Works for you 24/7, 365 days a year, and provides custom landing pages, personalized marketing sites, real-time reporting, and an Autoresponder follow-up campaign. Share the marketing pages below to help generate leads and jump-start your business.",
  "from" : "from",
  "gear_store" : "Gear Store",
  "genealogy" : "Genealogy",
  "general" : "General",
  "general_faq_1" : "Do I have to purchase product to participate in the QuiAri Compensation Plan?",
  "general_faq_1_answer" : "Personal purchases are not required to participate, but they will help you achieve ACTIVE status.",
  "general_faq_2" : "How do I add a new Promoter to my team?",
  "general_faq_2_answer_1" : "Prospects are automatically placed on the Left or Right legs of your team to maximize your earnings. If you would like to change it so that Prospects are placed in a specific leg, you may go to the Genealogy page of your Portal at any time and choose Left or Right.",
  "general_faq_2_answer_2" : "You also have the option to easily manually place Prospects on the Genealogy page by clicking on an Open position.",
  "general_faq_3" : "If I accidentally place someone in the wrong position in my downline, can I move them to the correct one?",
  "general_faq_3_answer" : "Commissions are automatically credited to you and your entire upline as sales occur. As such, once a registration is complete, a Promoter's position cannot be moved or changed. Please make sure your Sponsor and placement selections are accurate before proceeding.",
  "general_faq_4" : "What is the term of my QuiAri Agreement?",
  "general_faq_4_answer" : "The term of the QuiAri Agreement is one year from the date of enrollment. If a Promoter does not cancel, his or her business will be automatically renewed.",
  "general_faq_5" : "What is the difference between a Promoter and a Customer?",
  "general_faq_5_answer" : "A Customer is an individual who purchases QuiAri's products. A Promoter is an individual who participates in the QuiAri Compensation Plan.",
  "general_faq_6" : "What if I no longer want to be a Promoter?",
  "general_faq_6_answer" : "You can contact {email} to deactivate your Promoter account. Our team will help you switch over to a QuiAri Customer account so you can continue to order products and receive updates.",
  "general_faq_7" : "How Do I Get My Products For Free?",
  "general_faq_7_answer" : "Here is how to qualify for “Refer 2 And It’s FREE?”\n\n• You must be on AutoDelivery with at least 50 SV (Sales Volume)\n• You must have 2 Personally Sponsored Customers on AutoDelivery within the last 30 days with orders generating 50 SV or more.\n• You now qualify for FREE product!\n\nOnce all criteria have been met, QuiAri’s system reviews your Customers’ AutoDelivery orders generating 50 SV or more within the last 30 days and takes the average of their totals. The result is the product credit you will receive. Please note that the total credit cannot exceed $118.80 USD and shipping, duties, VAT, or any applicable international product fees do not apply.",
  "general_inquiry" : "General Inquiry",
  "generated_between" : "Generated Between",
  "generated_on" : "Generated On",
  "get_social" : "Get Social",
  "get_social_info" : "Tell the whole world how much you LOVE QuiAri by following us on social media and sharing our posts daily.",
  "grand_total" : "Grand Total",
  "health_and_fitness" : "Health and Fitness",
  "hyperwallet_e_wallet" : "Hyperwallet E-Wallet",
  "hyperwallet_faq_1" : "What is the Hyperwallet® E-Wallet?",
  "hyperwallet_faq_10" : "Can I pay my AutoDelivery directly out of my commissions with the Hyperwallet® E-Wallet?",
  "hyperwallet_faq_10_answer" : "Yes. You can pay your AutoDelivery by selecting Hyperwallet® E-Wallet as your primary payment method in My Account.",
  "hyperwallet_faq_11" : "How do I retrieve my Hyperwallet® E-Wallet password if I lose or forget it?",
  "hyperwallet_faq_11_answer_1" : "To retrieve your password, go to {0}, click on \"forgot password\" and then enter the email address that you provided to QuiAri when your account was activated.",
  "hyperwallet_faq_11_answer_2" : "For questions about your Hyperwallet® E-Wallet Account, call Hyperwallet® at 1.604.638.6657 or toll-free in the USA at 1.877.546.8220 (Mon-Fri, 8am - 8pm PT, Sat-Sun 8am - 5pm PT). You may also send an email to Hyperwallet® support using the {0} form on their website.",
  "hyperwallet_faq_1_answer" : "The Hyperwallet® E-Wallet is a global payment system that allows Promoters to receive, access and manage their commissions online, 24 hours a day, from virtually anywhere in the world.",
  "hyperwallet_faq_2" : "Why does QuiAri use the Hyperwallet® E-Wallet to pay commissions?",
  "hyperwallet_faq_2_answer" : "Making sure our Promoters everywhere get paid their commissions in a fast, easy, and efficient manner is a top priority.",
  "hyperwallet_faq_3" : "How do I open a Hyperwallet® E-Wallet account?",
  "hyperwallet_faq_3_answer" : "After you earn your first commission, you must complete the required information noted on your Commissions page in your Portal. Once you have completed filling out the required information, your Hyperwallet® E-Wallet account will be automatically set up for you within 5 business days. You will then receive a confirmation email from QuiAri, plus an email from Hyperwallet® that tells you how to activate your account. All commissions earned will immediately go into your Hyperwallet® E-Wallet account. Please note: a small monthly fee of $3.30 USD does apply.",
  "hyperwallet_faq_4" : "How do I withdraw commissions from my Hyperwallet® E-wallet account?",
  "hyperwallet_faq_4_answer" : "With a Hyperwallet® E-Wallet account, commissions can be direct deposited into your bank account, wire transferred or—upon request and subject to availability—put on a QuiAri-branded Visa® debit card.",
  "hyperwallet_faq_5" : "Can I get a QuiAri-branded Visa® debit card through my Hyperwallet® E-Wallet account?",
  "hyperwallet_faq_5_answer" : "Yes, you can! The QuiAri-branded Visa® debit card is available in more than 185 countries and lets you pay directly from the commissions in your Hyperwallet® E-Wallet account wherever Visa® is accepted!",
  "hyperwallet_faq_6" : "How do I order my QuiAri-branded Visa® debit card?",
  "hyperwallet_faq_6_answer" : "Once you have earned commissions and set up your Hyperwallet® E-Wallet account, you are eligible to order a QuiAri-branded Visa® debit card. The card is available in many countries around the world for only $10 USD.",
  "hyperwallet_faq_7" : "Can I wire money using the Hyperwallet® E-Wallet?",
  "hyperwallet_faq_7_answer" : "Yes, you can wire money from your commissions to virtually anywhere in the world. Wire transfers are supported in more than 215 countries.",
  "hyperwallet_faq_8" : "Is there a processing fee for commissions earned?",
  "hyperwallet_faq_8_answer" : "There is a small fee of $.40 USD that is deducted each time a commission is loaded into your Hyperwallet® E-Wallet account.",
  "hyperwallet_faq_9" : "Does the Hyperwallet® E-Wallet support direct deposit to my bank account?",
  "hyperwallet_faq_9_answer" : "Yes. Direct deposit is currently supported in nearly 50 countries.",
  "i_agree" : "I Agree",
  "if_diferent_from_above" : "If different from above",
  "in_transit" : "In Transit",
  "inbox" : "Inbox",
  "income_disclosure_statement" : "Income Disclosure Statement",
  "individual_items" : "Individual Items",
  "interior_number" : "Interior number (floor, suite, building)",
  "international_product_import_fee" : "International Product Import Fee",
  "international_promoters" : "International Promoters",
  "international_w9_fields_error" : "An error occurred while trying to update your account, please contact support.",
  "international_w9_fields_info" : "Fill in the fields below to setup your e-wallet account information.",
  "invalid_card" : "Invalid Card",
  "items" : "Items",
  "its_go_time_video" : "It's Go Time Video",
  "join_date" : "Join Date",
  "join_url" : "Join URL",
  "joined_on" : "Joined On",
  "language" : "Language",
  "language_settings" : "Language Settings",
  "larger_orders_description" : "For larger orders, please email {0}",
  "last_name" : "Last Name",
  "launch_plan" : "10-4-2 Launch Plan",
  "launch_plan_info" : "Learn the important steps to build your QuiAri business to levels never imagined.",
  "lead_capture_link" : "Lead Capture Page Link",
  "left" : "Left",
  "left_bottom" : "Left Bottom",
  "left_leg" : "Left Leg",
  "left_placement_description" : "If LEFT placement option is selected, all personally sponsored Promoters will be placed in the next available position on the outside of the bottom of the left leg.",
  "leg_count" : "Leg Count",
  "legal" : "Legal",
  "lesser_leg_volume" : "Lesser Leg Volume",
  "lesser_volume_leg" : "Lesser Volume Leg",
  "lifestyle" : "Lifestyle",
  "lifestyle_bonus" : "Lifestyle Bonus",
  "limit_product" : "Limit {amount} Items Per Order",
  "list_account_numbers" : "List Account Numbers",
  "live_opp_pres_english" : "Tuesday 11 AM, 8 PM EST\nThursday 8 PM EST\nSaturday 11 AM EST\nSunday 8 PM EST",
  "live_opp_pres_french" : "Monday, Wednesday, Friday, Saturday\n3 PM EST",
  "live_opp_pres_german" : "Tuesday & Thursday\n2 PM EST",
  "live_opp_pres_hindi" : "Monday, Tuesday, Thursday, Friday, Saturday\n10 AM EST",
  "live_opp_pres_kannada" : "Monday, Wednesday, Friday\n11:30 AM EST / 9 PM IST",
  "live_opp_pres_south_africa" : "Thursday\n1:00 PM EST",
  "live_opp_pres_spanish" : "Monday, Wednesday, and Friday\n10 AM EST\n10 PM EST",
  "live_opp_pres_vietnamese" : "Monday & Wednesday\n8:30 AM EST",
  "live_opportunity_presentations" : "Invite Prospects to attend our LIVE Opportunity Presentations happening daily in multiple languages.",
  "live_opportunity_presentations_title" : "LIVE Opportunity Presentations",
  "live_presentation_schedules" : "Live Presentation Schedules",
  "live_purple_diamond_english" : "Tuesday 8:30 PM EST\nSaturday 3 PM EST",
  "live_purple_diamond_french" : "Saturday\n1 PM EST",
  "live_purple_diamond_guide_training_title" : "LIVE Purple Diamond Guide Training",
  "live_purple_diamond_guide_trainings" : "Invite Promoters to attend our LIVE Purple Diamond Guide Trainings happening daily in multiple languages.",
  "live_purple_diamond_hindi" : "Wednesday\n10 AM EST",
  "live_purple_diamond_spanish" : "Saturday\n12:30 PM EST\nTuesday\n12 PM EST",
  "live_purple_diamond_vietnamese" : "Friday 8:30 AM EST",
  "llc_c_corporation" : "C Corporation",
  "llc_proprietary" : "Proprietary",
  "llc_s_corporation" : "S Corporation",
  "llc_tax_classification" : "LLC Tax Classification",
  "location" : "Location",
  "log_out" : "Log Out",
  "login" : "Log In",
  "love" : "LOVE",
  "mailing_address" : "Mailing Address",
  "make_this_my_default_address" : "Make this my default address",
  "make_this_my_default_payment_method" : "Make this my default payment method",
  "manage_autodelivery" : "Manage AutoDelivery",
  "maqui" : "Maqui",
  "matching_bonus" : "Matching Bonus",
  "medical_and_drug_claims" : "QuiAri Medical and Drug Claims",
  "member_id" : "Member ID",
  "message" : "Message",
  "mobile" : "Mobile Notifications",
  "month" : "Month | Months",
  "my_account" : "My Account",
  "my_addresses" : "My Addresses",
  "my_autodelivery" : "My AutoDelivery",
  "my_cart" : "My Cart",
  "my_customers" : "My Customers",
  "my_notifications" : "My Notifications",
  "my_order" : "My Order",
  "my_payment_methods" : "My Payment Methods",
  "my_profile" : "My Profile",
  "my_promoter" : "My Promoter",
  "my_promoters" : "My Promoters",
  "my_ranks" : "My Ranks",
  "my_shipping_addresses" : "My Shipping Addresses",
  "my_team" : "My Team",
  "my_vouchers" : "My Vouchers",
  "name" : "Name",
  "name_on_card" : "Name On Card",
  "need_help" : "Need Help?\nContact us at support{'@'}quiari.com\n+1 813.413.8120\nMonday – Friday 9:00 AM - 5:00 PM Eastern",
  "new" : "NEW",
  "new_message" : "New Message",
  "new_password" : "New Password",
  "next" : "Next",
  "no" : "No",
  "no_autodelivery" : "No AutoDelivery",
  "no_commission_during_this_period" : "You have not earned any commission ranks during this period.",
  "no_commissions_earned" : "You have not earned any commissions yet.",
  "no_payment_method_selected" : "No payment method selected",
  "no_ranks_earned_during_this_period" : "No ranks earned during this period",
  "no_recognition_ranks_during_this_period" : "You have not earned any recognition ranks during this period.",
  "no_shipping_address_selected" : "No shipping address selected",
  "no_tracking_information_available" : "No tracking information available",
  "no_volume_earned_during_this_period" : "No volume earned during this period",
  "non_qualified" : "Non-Qualified",
  "not_applicable" : "Not Applicable",
  "notification_preferences" : "Notification Preferences",
  "notifications_autodelivery_emails" : "Receive Auto-delivery Updates Emails",
  "notifications_rank_advancement_emails" : "Receive Rank Advancement Emails",
  "notifications_user_joined_emails" : "Receive Customer/Promoter Joined Emails",
  "num_months" : "{amount} Months",
  "only_autodelivery" : "Only AutoDelivery",
  "oops" : "Oops!",
  "open" : "Open",
  "opportunity" : "Opportunity",
  "opportunity_presentation" : "Opportunity Presentation",
  "opportunity_presentation_speaker_notes" : "Opportunity Presentation Speaker Notes",
  "optional" : "optional",
  "order_date" : "Order Date",
  "order_details" : "Order Details",
  "order_history" : "Order History",
  "order_id" : "Order ID",
  "order_now" : "Order Now",
  "order_num" : "Order #",
  "order_number" : "Order #{id}",
  "order_placed_on" : "Placed On {date}",
  "order_summary" : "Order Summary",
  "order_tracking" : "Order Tracking",
  "ordering_shipping_and_returns" : "Ordering, Shipping, & Returns",
  "ordering_shipping_and_returns_faq_1" : "Does QuiAri ship products around the world?",
  "ordering_shipping_and_returns_faq_1_answer" : "Absolutely. We will ship products to virtually ANYWHERE in the world.",
  "ordering_shipping_and_returns_faq_2" : "When will I receive my QuiAri products?",
  "ordering_shipping_and_returns_faq_2_answer" : "Your order leaves our warehouse within 1-2 business days. We use multiple shipping providers around the world to ensure your products arrive in the most timely manner possible. Shipping speeds vary between 3 – 10 business days. If you have any questions regarding tracking your order, please contact our Support Team at",
  "ordering_shipping_and_returns_faq_3" : "What is your Return Policy?",
  "ordering_shipping_and_returns_faq_3_answer_1" : "QuiAri offers a 30 day, from date of order, return policy on products sold to all Promoters and Customers. Refunds for products which are unopened and in resaleable condition will be issued at 100% of the original purchase price, less a 10% restocking fee.",
  "ordering_shipping_and_returns_faq_3_answer_2" : "Refunds for opened, partially used, or otherwise damaged products will be issued at 50% of the original purchase price. Shipping and handling costs, taxes, duties, and tariffs will not be refunded for any returns. See our Policies and Procedures for complete Return Policy details.",
  "ordering_shipping_and_returns_faq_3_answer_3" : null,
  "ordering_shipping_and_returns_faq_4" : "Does QuiAri permit product exchanges?",
  "ordering_shipping_and_returns_faq_4_answer" : "We do not accept product exchanges of any kind.",
  "ordering_shipping_and_returns_faq_5" : "What if my products arrive damaged?",
  "ordering_shipping_and_returns_faq_5_answer_1" : "The shipping company is responsible for damages that occur during shipping. A Customer who receives damaged goods should follow this procedure:",
  "ordering_shipping_and_returns_faq_5_answer_2" : "Accept delivery",
  "ordering_shipping_and_returns_faq_5_answer_3" : "Document the damages",
  "ordering_shipping_and_returns_faq_5_answer_4" : "File a claim with the shipping company",
  "ordering_shipping_and_returns_faq_5_answer_5" : "Notify QuiAri's Support Department ({0}) within 24 hours.",
  "ordering_shipping_and_returns_faq_6" : "What are QuiAri’s shipping rate and times?",
  "ordering_shipping_and_returns_faq_6_answer" : "The shipping company is responsible for damages that occur during shipping. Promoters or Customers who receive damaged goods should follow this procedure:",
  "orders" : "Orders",
  "other" : "Other",
  "p65_site" : "www.P65Warnings.ca.gov",
  "packages" : "Packages",
  "paid_on" : "Paid On",
  "password" : "Password",
  "password_updated" : "Your password has been updated!",
  "payment" : "Payment",
  "payment_issue" : "There was an issue with your payment method.",
  "payment_method" : "Payment Method",
  "payment_method_instructions" : "Enter the information below to add this payment method.",
  "payment_method_required" : "Payment Method Required",
  "payment_method_required_description" : "A payment method must be selected",
  "personally_sponsored_rank_history" : "Personally Sponsored Rank History",
  "phone_number" : "Phone Number",
  "placed_on" : "Placed On",
  "placing_order" : "Placing Order…",
  "policies_and_procedures" : "Policies and Procedures",
  "postal_code" : "Postal Code",
  "prepaid_autodelivery" : "Prepaid AutoDelivery",
  "prepaid_autodelivery_description" : "Prepaid AutoDelivery is QuiAri's monthly delivery program. Much like a subscription-based service, Prepaid AutoDelivery is designed to bring Customers and Promoters the convenience of having their favorite QuiAri products delivered automatically each and every month. Here’s the GREAT News – Prepaid AutoDelivery also saves you an additional 10%-12% each month.",
  "prepaid_months_remaining" : "{amount} Prepaid Months Remaining",
  "prepaid_no_refund_description" : "I understand there are no refunds on Prepaid AutoDelivery. See our Policies and Procedures (section 10.4) for details.",
  "previous" : "Previous",
  "previous_month_rank" : "Previous Month's Rank",
  "price" : "Price",
  "primary" : "Primary",
  "primary_address" : "Primary Address",
  "prime_gel_description" : "Includes:\n1 Box of Prime Gel (30 servings)",
  "prime_gel_only_packs" : "Prime Gel-Only Packs",
  "priority_shipping" : "Priority Shipping",
  "product" : "Product",
  "product_brochure" : "Product Brochure",
  "product_day_supply" : "{num} Day Supply",
  "product_launch_plan_booklet" : "10-4-2 Launch Plan (Booklet)",
  "product_month_supply" : "{num} Month Supply",
  "product_pdfs" : "Product PDF's",
  "products" : "Products",
  "products_faq_1" : "Where can I find more information about QuiAri products?",
  "products_faq_10" : "Will QuiAri Energy help me lose weight?",
  "products_faq_10_answer_1" : "Our exclusive ingredients work synergistically to promote weight loss and help boost energy.",
  "products_faq_10_answer_2" : "The Maqui Berry is the new number 1 superfruit, with up to 5 times more antioxidants than any other superfruit. MaquiX® is a super-concentrated organic extract that boosts the natural power of Maqui.",
  "products_faq_10_answer_3_1" : "Green Tea Extract",
  "products_faq_10_answer_3_2" : "Green tea extract can help kickstart weight loss when combined with a healthy diet and exercise.",
  "products_faq_10_answer_4_1" : "Energy Blend",
  "products_faq_10_answer_4_2" : "The key to thermogenic weight loss, our unique Energy Blend helps you burn calories and fat for high-performance weight loss",
  "products_faq_11" : "What is in our Energy Blend?",
  "products_faq_11_answer_1" : "Our Energy Blend is powered by a high-caliber combination of ingredients designed to keep your body in the ideal fat burn mode.",
  "products_faq_11_answer_2_1" : "Cinnamon bark",
  "products_faq_11_answer_2_2" : "Can aid in digestive health and helps reduce inflammation",
  "products_faq_11_answer_3_1" : "Cayenne pepper",
  "products_faq_11_answer_3_2" : "Helps boost metabolism, helps reduces appetite, and aids in digestive health",
  "products_faq_11_answer_4_1" : "Black pepper",
  "products_faq_11_answer_4_2" : "Contains antioxidants and promotes nutrient absorption",
  "products_faq_11_answer_5_1" : "Ginger root",
  "products_faq_11_answer_5_2" : "Promotes healthy digestion and helps fight inflammation",
  "products_faq_12" : "How much energy will QuiAri Energy give me?",
  "products_faq_12_answer" : "QuiAri Energy is the best clean and healthy pick-me-up! With the help of our green coffee bean extract, MaquiX™, and green tea extract, QuiAri Energy provides 150 mg of natural energy — the equivalent to one to two cups of coffee, for long-lasting endurance throughout the day!",
  "products_faq_13" : "How many servings of QuiAri Energy do I get?",
  "products_faq_13_answer" : "Each bottle or bag of single-serve packets provide a month's supply of tablets.",
  "products_faq_14" : "What is Maqui?",
  "products_faq_14_answer" : "Found only in the pristine mountains of Chile's Patagonia region, the Maqui Berry has been known for centuries for having nourishing, health-giving benefits. Maqui delivers up to 5 times more antioxidant power than any previously known superfruit.",
  "products_faq_15" : "What is MaquiX™?",
  "products_faq_15_answer" : "QuiAri collaborated with the top Maqui Berry researcher in the world to create MaquiX®, an exclusive super-concentrated organic extract that boosts the power of the Maqui Berry up to 10x.",
  "products_faq_16" : "What Is the 90-Day Kickstart Challenge?",
  "products_faq_16_answer_1" : "The 90-Day Kickstart Challenge is a 2-step lifestyle change that helps you look and feel better FAST.",
  "products_faq_16_answer_2" : "Step 1: Enjoy a delicious QuiAri Shake first thing in the morning",
  "products_faq_16_answer_3" : "Step 2: Take our QuiAri Energy supplement and get the energy you need to conquer your day",
  "products_faq_16_answer_4" : "And that's it — challenge complete. In just 90 days you'll take your health and energy levels to all new heights.",
  "products_faq_17" : "Can I use QuiAri products if I have a medical condition or am taking medications?",
  "products_faq_17_answer" : "If you have a medical condition or are taking medication, please consult your physician before using QuiAri products.",
  "products_faq_18" : "What can I say about the products when promoting QuiAri?",
  "products_faq_18_answer" : "See {0}",
  "products_faq_19" : "Can I buy QuiAri products without a referring Promoter ID?",
  "products_faq_19_answer" : "You need a referring Promoter ID to purchase products. If the Promoter who referred you to QuiAri did not provide you with their number, please contact them directly. Don't have a Promoter ID? Contact {0} for assistance with your order.",
  "products_faq_1_answer" : "Please see our {0} for details about all of QuiAri Products.",
  "products_faq_2" : "When should I drink my QuiAri Shake?",
  "products_faq_20" : "What if I love QuiAri products so much I want to become a QuiAri Promoter?",
  "products_faq_20_answer" : "It's easy to become a Promoter. Just sign up in your Customer Portal for FREE. You will immediately receive everything you need to start building your QuiAri business: self-replicating marketing website, Portal, mobile app, and more.",
  "products_faq_21" : "How Do I Use The Products?",
  "products_faq_21_answer_1" : "Step 1: Enjoy a delicious QuiAri Shake first thing in the morning",
  "products_faq_21_answer_2" : "Step 2: Take 1-2 QuiAri Energy supplements and get the energy you need to conquer your day",
  "products_faq_21_answer_3" : "Step 3: Take 1-2 delicious Gel Packets throughout your day. Just rip and sip!",
  "products_faq_22" : "How much do the new Promoter Packs cost and what do you get?",
  "products_faq_22_answer_1" : "The new Promoter Packs are as follows:",
  "products_faq_22_answer_10" : "4 QuiAri Shake Bags, 4 QuiAri Energy Bottles",
  "products_faq_22_answer_11" : "7 Pack: $1199 USD (500 SV) Best Value!",
  "products_faq_22_answer_12" : "6 months of UNLIMITED Speed Bonuses",
  "products_faq_22_answer_13" : "7 QuiAri Shake Bags, 7 QuiAri Energy Bottles",
  "products_faq_22_answer_14" : "",
  "products_faq_22_answer_15" : "",
  "products_faq_22_answer_16" : "",
  "products_faq_22_answer_17" : "",
  "products_faq_22_answer_18" : "",
  "products_faq_22_answer_19" : "",
  "products_faq_22_answer_2" : "1 Pack: $125 USD (75 SV)",
  "products_faq_22_answer_20" : "",
  "products_faq_22_answer_21" : "",
  "products_faq_22_answer_22" : "",
  "products_faq_22_answer_23" : "",
  "products_faq_22_answer_24" : "",
  "products_faq_22_answer_25" : "",
  "products_faq_22_answer_26" : "",
  "products_faq_22_answer_27" : "",
  "products_faq_22_answer_3" : "1 month of UNLIMITED Speed Bonuses",
  "products_faq_22_answer_4" : "1 QuiAri Shake Bag, 1 QuiAri Energy Bottle",
  "products_faq_22_answer_5" : "2 Pack: $250 USD (150 SV)",
  "products_faq_22_answer_6" : "2 months of UNLIMITED Speed Bonuses",
  "products_faq_22_answer_7" : "2 QuiAri Shake Bags, 2 QuiAri Energy Bottles",
  "products_faq_22_answer_8" : "4 Pack: $500 USD (300 SV)",
  "products_faq_22_answer_9" : "3 months of UNLIMITED Speed Bonuses",
  "products_faq_23" : "Are Speed Bonuses offered every time I order a Product Package?",
  "products_faq_23_answer_1" : "No. Speed Bonuses are offered only on initial Product Package purchases only.",
  "products_faq_23_answer_2" : "You have 1 year from time of purchase to redeem your vouchers.",
  "products_faq_23_answer_3" : "Please note that the Voucher amount doesn’t apply to the cost of upgrading to single-serve, shipping duties, sales tax, VAT, or international import product fee(s). These must be paid by the Promoter at the time they redeem them in the QuiAri Promoter Portal.",
  "products_faq_23_answer_4" : "",
  "products_faq_24" : "What Is QuiAri Prime?",
  "products_faq_24_answer_1" : "Our Prime gel is a delicious blend of scientifically proven, proprietary ingredients chosen specifically for their highly potent anti-aging antioxidant levels, nutritional profile, and tantalizing taste. In addition to Maqui berries, MaquiX®, S.O.D., Resveratrol, & Pterostilbene (our Youth X blend), our Prime gel is boosted with aloe vera, grapeseed, and green tea extracts for powerful repair from free radical damage, protection for cells against future harm, and reversing the signs of aging.",
  "products_faq_25" : "How Do I Take Prime?",
  "products_faq_25_answer_1" : "Just rip and sip! Take 1-2 delicious Gel Packets throughout your day.",
  "products_faq_2_answer" : "Drink QuiAri Shake first thing in the morning to start your day off right!",
  "products_faq_3" : "Will taking QuiAri Shake help me lose weight?",
  "products_faq_3_answer_1" : "QuiAri Shake utilizes a proprietary blend of ingredients that work together to support weight loss:",
  "products_faq_3_answer_2" : "The Maqui Berry is the new number 1 superfruit, with up to 5 times more antioxidants than any other superfruit. MaquiX® is a super-concentrated organic extract that boosts the natural power of the Maqui Berry.",
  "products_faq_3_answer_3" : "Featuring whey, QuiAri Shake contains 16g of protein per serving, helping you curb your appetite and manage your weight, and more!",
  "products_faq_4" : "How many calories are in QuiAri Shake?",
  "products_faq_4_answer" : "QuiAri Shake is only 120 calories per serving.",
  "products_faq_5" : "Is QuiAri Shake gluten-free?",
  "products_faq_5_answer" : "Yes, Quiari Shake is gluten-free.",
  "products_faq_6" : "Does QuiAri Shake have added sugars?",
  "products_faq_6_answer" : "QuiAri Shake has NO added sugars.",
  "products_faq_7" : "How many servings are in each bag of QuiAri Shake?",
  "products_faq_7_answer" : "With 28 servings, each bag contains a month's supply of shake mix.",
  "products_faq_8" : "What are the greens used in the Greens Blend?",
  "products_faq_8_answer" : "QuiAri Shake utilizes powerful greens to help manage your weight and boost your metabolism.",
  "products_faq_8_answer_1_1" : "Spinach",
  "products_faq_8_answer_1_2" : "Supports healthy aging and good blood pressure",
  "products_faq_8_answer_2_1" : "Chlorella",
  "products_faq_8_answer_2_2" : "Supports healthy aging and boosts your immune system",
  "products_faq_8_answer_3_1" : "Broccoli sprout extract",
  "products_faq_8_answer_3_2" : "Supports healthy skin",
  "products_faq_8_answer_4_1" : "Kale",
  "products_faq_8_answer_4_2" : "Supports weight loss, provides antioxidants and Vitamin C",
  "products_faq_8_answer_5_1" : "Alfalfa",
  "products_faq_8_answer_5_2" : "Supports a healthy metabolism",
  "products_faq_8_answer_6_1" : "Spirulina",
  "products_faq_8_answer_6_2" : "Supports overall health with a number of nutrients and high protein",
  "products_faq_9" : "When should I take QuiAri Energy?",
  "products_faq_9_answer" : "Take 1 tablet two times daily. Drink at least 8 glasses of water daily. QuiAri Energy is most effective when paired with QuiAri Shake and QuiAri Prime Gel.",
  "profile_name_validation_message" : "Name must be less than 100 characters",
  "promoter_details" : "Promoter Details",
  "promoter_id" : "Promoter ID",
  "promoter_package_kickstart_description" : "It’s the perfect choice for 1 person to start their Kickstart Challenge and gives them enough product for 4 weeks.",
  "promoter_upgrade" : "Your account has been upgraded to promoter.",
  "purple_diamond_guide" : "Purple Diamond Guide",
  "purple_diamond_guide_description" : "Follow the simple steps to reach the rank of Purple Diamond.",
  "purple_diamond_guide_training_slides" : "Purple Diamond Guide Training Slides",
  "qualifications" : "Qualifications",
  "qualifications_active" : "Active",
  "qualifications_join_date" : "Join Date",
  "qualifications_personal_sales_vol" : "Personal Sales Volume",
  "qualifications_previous_month_commission_rank" : "Previous Month's Commission Rank",
  "qualifications_recognition_rank" : "Recognition Rank",
  "qualifications_speed_bonus_vol" : "Speed Bonus Volume",
  "qualified" : "Qualified",
  "quantity" : "Quantity",
  "quiari_medical_and_drug_claims" : "QuiAri Medical & Drug Claims",
  "quiari_mobile_app" : "QuiAri Mobile App",
  "quiari_promoter_id" : "QuiAri Promoter ID",
  "quiari_swag_description" : "Get your SWAG on! Gear up with everything you need for your business: Hats, activewear, shaker cups, car decals, and more!",
  "quiari_testimonial" : "QuiAri Testimonial",
  "quiari_testimonial_info" : "Fill out the fields below to share your success story or inspirational message for other Promoters in QuiAri!",
  "rank" : "Rank",
  "rank_advancement" : "Rank Advancement",
  "rank_and_bonuses" : "Rank & Bonuses",
  "rank_champion" : "Champion",
  "rank_crown_purple_diamond" : "Crown Purple Diamond",
  "rank_diamond" : "Diamond",
  "rank_grand_purple_diamond" : "Grand Purple Diamond",
  "rank_green_diamond" : "Green Diamond",
  "rank_hero" : "Hero",
  "rank_history" : "Rank History",
  "rank_legend" : "Legend",
  "rank_promoter" : "Promoter",
  "rank_purple_diamond" : "Purple Diamond",
  "rank_qualification" : "Rank Qualification",
  "rank_qualification_faq_1" : "How do I achieve each rank?",
  "rank_qualification_faq_1_answer_1" : "Each rank requires a specific amount of Sales Volume to be obtained on the Lesser Volume Leg within the commission month.",
  "rank_qualification_faq_1_answer_2" : "Compensation Plan",
  "rank_qualification_faq_2" : "What is the difference between my commission rank and recognition rank?",
  "rank_qualification_faq_2_answer_1" : "Commission rank is the rank at which you currently are paid. This is determined based upon Sales Volume (SV) and other QuiAri Compensation Plan requirements during any commission month.",
  "rank_qualification_faq_2_answer_2" : "Recognition rank is the highest rank at which you have ever achieved.",
  "rank_qualification_faq_3" : "When are commission ranks evaluated?",
  "rank_qualification_faq_3_answer" : "Commission ranks are evaluated on the 1st of each month based on the previous month(s). Please note that our month-end is calculated at midnight, UTC  (Coordinated Universal Time).",
  "rank_rising_star" : "Rising Star",
  "rank_rock_star" : "Rock Star",
  "rank_shooting_star" : "Shooting Star",
  "rank_star" : "Star",
  "rank_super_star" : "Super Star",
  "reason" : "Reason",
  "recognition" : "Recognition",
  "recognition_rank" : "Recognition Rank",
  "recover" : "Recover",
  "recover_account" : "Recover Account",
  "recover_account_description" : "Enter the email address you use to sign into QuiAri. An email will be sent to the address provided that will guide you through the recovery process.",
  "recover_invalid_email" : "An invalid email address was specified for this recovery attempt.",
  "recover_max_limit_reached" : "Max recovery attempt limit reached. Try again in 24 hours.",
  "recover_successful" : "An email has been sent with instructions for resetting your password.",
  "redeem_now" : "Redeem Now",
  "redeem_voucher" : "Redeem Voucher",
  "redeemable_on" : "Redeemable on",
  "redeemed_on" : "Redeemed on",
  "refund" : "Refund",
  "refund_processed" : "Refund processed on {date} for {amount}",
  "remove" : "Remove",
  "remove_all" : "Remove All",
  "reorder" : "Reorder",
  "reports" : "Reports",
  "required" : "Required",
  "reset" : "Reset",
  "resources" : "Resources",
  "results" : "Results",
  "review_order" : "Review Order",
  "review_order_8" : "Review Totals",
  "review_package" : "Review Package",
  "review_products" : "Review Products",
  "right" : "Right",
  "right_bottom" : "Right Bottom",
  "right_leg" : "Right Leg",
  "right_placement_description" : "If RIGHT placement option is selected, all personally sponsored Promoters will be placed in the next available position on the outside of the bottom of the right leg.",
  "sales" : "Sales",
  "sales_receipt" : "Sales Receipt",
  "sales_reciept" : "Sales Receipt",
  "sales_volume" : "Sales Volume",
  "sales_volume_amount" : "{amount} Sales Volume",
  "sales_volume_left" : "Sales Volume Left",
  "sales_volume_right" : "Sales Volume Right",
  "sample_cards" : "Sample cards",
  "sampler_pack_description" : "Includes a 5 day supply of QuiAri Shake (pouch) and QuiAri Energy (sachet) for personal use.",
  "save" : "SAVE {amount}",
  "save_autodelivery" : "Save AutoDelivery",
  "save_changes" : "Save Changes",
  "savings" : "Savings ({amount}%)",
  "search" : "Search",
  "search_error" : "Search Error",
  "see_instructions" : "See instructions",
  "select" : "Select",
  "select_a_country_to_view_options" : "Select a country to view options",
  "select_card" : "Select Card",
  "select_language" : "Select Language",
  "select_payment_type" : "Select Payment Method Type",
  "select_preferred_payment_method" : "Select Preferred Payment Method",
  "select_products" : "Select Products",
  "self_replication_prefix" : "Self Replication Prefix",
  "self_replication_prefix_description" : "The self replicating prefix is used to determine your website url. For example, if your self replicating prefix is \"quiarirocks\", the website url would be https://quiarirocks.quiari.com.",
  "sent" : "Sent",
  "serving_bag" : "{amount} Serving Bag",
  "settings" : "Settings",
  "setup_ewallet_account" : "Set Up Your E-wallet Account",
  "shake_chocolate_description" : "Includes:\n1 Bulk Bag of Chocolate Shake (28 servings)",
  "shake_chocolate_single_description" : "Includes:\n1 Bag of Chocolate Shake (14 servings)",
  "shake_energy_packs" : "Shake & Energy Packs",
  "shake_energy_prime_packs" : "Shake, Energy, & Prime Gel Packs",
  "shake_vanilla_description" : "Includes:\n1 Bulk Bag of Vanilla Shake (28 servings)",
  "shake_vanilla_single_description" : "Includes:\n1 Bag of Vanilla Shake (14 servings)",
  "share" : "SHARE",
  "share_using_self_replicated_website" : "Share QuiAri using your self-replicated website",
  "shipped_to" : "Shipped To",
  "shipping_Rates_individual_1" : "Individual Items (orders less than $50 USD)",
  "shipping_Rates_individual_2" : "Individual Items (orders greater than $50 USD)",
  "shipping_address" : "Shipping Address",
  "shipping_address_and_billing_information" : "Shipping Address & Billing Information",
  "shipping_address_create" : "Create a new shipping address",
  "shipping_address_required" : "Shipping Address Required",
  "shipping_address_required_description" : "A shipping address must be selected",
  "shipping_and_billing_information" : "Shipping & Billing Information",
  "shipping_and_billing_information_description" : "Select the shipping and billing addresses, and the preferred payment method.",
  "shipping_and_handling" : "Shipping & Handling",
  "shipping_autodelivery" : "Use this shipping address for my next AutoDelivery",
  "shipping_estimate" : "Please allow 2-10 business days for delivery. Shipping times will vary based upon your location.",
  "shipping_information" : "Shipping Information",
  "shop_now" : "Shop Now",
  "shopping_cart_1" : "1 Month Supply QuiAri Shake & QuiAri Energy",
  "showing" : "Showing",
  "sign_here" : "Sign Here",
  "single_serve_upgrade_description" : "Upgrade entire order to single-serve packets for an additional {amount}",
  "social_media_best_practices" : "Social Media Best Practices",
  "social_security_number" : "Social Security Number",
  "speed_bonus" : "Speed Bonus",
  "speed_bonus_countdown" : "Speed Bonus Countdown",
  "sponsor" : "Sponsor",
  "sponsor_id" : "Sponsor ID",
  "sponsor_link" : "Sponsor Link",
  "sponsor_placement_description" : "Once Placed, Cannot Move as Calculations are made and Paid in Real Time",
  "sponsorship_sign_up" : "Sponsorship Sign Up",
  "sponsorship_sign_up_description" : "Email or text this application link to your Prospect or copy the link to fill out the application yourself.",
  "sponsorship_sign_up_sponsor_id" : "If you are not the Sponsor of this Prospect, enter Sponsor ID below",
  "standard_pack_description" : "Includes:\n2 Boxes of Prime Gel\n2 Bulk Bags of Shake (Chocolate or Vanilla)\n2 Bottles of Energy",
  "state_province" : "State / Province",
  "store_description" : "Choose up to 5 QuiAri Shakes and 5 QuiAri Energy",
  "subject" : "Subject",
  "submit" : "Submit",
  "submit_for_review" : "Submit for Review",
  "submitted" : "Submitted",
  "subtotal" : "Subtotal",
  "support" : "Support",
  "support_email" : "support{'@'}quiari.com",
  "support_request" : "Support Request",
  "support_request_text" : "Fill in the fields below and a support representative will respond as soon as possible.",
  "swag_store" : "Swag Store",
  "tablet_bottle" : "{amount} Tablet Bottle",
  "tablet_single_serve_packets" : "{amount} ({tablet_count} Tablet) Single Serve Packets",
  "tax_classification_c_corporation" : "C Corporation",
  "tax_classification_individual" : "Individual/Sole Proprietor",
  "tax_classification_partnership" : "Partnership",
  "tax_classification_s_corporation" : "S Corporation",
  "tax_classification_trust_or_estate" : "Trust/Estate",
  "tax_id" : "Tax ID",
  "tax_payer_identification_number" : "Tax Payer Identification Number",
  "taxes" : "Taxes",
  "taxes_and_duties" : "Taxes & duties",
  "team_commissions" : "Team Commissions",
  "text_copied" : "Text copied to clipboard",
  "total" : "Total",
  "total_commissions_summary" : "Total Commissions Summary",
  "total_personal_sales_volume_by_month" : "Total Personal Sales Volume By Month",
  "track_order" : "Track Order",
  "training" : "Training",
  "try" : "TRY",
  "try_love_share_launch_plan" : "Try. Love. Share® Launch Plan",
  "try_love_share_launch_plan_description" : "Get your business off to a FAST START using our Simple Sample System.",
  "type" : "Type",
  "unlimited_speed_bonuses" : "{num} {month} Unlimited Speed Bonuses",
  "update" : "Update",
  "update_address" : "Update Address",
  "update_address_info" : "Enter the information below to manage this address.",
  "update_autodelivery" : "Update AutoDelivery",
  "update_autodelivery_date" : "Update AutoDelivery Date",
  "update_password" : "Update Password",
  "update_password_incorrect" : "You have entered an incorrect password, please re-enter to continue.",
  "update_password_not_match" : "The passwords you entered do not match. Please check and try again.",
  "update_password_text" : "Update your account password for login. This will take effect immediately.",
  "update_payment_method" : "Update Payment Method",
  "update_payment_method_instructions" : "Enter the information below to manage this payment method.",
  "us_based_promoters" : "US Based Promoters",
  "vanilla" : "Vanilla",
  "verify" : "Verify",
  "videos" : "Videos",
  "view_cart" : "View Cart",
  "view_details" : "View Details",
  "view_international_numbers" : "View International Numbers",
  "view_qualifications" : "View Qualifications",
  "view_world_wide_shipping_document" : "To view approximate shipping times and rates, please see our {0} document.",
  "volume" : "Volume",
  "volume_history" : "Volume History",
  "volume_history_by_month" : "Current Months Volume History",
  "volume_history_by_year" : "Volume History Summary By Year",
  "volume_history_summary_by_month" : "Volume Summary By Month",
  "volume_history_summary_by_year" : "Volume Summary By Year",
  "volume_needed_for_next_rank" : "Volume needed for next rank:",
  "volume_summary_by_month" : "Volume Summary By Month",
  "volume_summary_by_year" : "Volume Summary By Year",
  "w9_and_instructions_pdf" : "W-9 Form and instructions PDF",
  "w9_certification" : "Certification",
  "w9_certification_1" : "Under penalties of perjury, I certify that:",
  "w9_certification_2" : "The number shown on this form is my correct taxpayer identification number (or I am waiting for a number to be issued to me); and",
  "w9_certification_3" : "I am not subject to backup withholding because:",
  "w9_certification_4" : "I am exempt from backup withholding, or",
  "w9_certification_5" : "I have not been notified by the Internal Revenue Service (IRS) that I am subject to backup withholding as a result of a failure to report all interest or dividends, or",
  "w9_certification_6" : "the IRS has notified me that I am no longer subject to backup withholding; and",
  "w9_certification_7" : "I am a U.S. citizen or other U.S. person (defined below); and",
  "w9_certification_8" : "The FATCA code(s) entered on this form (if any) indicating that I am exempt from FATCA reporting is correct.",
  "w9_certification_9" : "Certification instructions. You must cross out item 2 above if you have been notified by the IRS that you are currently subject to backup withholding because you have failed to report all interest and dividends on your tax return. For real estate transactions, item 2 does not apply. For mortgage interest paid, acquisition or abandonment of secured property, cancellation of debt, contributions to an individual retirement arrangement (IRA), and generally, payments other than interest and dividends, you are not required to sign the certification, but you must provide your correct TIN. See the instructions for Part II, later.",
  "w9_form" : "IRS W-9 form",
  "w9_notice" : "You must fill out the mandatory {0} in order to complete your E-Wallet account sign up process.",
  "w9_registration_form" : "W9 Registration Form",
  "w9_submit_error" : "Something went wrong",
  "w9_submit_error_description" : "An error has occured. Please try again in a few minutes.",
  "w9_submitted" : "W9 Submitted Successfully",
  "w9_submitted_description" : "Your W9 tax information has been submitted successfully for review.",
  "ward" : "Ward",
  "welcome" : "Welcome!",
  "world_wide_shipping_document" : "World Wide Shipping document",
  "year" : "Year",
  "yearly_commissions_summary" : "Yearly Commissions Summary",
  "yes" : "Yes",
  "your_testimonial" : "Your Testimonial"
}