{
  "15_gel_boxes_description" : "Includes:\n15 Boxes of Prime Gel",
  "1_pack_description" : "Includes:\n1 Bulk Bag of Shake (Chocolate or Vanilla)\n1 Bottle of Energy",
  "2_pack_description" : "Includes:\n2 Bulk Bags of Shake (Chocolate or Vanilla)\n2 Bottles of Energy",
  "2_pack_gel_description" : "Includes:\n2 Boxes of Prime Gel",
  "3_gel_boxes_description" : "Includes:\n3 Boxes of Prime Gel",
  "4_pack_description" : "Includes:\n4 Bulk Bags of Shake (Chocolate or Vanilla)\n4 Bottles of Energy",
  "4_pack_gel_description" : "Includes:\n4 Boxes of Prime Gel",
  "6_gel_boxes_description" : "Includes:\n6 Boxes of Prime Gel",
  "8_pack_gel_description" : "Includes:\n8 Boxes of Prime Gel",
  "Active" : "Estado activo",
  "Cycled" : "Ciclo completado",
  "Ending" : "Acaba",
  "New" : "Nuevo",
  "Starting" : "Inicio",
  "active" : "Estado activo",
  "active_cycle_volume" : "Volumen en estado activo",
  "active_tripack_description" : "Incluye: 1 caja de Prime Gel 1 bolsa de Shake a granel (Chocolate o vainilla) 1 frasco de Energy",
  "add_address" : "Añadir dirección",
  "add_payment_method" : "Añadir método de pago",
  "add_shipping_address" : "Añade una dirección de envío para obtener una estimación de tu pedido",
  "add_to_autodelivery" : "Añadir a AutoDelivery",
  "add_to_cart" : "Añadir al carrito",
  "address_instructions" : "Introduce la información de más abajo para añadir esta dirección.",
  "address_line_1" : "Dirección (línea 1)",
  "address_line_2" : "Dirección (línea 2)",
  "all" : "todo",
  "amount" : "Cantidad",
  "are_you_sure_customer_to_promoter" : "¿Seguro que quieres convertirte en promotor?",
  "as_shown_on_your_income_tax_return" : "Tal y como aparece en tu declaración del impuesto sobre la renta",
  "auto" : "Auto",
  "auto_delivery" : "AutoDelivery",
  "auto_placement_description" : "Si se selecciona la opción Auto, la primera persona que patrocines se colocará en el mismo lado que tu patrocinador. Por ejemplo: si estás en el lado derecho de tu patrocinador, la primera persona que patrocines personalmente se situará en tu lado derecho.",
  "auto_placement_description_2" : "Cualquier nuevo promotor que consigas se situará fuera de tu lado con la cantidad inferior de Sales Volume.",
  "auto_placement_description_3" : "Si Sales Volume es igual en ambos lados, el nuevo promotor se situará fuera del lado con el menor número de lados.",
  "autodelivery_cancel" : "Cancelar AutoDelivery",
  "autodelivery_cancel_error" : "No se ha podido cancelar tu AutoDelivery; contacta con soporte.",
  "autodelivery_cancel_success" : "Tu AutoDelivery se ha cancelado correctamente.",
  "autodelivery_description" : "Ahorra un 10 % registrándote en AutoDelivery y recibe tus productos favoritos de QuiAri automáticamente cada mes. Puedes actualizar o modificar tus pedidos de AutoDelivery en cualquier momento.",
  "autodelivery_disclaimer" : "Tu AutoDelivery se procesará automáticamente y se facturará a tu tarjeta de crédito o débito mensualmente hasta que canceles el servicio. Puedes editar la AutoDelivery yendo a «Pedidos» y haciendo clic en «Mi AutoDelivery» en el menú desplegable. Puedes cancelarla en cualquier momento poniéndote en contacto con el equipo de soporte en {email} o llamando por teléfono al +1-813-413-8120.",
  "autodelivery_faq_1" : "¿Qué es AutoDelivery?",
  "autodelivery_faq_1_answer" : "Un pedido de AutoDelivery es un envío mensual recurrente de un producto. Al suscribirte a AutoDelivery, puedes ahorrar hasta un 28 % en la compra del producto.",
  "autodelivery_faq_2" : "¿Puedo editar mi pedido con AutoDelivery?",
  "autodelivery_faq_2_answer" : "Puedes editar la AutoDelivery yendo a «Pedidos» y haciendo clic en «Mi AutoDelivery» en el menú desplegable. El pedido con AutoDelivery puede incluir hasta cinco productos de cada tipo: cinco batidos QuiAri Shake y cinco frascos QuiAri Energy.",
  "autodelivery_faq_3" : "¿Puedo cancelar mi pedido con AutoDelivery?",
  "autodelivery_faq_3_answer" : "Sí puedes. Para cancelar un pedido de AutoDelivery, inicia sesión en tu portal, haz clic en «Pedidos» y, a continuación, en «Mi AutoDelivery».",
  "autodelivery_faq_4" : "¿Cómo consigo recibir mi pedido con AutoDelivery de forma gratuita cada mes?",
  "autodelivery_faq_4_answer_1" : "Debes tener AutoDelivery configurada y al menos 50 SV (Sales Volume)",
  "autodelivery_faq_4_answer_2" : "Debe tener 2 clientes patrocinados personalmente en AutoDelivery en los últimos 30 días y sus pedidos deben generar 50 SV o más.",
  "autodelivery_faq_4_answer_3" : "¡Ya puedes optar a recibir un producto GRATIS!",
  "autodelivery_faq_4_answer_4" : "Una vez cumplidos todos los criterios, el sistema de QuiAri revisa los pedidos AutoDelivery de tus Clientes que hayan generado 50 SV o más en los últimos 30 días y saca la media de sus totales. El resultado es el crédito en productos que recibirás. El crédito total del producto no puede superar 118,80 USD y no se aplica a los gastos de envío, aranceles, IVA ni a ninguna tarifa internacional de importación de productos.",
  "autodelivery_faq_5" : "¿Puedo cambiar la fecha de un pedido de AutoDelivery o cancelarlo? ",
  "autodelivery_faq_5_answer" : "Sí puedes. Para cambiar la fecha de un pedido de AutoDelivery o cancelarlo, inicia sesión en tu portal, haz clic en «Pedidos» y, a continuación, en «Mi AutoDelivery».",
  "autodelivery_faq_6" : "¿Cómo funciona AutoDelivery de prepago?",
  "autodelivery_faq_6_answer" : "Ve a «Pedido» en la barra de navegación y selecciona «Mi AutoDelivery». Puede elegir pagar tu AutoDelivery durante un periodo de 3, 6 o 9 meses por adelantado y ahorrar hasta un 12 % en el total de tu pedido de productos. Tu AutoDelivery de prepago se procesará automáticamente y se facturará a tu tarjeta de crédito o débito hoy por los servicios mensuales. La AutoDelivery de prepago no es apta para devoluciones o reembolsos más allá de nuestra Política de devoluciones de 30 días a partir de la fecha en que se establezca la primera. Tu volumen mensual de AutoDelivery de prepago tendrá un ciclo cada 30 días hasta que caduque tu AutoDelivery. Ten en cuenta que también debes pagar tus productos con 3, 6 o 9 meses de antelación para recibir la AutoDelivery de prepago. Recibirás un correo electrónico cuando te toque renovar tu AutoDelivery de pago. Ten en cuenta que tu AutoDelivery de prepago no se renueva automáticamente. Debes ir al Portal (a «Pedido» en la barra de navegación) y repetir el proceso para inscribirte en AutoDelivery de prepago.",
  "autodelivery_faq_7" : "¿AutoDelivery de prepago es reembolsable y puedo hacer cambios una vez procesada?",
  "autodelivery_faq_7_answer" : "AutoDelivery de prepago no es reembolsable. Puedes devolver tus productos conforme a nuestra política de devoluciones estándar de 30 días. Una vez procesada la AutoDelivery de prepago, no se podrán realizar cambios en el pedido, la duración del plazo o la fecha de envío automático.",
  "autodelivery_header_1" : "Tu próxima AutoDelivery está programada para",
  "autodelivery_header_2" : "Si quieres cancelar tu AutoDelivery, ponte en contacto con Soporte o haz clic en el botón «Cancelar AutoDelivery».",
  "autodelivery_modify_payment_description" : null,
  "autodelivery_totals" : null,
  "back_to_shipping" : "Volver al envío",
  "bag" : "bolsa | bolsas",
  "basic_pack_description" : "Incluye: 1 caja de Prime Gel 1 bolsa de Shake a granel (Chocolate o vainilla) 1 frasco de Energy",
  "become_a_promoter" : "Convertirse en promotor",
  "billing_address" : "Dirección de facturación",
  "billing_email_address" : "Dirección de correo electrónico para facturación",
  "binary_leg" : "Lado binario",
  "binary_placement_options" : "Opciones de ubicación binaria",
  "binary_placement_update_description" : "Tu ubicación binaria predeterminada se ha actualizado a {placement}. Los nuevos promotores que se registren se ubicarán siguiendo esta nueva configuración.",
  "binary_placement_updated" : "Ubicación binaria actualizada",
  "bonus_product" : "{num} {month}(es) de producto de bonificación",
  "bonus_product_body" : "Buenas noticias: tus vales de producto de bonificación* podrás canjearlos aquí dentro de los 30 días posteriores a la fecha de compra inicial. La cantidad de vales que recibas varía en función del pack para promotores que hayas comprado. Si tienes alguna pregunta, ponte en contacto con ",
  "bonus_product_disclaimer" : "*Un vale = suministro para 1 mes de QuiAri Shake y QuiAri Energy (solo se puede usar un vale al mes). Las alternativas en formato monodosis estarán disponibles en el momento del canje por un cargo adicional. Los precios no incluyen gastos de envío, aranceles, IVA ni ninguna tarifa internacional de importación de productos.",
  "bonus_product_title" : "Producto de bonificación",
  "bonus_product_voucher" : "Vale de producto de bonificación",
  "bonuses" : "Bonus",
  "both" : "Ambos",
  "bottle" : "frasco | frascos",
  "bug_report" : "Informe de error técnico",
  "builder_pack_description" : "Incluye: 4 cajas de Prime Gel 4 bolsas de Shake a granel (Chocolate o vainilla) 4 frascos de Energy",
  "business_name" : "Nombre comercial/Nombre de la entidad excluida",
  "cancel" : "Cancelar",
  "capped" : "Limitado",
  "card_number" : "Número de tarjeta",
  "carrier" : "Transportista",
  "carrier_tracking_number" : "Número de seguimiento del transportista",
  "change_password" : "Cambiar contraseña",
  "change_primary_address" : "Change Primary Address",
  "change_product_selection" : "Cambiar selección de producto",
  "checkout" : "Pago",
  "checkout_autodelivery_discount" : "Descuento del por AutoDelivery",
  "checkout_estimated_shipping_and_handling" : "Envío y manipulación",
  "checkout_review_order" : "Revisar pedido",
  "checkout_shipping_estimate" : "El plazo de entrega es de {min} a {max} días laborables",
  "checkout_tax" : "Impuestos",
  "chocolate" : "Chocolate",
  "choose_individual_products" : "Elige productos individuales",
  "choose_option_below" : "Elige la siguiente opción",
  "choose_package_items_total" : "(Elige un total de {amount})",
  "choose_products" : null,
  "city" : "Ciudad",
  "click_link_for_schedule" : "Haz clic en el enlace para ver el programa.",
  "click_to_download" : "Haz clic para descargar",
  "close" : "Cerrar",
  "commission" : "Comisión",
  "commission_history" : "Historial de comisiones",
  "commission_rank" : "Clasificación de las comisiones",
  "commission_rank_history" : "Historial con la clasificación de las comisiones",
  "commissions" : "Comisiones",
  "commissions_faq_1" : "¿Qué son las Team Commissions?",
  "commissions_faq_10" : "¿Cómo gano Fast Start Bonus?",
  "commissions_faq_10_answer_1" : "Los promotores ganan una bonificación Fast Start Bonus de hasta 200 USD en cualquier pedido inicial de packs de productos que hayan patrocinado personalmente:\n",
  "commissions_faq_10_answer_2" : "1 paquete - 20 USD",
  "commissions_faq_10_answer_3" : "2 Pack - 40 USD",
  "commissions_faq_10_answer_4" : "4 Pack - 80 USD",
  "commissions_faq_10_answer_5" : "10 Pack - 200 USD",
  "commissions_faq_10_answer_6" : "QuiAri Shake (28 días) - 7,50 USD",
  "commissions_faq_10_answer_7" : "QuiAri Shake (14 días) - 3,75 USD",
  "commissions_faq_10_answer_8" : "QuiAri Energy - 3,75 USD",
  "commissions_faq_10_answer_9" : "Muestras para 5 días - 1,50 USD",
  "commissions_faq_11" : "¿Cómo consigo Matching Bonus?",
  "commissions_faq_11_answer" : "A medida que avanzas en la clasificación, QuiAri te recompensa con un Matching Bonus por formar y hacer crecer tu equipo. Gana hasta el 80 % de las Team Commissions obtenidas en los niveles 1-7 de tu línea personal de patrocinio, según tu clasificación reconocida.",
  "commissions_faq_12" : "¿Cómo puedo ganar un Lifestyle Bonus?",
  "commissions_faq_12_answer_1" : "Deberás cualificarte, y se concede en función de tu clasificación de comisiones obtenida en los 30 días anteriores. Para las clasificaciones Hero - Legend, analizamos tu Group Sales Volume (GSV) el primer día de cada mes y pagamos la bonificación el día 15. Para las clasificaciones Diamond - Purple Diamond, evaluamos los dos meses anteriores.",
  "commissions_faq_12_answer_2" : "Hero: 500 USD",
  "commissions_faq_12_answer_3" : "Legend: 1000 USD",
  "commissions_faq_12_answer_4" : "Diamond: 1500 USD",
  "commissions_faq_12_answer_5" : "Green Diamond: 2500 USD",
  "commissions_faq_12_answer_6" : "Purple Diamond: 5000 USD",
  "commissions_faq_12_answer_7" : "Grand Purple Diamond: $6,000 USD",
  "commissions_faq_12_answer_8" : "Crown Purple Diamond: $7,500 USD",
  "commissions_faq_13" : "¿Cómo consigo un Speed Bonus?",
  "commissions_faq_13_answer_1" : "Paquetes con solo Shake y Energy",
  "commissions_faq_13_answer_10" : "Paquetes de productos",
  "commissions_faq_13_answer_11" : "8 Pack: 60 días para ganar Speed Bonus ilimitados",
  "commissions_faq_13_answer_12" : "4 Pack: 30 días para ganar Speed Bonus ilimitados",
  "commissions_faq_13_answer_13" : "2 Pack: 14 días para ganar Speed Bonus ilimitados",
  "commissions_faq_13_answer_2" : "Founders Pack: 90 días para ganar Speed Bonus ilimitados",
  "commissions_faq_13_answer_3" : "4 Pack: 60 días para ganar Speed Bonus ilimitados",
  "commissions_faq_13_answer_4" : "2 Pack: 30 días para ganar Speed Bonus ilimitados",
  "commissions_faq_13_answer_5" : "1 Pack: 14 días para ganar Speed Bonus ilimitados",
  "commissions_faq_13_answer_6" : "Paquetes con solo Gel",
  "commissions_faq_13_answer_7" : "Builder Pack: 60 días para ganar Speed Bonus ilimitados",
  "commissions_faq_13_answer_8" : "Standard Pack: 30 días para ganar Speed Bonus ilimitados",
  "commissions_faq_13_answer_9" : "Basic Pack: 14 días para ganar Speed Bonus ilimitados",
  "commissions_faq_14" : "¿Cómo consigo un Cycle Bonus?",
  "commissions_faq_14_answer_1" : "A medida que acumulas Group Sales Volume (GSV), avanzas en el ciclo y ganas una Team Commission por cada 100 GSV emparejados en los lados izquierdo y derecho, hasta niveles ilimitados. Tu clasificación determina la cantidad con que avanzas en el ciclo:",
  "commissions_faq_14_answer_10" : "Diamond: 17,50 USD",
  "commissions_faq_14_answer_11" : "Green Diamond: 17,50 USD",
  "commissions_faq_14_answer_12" : "Purple Diamond: 20 USD",
  "commissions_faq_14_answer_13" : "Grand Purple Diamond: $20 USD",
  "commissions_faq_14_answer_14" : "Crown Purple Diamond: $20 USD",
  "commissions_faq_14_answer_2" : "Star: 10 USD",
  "commissions_faq_14_answer_3" : "Rising Star: 10 USD",
  "commissions_faq_14_answer_4" : "Shooting Star: 12,50 USD",
  "commissions_faq_14_answer_5" : "Rock Star: 12,50 USD",
  "commissions_faq_14_answer_6" : "Super Star: 12,50 USD",
  "commissions_faq_14_answer_7" : "Champion: 15 USD",
  "commissions_faq_14_answer_8" : "Hero: 15 USD",
  "commissions_faq_14_answer_9" : "Legend: 17,50 USD",
  "commissions_faq_15" : "¿Qué ocurre con mis comisiones si no estoy cualificado?",
  "commissions_faq_16" : "¿Puede desaparecer alguna vez el Sales Volume (SV)?",
  "commissions_faq_16_answer_1" : "Así es; transcurridos 60 días de inactividad, el Sales Volume puede desaparecer. Permanecerás activo si compras productos, ya sea para ti mismo o para vendérselos a cliente, por un valor mínimo de 25 Personal Sales Volume (PSV).",
  "commissions_faq_16_answer_2" : "Para seguir activo, debes generar un Personal Sales Volume de al menos 25 PSV al mes.",
  "commissions_faq_17" : "¿Cómo consigo un Rank Advancement Bonus?",
  "commissions_faq_17_answer_1" : "Ganas una bonificación única cada vez avanzas en la clasificación (Rising Star y superior). De Champion a Legend, deberás mantener la clasificación durante 2 meses consecutivos para cualificarte. Para Green Diamond y Purple Diamond, deberás mantenerla durante 3 meses consecutivos.",
  "commissions_faq_17_answer_10" : "Green Diamond: 12 500 USD",
  "commissions_faq_17_answer_11" : "Purple Diamond: 25 000 USD",
  "commissions_faq_17_answer_12" : "Grand Purple Diamond: $27,500 USD",
  "commissions_faq_17_answer_13" : "Crown Purple Diamond: $30,000 USD",
  "commissions_faq_17_answer_2" : "Rising Star: 50 USD",
  "commissions_faq_17_answer_3" : "Shooting Star: 100 USD",
  "commissions_faq_17_answer_4" : "Rock Star: 250 USD",
  "commissions_faq_17_answer_5" : "Super Star: 500 USD",
  "commissions_faq_17_answer_6" : "Champion: 1250 USD",
  "commissions_faq_17_answer_7" : "Hero: 2500 USD",
  "commissions_faq_17_answer_8" : "Legend: 5000 USD",
  "commissions_faq_17_answer_9" : "Diamond: 7500 USD",
  "commissions_faq_18" : "¿Cómo consigo un Customer Bonus?",
  "commissions_faq_18_answer" : "Las bonificaciones Customer Bonus se calculan sobre la base del 20% del Sales Volume (SV) de todos los pedidos de clientes patrocinados personalmente.",
  "commissions_faq_19" : "¿Aparecen los clientes en el «árbol genealógico»?",
  "commissions_faq_19_answer" : "No, no se colocan en el árbol.",
  "commissions_faq_1_answer" : "Las Team Commissions son parte esencial del plan de remuneración de QuiAri y se calculan en función de tu árbol binario, que tiene dos lados: el izquierdo y el derecho. Se te remunerará cuando establezcas con éxito un Group Sales Volume (GSV) en tu árbol binario.",
  "commissions_faq_2" : "¿Cómo se calculan las Team Commissions?",
  "commissions_faq_20" : "¿Aparece el Sales Volume (SV) de los clientes en el árbol genealógico?",
  "commissions_faq_20_answer" : "Sí. No obstante, una vez que el sistema determina que estás Activo con un mínimo de 75 PSV (Personal Sales Volume), el Sales Volume asociado a la compra del Cliente se coloca conforme a tu configuración binaria (Izquierda, Derecha, Auto) en tu portal QuiAri. Esto te permite sacar el máximo rendimiento de las Team Commissions de tus clientes patrocinados personalmente.",
  "commissions_faq_2_answer_1" : "Cada paquete de productos tiene asignado una puntuación que se llama Sales Volume. Cada vez que se vende un producto dentro de tu organización, este genera Sales Volume en toda la línea ascendente.",
  "commissions_faq_2_answer_2" : "Conforme se vayan acumulando puntos, se ganarán Team Commissions. Un promotor completa un ciclo cada vez que acumula un Sales Volume de 100 SV en sus lados derecho e izquierdo.",
  "commissions_faq_2_answer_3" : "El Group Sales Volume sin pagar se acumula.",
  "commissions_faq_3" : "¿Qué tengo que hacer para recibir Team Commissions?",
  "commissions_faq_3_answer" : "Para estar cualificado, debes tener al menos un promotor patrocinado personalmente tanto en los lados izquierdo como derecho, que estén ACTIVOS con un mínimo de 25 PSV al mes. 75 PSV para Rock Star y niveles superiores.",
  "commissions_faq_4" : "¿Cuentan mis compras de productos para la cualificación de comisiones?",
  "commissions_faq_4_answer" : "Tus compras personales cuentan para estar ACTIVO, pero también debes patrocinar personalmente a 2 promotores activos en los lados izquierdo y derecho a fin de CUALIFICARTE para obtener comisiones.",
  "commissions_faq_5" : "¿Cuánto dinero puedo conseguir con el plan de remuneración de QuiAri?",
  "commissions_faq_5_answer" : "Ten en cuenta que la oportunidad comercial de QuiAri ofrece un potencial de ganancias ilimitado. Sin embargo, QuiAri no garantiza en modo alguno el éxito financiero. Lograr el éxito con QuiAri depende solo del éxito en las ventas, lo que requiere duro trabajo, diligencia, habilidad, persistencia, competencia y liderazgo. Tus ingresos dependerán de hasta qué punto ostentes dichas cualidades.",
  "commissions_faq_6" : "¿Existe algún límite de ganancias en las Team Commissions mensuales?",
  "commissions_faq_6_answer_1" : "Champion: 5000 USD/semana",
  "commissions_faq_6_answer_2" : "Hero: 10 000 USD/semana",
  "commissions_faq_6_answer_3" : "Legend: 15 000 USD/semana",
  "commissions_faq_6_answer_4" : "Diamond: 20 000 USD/semana",
  "commissions_faq_6_answer_5" : "Green Diamond: 25 000 USD/semana",
  "commissions_faq_6_answer_6" : "Purple Diamond: 50 000 USD/semana",
  "commissions_faq_6_answer_7" : "Grand Purple Diamond: $50,000 USD/week",
  "commissions_faq_6_answer_8" : "Crown Purple Diamond: $50,000 USD/week",
  "commissions_faq_6_comp_plan" : "Consulta los detalles del Plan de remuneración de QuiAri.",
  "commissions_faq_7" : "¿Cuál es el Sales Volume (SV) asociado a cada paquete de productos y producto?",
  "commissions_faq_7_answer_1" : "Packs Shake y Energy",
  "commissions_faq_7_answer_10" : "Founders Pack: 600 SV",
  "commissions_faq_7_answer_11" : "Builder Pack: 400 SV",
  "commissions_faq_7_answer_12" : "Standard Pack: 200 SV",
  "commissions_faq_7_answer_13" : "Basic Pack: 100 SV",
  "commissions_faq_7_answer_14" : "Paquetes con solo Gel",
  "commissions_faq_7_answer_15" : "8 Pack: 360 SV",
  "commissions_faq_7_answer_16" : "4 Pack: 180 SV",
  "commissions_faq_7_answer_17" : "2 Pack: 90 SV",
  "commissions_faq_7_answer_18" : "Crea tus propios paquetes",
  "commissions_faq_7_answer_19" : "Bolsa de Shake: 50 SV",
  "commissions_faq_7_answer_2" : "QuiAri Shake: 50 SV",
  "commissions_faq_7_answer_20" : "Caja de Prime Gel: 45 SV",
  "commissions_faq_7_answer_21" : "Energy en frasco: 25 SV",
  "commissions_faq_7_answer_3" : "QuiAri Energy: 25 SV",
  "commissions_faq_7_answer_4" : "Muestras para 5 días: 10 SV",
  "commissions_faq_7_answer_5" : "Paquetes de productos para promotores (compra única solo)",
  "commissions_faq_7_answer_6" : "1 paquete - 75 SV",
  "commissions_faq_7_answer_7" : "2 Pack - 150 SV",
  "commissions_faq_7_answer_8" : "4 Pack - 300 SV",
  "commissions_faq_7_answer_9" : "7 paquetes - 500 SV",
  "commissions_faq_8" : "¿Cómo puedo recopilar Sales Volume?",
  "commissions_faq_8_answer" : "Para recopilar Sales Volume, debes permanecer activo y generar un mínimo de 25 PSV mensualmente. Rock Star y niveles superiores deben generar un mínimo de 75 PSV.",
  "comp_plan" : "Plan de remuneración",
  "company_name" : "Nombre de la empresa",
  "compensation_plan" : "Plan de remuneración",
  "confirm" : "Confirmar",
  "confirm_new_password" : "Confirmar nueva contraseña",
  "confirm_password" : "Confirmar contraseña",
  "contact_us" : "Contacta con nosotros",
  "copied" : "Copiado",
  "copied_successfully" : "Se ha copiado correctamente",
  "copy_link" : "Copiar enlace",
  "copy_video_url" : "Copiar URL de vídeo",
  "corporate_announcements" : "Anuncios corporativos",
  "cost" : "Precio",
  "country" : "País",
  "current_commission_rank" : "Clasificación de comisión actual",
  "current_password" : "Contraseña actual",
  "currently_have_no_customers" : "Actualmente no tienes clientes",
  "customer_id" : "ID de cliente",
  "customer_info_1" : "Personas de todo el mundo adoran los productos QuiAri y observan resultados que transforman sus vidas. Y esas mismas personas están ganando dinero por promover los productos QuiAri y recibiendo el pago instantáneamente después de cada venta. Únete a la oportunidad de negocio global desde casa de más rápido crecimiento.",
  "customer_info_2" : "Como promotor de QuiAri, tienes muchas formas diferentes de obtener ingresos a jornada parcial o completa y, de paso, conseguir productos gratis.",
  "cycle" : "Ciclo",
  "dashboard" : "Panel",
  "dashboard_business_app" : "Aplicación comercial de QuiAri",
  "dashboard_business_app_description" : "Descarga la aplicación QuiAri para comprobar tus ganancias, registrar a clientes y candidatos, comprar productos, permanecer al tanto de las noticias de QuiAri y gestionar tu negocio sobre la marcha.",
  "dashboard_business_opportunity" : "Presentación de oportunidades de negocio de QuiAri",
  "dashboard_business_opportunity_info" : "Dirige a los miembros de tu equipo a la presentación de oportunidades de negocio. Consulta las redes sociales {'@'}QuiAriOfficial o tu bandeja de entrada para ver la programación.",
  "dashboard_current_month" : "Mes actual",
  "dashboard_download_now" : "Descargar ahora",
  "dashboard_follow_social_media" : "Síguenos en las redes sociales",
  "dashboard_get_paid_in_5" : "Comparte tu página {0} para motivar, inspirar y ¡HACER CRECER TU EQUIPO!",
  "dashboard_getting_started" : "Primeros pasos",
  "dashboard_live_feed" : "Canal en vivo",
  "dashboard_my_commissions" : "Mis comisiones",
  "dashboard_my_qualifications" : "Mis cualificaciones",
  "dashboard_purple_diamond_guide" : "Descubre cómo alcanzar la cumbre con la guía fácil {0} que te enseñará a duplicar tu equipo y avanzar en la clasificación más rápido que nunca.",
  "dashboard_qualified" : "Cualificado",
  "dashboard_recent_orders" : "Pedidos recientes",
  "dashboard_self_replicated_site" : "Sitio web réplica del nuestro:",
  "dashboard_share_your_story" : "¡Comparte tu historia!",
  "dashboard_stay_plugged_in" : "Conéctate:",
  "dashboard_steps" : "Sigue estos sencillos pasos y DESCUBRE cómo:",
  "dashboard_steps_1" : "Reprograma tu mente para triunfar",
  "dashboard_steps_2" : "Domina la pregunta de invitación",
  "dashboard_steps_3" : "Crea una cultura de duplicación en tu equipo",
  "dashboard_steps_4" : "No te quedes nunca sin gente con quien hablar",
  "dashboard_steps_5" : "Gestiona tu tiempo",
  "dashboard_steps_6" : "Empieza de la MEJOR MANERA",
  "dashboard_testimonial" : " ¡Queremos saber de ti!",
  "dashboard_testimonial_description" : "¿Han cambiado esta oportunidad o los productos tu vida? ¡Comparte tu historia y podrás participar en nuestro canal en vivo y en redes sociales!",
  "dashboard_year_to_date" : "Año a fecha",
  "date" : "Fecha",
  "date_earned" : "Fecha de obtención",
  "date_joined" : "Fecha de ingreso",
  "ddu_disclaimer" : "Los precios no incluyen impuestos, gravámenes y aranceles que puedan derivarse de la entrega.",
  "delete" : "Borrar",
  "disclaimers" : "Descargos de responsabilidad",
  "discount" : null,
  "district" : "Distrito",
  "documents" : "Documentos",
  "download" : "Descargar",
  "earned_on" : "Conseguido el",
  "edit" : "Editar",
  "edit_address" : "Editar dirección",
  "email_address" : "Dirección de correo electrónico",
  "email_address_or_member_id" : "Email Address or Member ID",
  "email_receipt" : "Correo electrónico recibido",
  "emails" : "Correos electrónicos",
  "employer_identification_number" : "Número de identificación del empleador",
  "empty_cart" : "Vaciar carrito",
  "ending_with" : "Acaba en",
  "energy_bottle_description" : "Incluye: 1 frasco de Energy (60 porciones)",
  "energy_single_serve_description" : "Incluye: 1 bolsa de Energy (60 porciones)",
  "enter_login_details" : "Enter your details below to log in",
  "error" : "Error",
  "estimated_shipping_and_handling" : "Envío y manipulación estimados",
  "event_description" : "Descripción del evento",
  "ewallet_account" : "Información de cuenta de tu cartera electrónica",
  "ewallet_notice" : "Para configurar la cuenta de tu cartera electrónica, debes rellenar el siguiente formulario: {0}",
  "ewallet_setup_notice" : "La cuenta de tu cartera electrónica se configurará automáticamente 5 (cinco) tres días laborables después de haber ganado tu primera comisión. Este proceso de un solo paso te proporciona el nivel más alto de seguridad. Una vez activada tu cuenta, podrás disfrutar de todos beneficios espectaculares de la opción de pago en el mismo día.",
  "exempt_payee_code" : "Código de beneficiario exento (si hubiera)",
  "exemption_from_fatca_reporting_code" : "Exención del código de información de la FATCA (si lo hubiera)",
  "exemptions" : "Exenciones",
  "existing_monthly_autodelivery" : "Ya tienes una AutoDelivery mensual activa en tu cuenta. No puedes configurar una AutoDelivery de prepago hasta que canceles tu AutoDelivery.",
  "existing_prepaid_autodelivery" : "Ya tienes una AutoDelivery de prepago en curso. No puedes configurar AutoDelivery en estos momentos.",
  "expiration" : "Caducidad",
  "expiration_month" : "Mes de caducidad",
  "expiration_year" : "Año de caducidad",
  "expired_on" : "Fecha de caducidad",
  "expires" : "Caduca",
  "extend_prepaid_autodelivery" : null,
  "faqs" : "Preguntas frecuentes",
  "fast_start" : "Fast Start",
  "fast_start_bonus" : "Fast Start Bonus",
  "fda_notice" : "Estas afirmaciones todavía no han sido evaluadas por la Administración de Alimentos y Medicamentos de los Estados Unidos (FDA). Estos productos no han sido elaborados con el fin de diagnosticar, tratar, curar o prevenir ninguna enfermedad.",
  "feature_request" : "Pregunta sobre características",
  "federal_tax" : "Impuestos tributarios",
  "federal_tax_classification" : "Clasificación tributaria",
  "feedback" : "Comentario",
  "field_required" : "Este campo es obligatorio",
  "first_name" : "Nombre",
  "fitness" : "Bienestar",
  "forgot_password" : "¿Has olvidado tu contraseña?",
  "founders_pack_description" : "Incluye: 6 cajas de Prime Gel 5 bolsas de Shake de chocolate (monodosis) 5 bolsas de Shake de vainilla (monodosis) 5 bolsas de Energy (monodosis)",
  "free" : "GRATIS",
  "free_tour_marketing_system" : "Sistema de tour de marketing gratis",
  "free_tour_subtitle" : "Te proporciona un servicio ininterrumpido durante todo el año, además de páginas web personalizadas, sitios web de marketing a medida, informes en tiempo real y campañas con seguimiento automático. Comparte las siguientes páginas de marketing para generar clientes potenciales y poner en marcha tu negocio.",
  "from" : "de",
  "gear_store" : "Almacén de accesorios",
  "genealogy" : "Genealogía",
  "general" : "General",
  "general_faq_1" : "¿No es necesario adquirir ningún producto para participar en el plan de remuneración de QuiAri?",
  "general_faq_1_answer" : "No se requieren compras personales para participar, pero te ayudarán a alcanzar el estado ACTIVO.",
  "general_faq_2" : "¿Cómo añado un nuevo promotor a mi equipo?",
  "general_faq_2_answer_1" : "Los candidatos se posicionan automáticamente en los lados izquierdo o derecho de tu equipo para aumentar al máximo tus ingresos. Para poder cambiarlo y que los candidatos se coloquen en un lado específico, tienes que ir a la página Genealogía de tu portal en cualquier momento y seleccionar izquierdo o derecho.",
  "general_faq_2_answer_2" : "Tienes la opción de situar fácilmente y de forma manual a los candidatos en la página Genealogía haciendo clic en una posición abierta.",
  "general_faq_3" : "Si ubico a alguien accidentalmente en un posición errónea de mi línea descendente, ¿puedo moverla a la correcta?",
  "general_faq_3_answer" : "Las comisiones se te abonarán a ti de forma automática y a toda tu línea ascendente cuando la venta tenga lugar. Por tanto, una vez listo el registro, la posición de promotor no puede moverse ni cambiarse. Asegúrate de que tanto tu patrocinador como las ubicaciones seleccionadas son las correctas antes de proseguir.",
  "general_faq_4" : "¿Cuál es la duración de mi contrato con QuiAri?",
  "general_faq_4_answer" : "La duración del contrato con QuiAri es de uno año desde la fecha de inscripción. Si un promotor no lo cancela, su negocio se renueva automáticamente.",
  "general_faq_5" : "¿Cuál es la diferencia entre un promotor y un cliente?",
  "general_faq_5_answer" : "Un cliente es cualquier persona que adquiere productos QuiAri. Un promotor es una persona que participa en el plan de remuneración de QuiAri.",
  "general_faq_6" : "¿Qué pasa si no quiero seguir siendo un promotor?",
  "general_faq_6_answer" : "Puedes ponerte en contacto con {email} para desactivar tu cuenta de promotor. Nuestro equipo te ayudará a cambiarte a la cuenta de cliente de QuiAri para que puedas seguir pidiendo productos y recibiendo actualizaciones.",
  "general_faq_7" : "¿Cómo puedo conseguir mis productos gratis?",
  "general_faq_7_answer" : "Así puedes optar a «Recomienda 2 amigos y llévate productos GRATIS» •Tienes que tener AutoDelivery configurada y 50 SV (Sales Volume) • Debes tener 2 clientes patrocinados personalmente en AutoDelivery en los últimos 30 días con pedidos que generen 50 SV o más. • ¡Ya puedes optar a un producto GRATIS! Una vez cumplidos todos los criterios, el sistema de QuiAri revisa los pedidos AutoDelivery de tus Clientes que hayan generado 50 SV o más en los últimos 30 días y saca la media de sus totales. El resultado es el crédito en productos que recibirás. El crédito total del producto no puede superar 118,80 USD y no se aplica a los gastos de envío, aranceles, IVA ni a ninguna tarifa internacional de importación de productos.",
  "general_inquiry" : "Pregunta de carácter general",
  "generated_between" : "Generado entre",
  "generated_on" : "Generado el",
  "get_social" : "Participa en las REDES",
  "get_social_info" : "Cuéntale a todo el mundo cuánto te gusta QuiAri. Para ello, síguenos en las redes y comparte nuestras publicaciones a diario.",
  "grand_total" : "Total general",
  "health_and_fitness" : "Salud y bienestar",
  "hyperwallet_e_wallet" : "Cartera electrónica Hyperwallet",
  "hyperwallet_faq_1" : "¿Qué es la cartera electrónica Hyperwallet®?",
  "hyperwallet_faq_10" : "¿Puedo pagar mi suscripción de AutoDelivery directamente de mis comisiones de la cartera electrónica Hyperwallet®?",
  "hyperwallet_faq_10_answer" : "Sí. Puedes pagar la suscripción a la opción AutoDelivery seleccionando la cartera electrónica Hyperwallet® como tu método de pago principal en Mi cuenta.",
  "hyperwallet_faq_11" : "¿Cómo puedo recuperar la contraseña de mi cartera electrónica Hyperwallet® si la he perdido u olvidado?",
  "hyperwallet_faq_11_answer_1" : "Para recuperar tu contraseña, ve a {0}, haz clic en la opción «¿Has olvidado tu contraseña?» y escribe la dirección de correo electrónico que diste cuando activaste tu cuenta en QuiAri.",
  "hyperwallet_faq_11_answer_2" : "Si tienes preguntas acerca de la cuenta de la cartera electrónica Hyperwallet®, contacta con Hyperwallet® en el teléfono 1.604.638.6657 o en el teléfono gratuito 1.877.546.8220 si llamas desde los Estados Unidos (de lunes a viernes de 8 a 20 horas y sábados y domingos de 8 a 17 horas, hora del Pacífico). Puedes también mandar un mensaje al centro de apoyo de Hyperwallet® con el formulario {0} de nuestro sitio web.",
  "hyperwallet_faq_1_answer" : "La cartera electrónica Hyperwallet® es un sistema de pago internacional que permite a los promotores recibir, acceder y gestionar sus comisiones en línea, las 24 horas del días y desde cualquier lugar del mundo con conexión a internet.",
  "hyperwallet_faq_2" : "¿Por qué usa QuiAri la cartera electrónica Hyperwallet® para pagar comisiones?",
  "hyperwallet_faq_2_answer" : "Asegurarnos de que nuestro proveedores de todo el mundo cobran sus comisiones rápida, fácil y eficientemente es una prioridad.",
  "hyperwallet_faq_3" : "¿Cómo abro mi cuenta para la cartera electrónica Hyperwallet®?",
  "hyperwallet_faq_3_answer" : "Una vez ganada tu primera comisión, debes introducir la información necesaria anotada en la página de comisiones de tu portal. Cuando hayas rellenado la información que se te pide, se te asignará una cuenta para la cartera electrónica Hyperwallet® durante 5 (cinco) días. Recibirás un correo electrónico de confirmación de QuiAri, más un correo electrónico de Hyperwallet® en que se incluye información para activar tu cuenta. Todas las comisiones ganadas se transferirán de inmediato a la cuenta de tu cartera electrónica Hyperwallet®. Ten en cuenta que se cobrará una pequeña tarifa mensual de 3,30 USD.",
  "hyperwallet_faq_4" : "¿Cómo retiro las comisiones de la cuenta de mi cartera electrónica Hyperwallet®?",
  "hyperwallet_faq_4_answer" : "Con la cuenta de la cartera electrónica Hyperwallet®, las comisiones pueden transferirse a tu cuenta bancaria o, si se solicita y está disponible, a una tarjeta de débito Visa® de QuiAri.",
  "hyperwallet_faq_5" : "¿Puedo solicitar una tarjeta de débito Visa® de QuiAri desde la cuenta de mi cartera electrónica Hyperwallet®?",
  "hyperwallet_faq_5_answer" : "Sí puedes. La tarjeta de débito Visa® de QuiAri está disponible en más de 185 países y te permite pagar directamente con las comisiones de la cuenta de tu cartera electrónica Hyperwallet® en cualquier lugar en el que acepten tarjetas Visa®.",
  "hyperwallet_faq_6" : "¿Cómo puedo solicitar una tarjeta de débito Visa® de QuiAri?",
  "hyperwallet_faq_6_answer" : "Cuando hayas ganado comisiones y configurado la cuenta de tu cartera electrónica Hyperwallet®, podrás solicitar una tarjeta de débito Visa® de QuiAri. La tarjeta está disponible en muchos países del mundo por solo 10 USD.",
  "hyperwallet_faq_7" : "¿Puedo transferir dinero con mi cartera electrónica Hyperwallet®?",
  "hyperwallet_faq_7_answer" : "Sí, puedes transferir dinero de tus comisiones a casi cualquier lugar del mundo. Las transferencias están admitidas en más de 215 países.",
  "hyperwallet_faq_8" : "¿Hay alguna tarifa de tramitación por las comisiones ganadas?",
  "hyperwallet_faq_8_answer" : "Hay una pequeña tarifa de 0,40 USD que se deduce cada vez que se envía una comisión a la cuenta de tu cartera electrónica Hyperwallet®?",
  "hyperwallet_faq_9" : "¿Es posible transferir directamente a mi cuenta bancaria con la cartera electrónica Hyperwallet®?",
  "hyperwallet_faq_9_answer" : "Sí. Es posible transferir directamente en casi 50 países.",
  "i_agree" : "Estoy de acuerdo",
  "if_diferent_from_above" : "Si es diferente del anterior",
  "in_transit" : "En tránsito",
  "inbox" : "Bandeja de entrada",
  "income_disclosure_statement" : "Descargo de responsabilidad sobre ingresos",
  "individual_items" : "Artículos sueltos",
  "interior_number" : "Interior number (floor, suite, building)",
  "international_product_import_fee" : "Tarifa de importación internacional de productos",
  "international_promoters" : "Promotores internacionales",
  "international_w9_fields_error" : "Ocurrió un error al intentar actualizar tu cuenta. Ponte en contacto con el servicio de soporte.",
  "international_w9_fields_info" : "Rellena los campos que aparecen a continuación para configurar la información de cuenta de tu cartera electrónica.",
  "invalid_card" : "Tarjeta no válida",
  "items" : "Productos",
  "its_go_time_video" : "Vídeo It's Go Time",
  "join_date" : "Fecha para unirse",
  "join_url" : "URL para unirse",
  "joined_on" : "Unido el",
  "language" : "Idioma",
  "language_settings" : "Ajustes de idioma",
  "larger_orders_description" : "Para pedidos más grandes, envía un mensaje al correo electrónico {0}",
  "last_name" : "Apellido(s)",
  "launch_plan" : "Plan de lanzamiento 10-4-2",
  "launch_plan_info" : "Descubre los pasos importantes para llevar tu negocio QuiAri a niveles que nunca habías imaginado.",
  "lead_capture_link" : "Enlace a la página de captación de clientes potenciales",
  "left" : "Izquierda",
  "left_bottom" : "Inferior izquierda",
  "left_leg" : "Lado izquierdo",
  "left_placement_description" : "Si seleccionas la ubicación IZQUIERDA, todos los promotores patrocinados personalmente se posicionarán en la siguiente posición disponible fuera de la parte inferior del lado izquierdo.",
  "leg_count" : "Recuento de lados",
  "legal" : "Legal",
  "lesser_leg_volume" : "Lesser Leg Volume",
  "lesser_volume_leg" : "Lesser Volume Leg",
  "lifestyle" : "Lifestyle",
  "lifestyle_bonus" : "Lifestyle Bonus",
  "limit_product" : "Límite de {amount} artículos por pedido",
  "list_account_numbers" : "Números de cuentas de la lista",
  "live_opp_pres_english" : "Martes 11 AM, 8 PM EST\nJueves 8 PM EST\nSábado 11 AM EST\nDomingo 8 PM EST",
  "live_opp_pres_french" : "Lunes, Miércoles, Viernes, Sábado 15:00 h EST",
  "live_opp_pres_german" : "Martes y jueves 14:00 h EST",
  "live_opp_pres_hindi" : "Lunes, martes, jueves, viernes, sábado 10:00 h EST",
  "live_opp_pres_kannada" : "Lunes, Miércoles, Viernes 11:30 h EST/21:00 h IST",
  "live_opp_pres_south_africa" : "Jueves 1:00 h EST",
  "live_opp_pres_spanish" : "Lunes, Miércoles y Viernes\n10 AM EST\n10 PM EST",
  "live_opp_pres_vietnamese" : "Lunes y miércoles 8:30 h EST",
  "live_opportunity_presentations" : "Invita a tus clientes potenciales a asistir a nuestras Presentaciones de oportunidades en DIRECTO, que tienen lugar a diario en varios idiomas.",
  "live_opportunity_presentations_title" : "Presentaciones de oportunidades en DIRECTO",
  "live_presentation_schedules" : "Horarios de presentaciones en directo",
  "live_purple_diamond_english" : "Martes 20:30 h EST Sábado 15:00 h EST",
  "live_purple_diamond_french" : "Sábado 13:00 h EST",
  "live_purple_diamond_guide_training_title" : "Formación en DIRECTO con la guía Purple Diamond",
  "live_purple_diamond_guide_trainings" : "Invite a los promotores a asistir a nuestros cursos de formación en DIRECTO con la guía Purple Diamond, que se imparten a diario en varios idiomas.",
  "live_purple_diamond_hindi" : "Miércoles 10:00 h EST",
  "live_purple_diamond_spanish" : "Sábado 12:30 h EST Martes 12:00 h EST",
  "live_purple_diamond_vietnamese" : "Viernes 8:30 h EST",
  "llc_c_corporation" : "Corporación C",
  "llc_proprietary" : "Propietario",
  "llc_s_corporation" : "Corporación S",
  "llc_tax_classification" : "Clasificación tributaria como LLC",
  "location" : "Ubicación",
  "log_out" : "Salir",
  "login" : "Inicio de sesión",
  "love" : "LOVE",
  "mailing_address" : "Dirección postal",
  "make_this_my_default_address" : "Convertir en mi dirección por defecto",
  "make_this_my_default_payment_method" : "Convertir en mi método de pago por defecto",
  "manage_autodelivery" : "Gestionar AutoDelivery",
  "maqui" : "Maqui",
  "matching_bonus" : "Matching Bonus",
  "medical_and_drug_claims" : "Afirmaciones médicas y farmacológicas sobre QuiAri",
  "member_id" : "ID de miembro",
  "message" : "Mensaje",
  "mobile" : "Notificaciones al móvil",
  "month" : "Mes | Meses",
  "my_account" : "Mi cuenta",
  "my_addresses" : "Mis direcciones",
  "my_autodelivery" : "Mi AutoDelivery",
  "my_cart" : "Mi carrito",
  "my_customers" : "Mis clientes",
  "my_notifications" : "Mis notificaciones",
  "my_order" : "Mi pedido",
  "my_payment_methods" : "Mis métodos de pago",
  "my_profile" : "Mi perfil",
  "my_promoter" : "Mi promotor",
  "my_promoters" : "Mis promotores",
  "my_ranks" : "Mis clasificaciones",
  "my_shipping_addresses" : "Mis direcciones de envío",
  "my_team" : "Mi equipo",
  "my_vouchers" : "Mis vales",
  "name" : "Nombre",
  "name_on_card" : "Nombre de la tarjeta",
  "need_help" : null,
  "new" : "NUEVO",
  "new_message" : "Mensaje nuevo",
  "new_password" : "Nueva contraseña",
  "next" : "Siguiente",
  "no" : "No",
  "no_autodelivery" : "Sin AutoDelivery",
  "no_commission_during_this_period" : "No has ganado ninguna clasificación de comisiones durante este período.",
  "no_commissions_earned" : "No has conseguido comisiones aún.",
  "no_payment_method_selected" : "No se ha seleccionado ningún método de pago",
  "no_ranks_earned_during_this_period" : "No hay clasificaciones para este período",
  "no_recognition_ranks_during_this_period" : "No has ganado ninguna clasificación de reconocimiento durante este período.",
  "no_shipping_address_selected" : "No se ha seleccionado ninguna dirección de envío",
  "no_tracking_information_available" : "No hay información de seguimiento disponible",
  "no_volume_earned_during_this_period" : "No hay volumen de ventas en este período",
  "non_qualified" : "No cualificado",
  "not_applicable" : "N/A",
  "notification_preferences" : "Preferencias para notificaciones",
  "notifications_autodelivery_emails" : "Recibir correos electrónicos con las actualizaciones de AutoDelivery",
  "notifications_rank_advancement_emails" : "Recibir correos electrónicos de ascenso en la clasificación",
  "notifications_user_joined_emails" : "Recibir correos electrónicos de los clientes/promotores que se han unido",
  "num_months" : "{amount} meses",
  "only_autodelivery" : "Solo AutoDelivery",
  "oops" : "¡Lo sentimos!",
  "open" : "Abrir",
  "opportunity" : "Oportunidad",
  "opportunity_presentation" : "Presentación de oportunidades",
  "opportunity_presentation_speaker_notes" : "Presentación de oportunidades – Notas para el presentador",
  "optional" : "opcional",
  "order_date" : "Fecha del pedido",
  "order_details" : "Detalles del pedido",
  "order_history" : "Historial de pedidos",
  "order_id" : "ID de pedido",
  "order_now" : "Pedir ahora",
  "order_num" : "Pedido nº",
  "order_number" : "Pedido nº{id}",
  "order_placed_on" : "Realizado el {date}",
  "order_summary" : "Resumen de pedidos",
  "order_tracking" : "Seguimiento de pedidos",
  "ordering_shipping_and_returns" : "Pedidos, envíos y devoluciones",
  "ordering_shipping_and_returns_faq_1" : "¿Envía QuiAri productos a todo el mundo?",
  "ordering_shipping_and_returns_faq_1_answer" : "Por supuesto. Enviamos productos a prácticamente <b>cualquier lugar </b>del mundo.",
  "ordering_shipping_and_returns_faq_2" : "¿Cuándo recibiré mis productos QuiAri?",
  "ordering_shipping_and_returns_faq_2_answer" : "Tu pedido saldrá de nuestro almacén en 1 o 2 días laborables. Utilizamos múltiples proveedores de servicios de envío en todo el mundo para garantizar que tus productos lleguen puntualmente. Las velocidad de los envíos puede variar entre 3 (tres) y 10 (diez) días laborables. Si tienes alguna pregunta acerca del seguimiento de un pedido, contacta con nuestro equipo de soporte en",
  "ordering_shipping_and_returns_faq_3" : "¿Cuál es nuestra política de devoluciones?",
  "ordering_shipping_and_returns_faq_3_answer_1" : "QuiAri ofrece una política de devoluciones de 30 días, desde la fecha del pedido, para los productos vendidos a todos sus promotores y clientes. Se retribuirá el 100 % del precio de compra original para las devoluciones de pedidos no abiertos y en estado adecuado para su venta, menos un 10 % de la tarifa de reabastecimiento.",
  "ordering_shipping_and_returns_faq_3_answer_2" : "De los productos devueltos abiertos, parcialmente usados o dañados de cualquier otra forma se reembolsará el cincuenta por ciento (50 %) de su precio de compra original. No se reembolsarán los gastos de envío, gestión, aranceles ni tarifas de las devoluciones. Consulta nuestras políticas y procedimientos, donde encontrarás información detallada sobre las condiciones de devolución.",
  "ordering_shipping_and_returns_faq_3_answer_3" : null,
  "ordering_shipping_and_returns_faq_4" : "¿Permite QuiAri cambiar productos?",
  "ordering_shipping_and_returns_faq_4_answer" : "No aceptamos cambios de productos.",
  "ordering_shipping_and_returns_faq_5" : "¿Qué sucede si mis productos llegan en mal estado?",
  "ordering_shipping_and_returns_faq_5_answer_1" : "La empresa de transporte es la responsable de los daños ocurridos durante el envío. Los clientes que reciban productos dañados tendrán que proceder del siguiente modo:",
  "ordering_shipping_and_returns_faq_5_answer_2" : "Aceptar la entrega.",
  "ordering_shipping_and_returns_faq_5_answer_3" : "Documentar los daños.",
  "ordering_shipping_and_returns_faq_5_answer_4" : "Rellenar una reclamación con la empresa de envío.",
  "ordering_shipping_and_returns_faq_5_answer_5" : "Notificar al departamento de soporte de QuiAri ({0}) en un plazo de 24 horas.",
  "ordering_shipping_and_returns_faq_6" : "¿Cuál es la tarifa y plazo de envío de QuiAri?",
  "ordering_shipping_and_returns_faq_6_answer" : "La empresa de transporte es la responsable de los daños ocurridos durante el envío. Los promotores o clientes que reciban productos dañados, tendrán que proceder del siguiente modo:",
  "orders" : "Pedidos",
  "other" : "Otros",
  "p65_site" : "www.P65Warnings.ca.gov",
  "packages" : "Paquetes",
  "paid_on" : "Pagado el",
  "password" : "Contraseña",
  "password_updated" : "¡Se ha actualizado tu contraseña!",
  "payment" : "Pago",
  "payment_issue" : "Ha habido un problema con tu método de pago.",
  "payment_method" : "Método de pago",
  "payment_method_instructions" : "Introduce la información de más abajo para añadir este método de pago.",
  "payment_method_required" : "Método de pago requerido",
  "payment_method_required_description" : "Se debe seleccionar un método de pago",
  "personally_sponsored_rank_history" : "Historial de clasificaciones por patrocinados personalmente",
  "phone_number" : "Número de teléfono",
  "placed_on" : "Realizado el",
  "placing_order" : "Realizando el pedido…",
  "policies_and_procedures" : "Políticas y procedimientos",
  "postal_code" : "Código postal",
  "prepaid_autodelivery" : "AutoDelivery de prepago",
  "prepaid_autodelivery_description" : "AutoDelivery es el programa de prepago de entrega mensual de QuiAri. Como servicio de suscripción, la AutoDelivery de prepago está diseñada para ofrecer a clientes y promotores la posibilidad de una cómoda entrega de sus productos QuiAri favoritos automáticamente cada mes. Y aquí viene lo BUENO: AutoDelivery de prepago te permite ahorrar de un 10 % a un 12 % adicional cada mes.",
  "prepaid_months_remaining" : "Quedan {amount} meses de prepago",
  "prepaid_no_refund_description" : null,
  "previous" : "Anterior",
  "previous_month_rank" : "Clasificación del mes anterior",
  "price" : "Precio",
  "primary" : "Principal",
  "primary_address" : "Primary Address",
  "prime_gel_description" : "Incluye: 1 caja de Prime Gel (30 porciones)",
  "prime_gel_only_packs" : "Paquetes con solo Prime Gel",
  "priority_shipping" : "Envío urgente",
  "product" : "Producto",
  "product_brochure" : "Folleto del producto",
  "product_day_supply" : "Envases para {num} día(s)",
  "product_launch_plan_booklet" : "Plan de lanzamiento 10-4-2 (folleto)",
  "product_month_supply" : "Envases para {num} mes(es)",
  "product_pdfs" : "Documentos en PDF de productos",
  "products" : "Productos",
  "products_faq_1" : "¿Dónde puedo encontrar más información sobre los productos de QuiAri?",
  "products_faq_10" : "¿QuiAri Energy me ayudará a perder peso?",
  "products_faq_10_answer_1" : "Nuestros ingredientes exclusivos trabajan de forma sinérgica para fomentar la pérdida de peso y maximizar tus niveles de energía.",
  "products_faq_10_answer_2" : "La baya de maqui es la nueva superfruta líder mundial, ya que contiene hasta cinco veces más antioxidantes que ninguna otra. El MaquiX® es un extracto orgánico superconcentrado que maximiza el poder natural del maqui.",
  "products_faq_10_answer_3_1" : "Extracto de té verde",
  "products_faq_10_answer_3_2" : "El extracto de té verde puede ayudar a potenciar la pérdida de peso cuando se combina con una dieta sana y ejercicio.",
  "products_faq_10_answer_4_1" : "Compuesto Energy Blend",
  "products_faq_10_answer_4_2" : "La clave para la pérdida de peso termogénica es nuestro compuesto exclusivo Energy Blend, que ayuda a quemar calorías y grasas para conseguir una pérdida de peso de alto rendimiento.",
  "products_faq_11" : "¿En qué consiste nuestro compuesto Energy Blend?",
  "products_faq_11_answer_1" : "Nuestro compuesto Energy Blend está potenciado por una combinación de alto nivel de ingredientes diseñada para ayudarte a mantener tu cuerpo en el estado ideal para quemar grasas.",
  "products_faq_11_answer_2_1" : "Corteza de canela",
  "products_faq_11_answer_2_2" : "Puede contribuir a la salud digestiva y ayuda a reducir la inflamación.",
  "products_faq_11_answer_3_1" : "Pimienta de cayena",
  "products_faq_11_answer_3_2" : "Contribuye a acelerar el metabolismo, ayuda a reducir el apetito y contribuye a mejorar la salud digestiva.",
  "products_faq_11_answer_4_1" : "Pimienta negra",
  "products_faq_11_answer_4_2" : "Contiene antioxidantes y contribuye a la absorción de nutrientes.",
  "products_faq_11_answer_5_1" : "Raíz de jengibre",
  "products_faq_11_answer_5_2" : "Fomenta la digestión saludable y ayuda a combatir la inflamación.",
  "products_faq_12" : "¿Cuánta energía me dará QuiAri Energy?",
  "products_faq_12_answer" : "¡QuiAri Energy es la solución más sana y pura que vas a encontrar! Con la ayuda de MaquiX™, nuestro extracto de granos de café verde, combinado con extracto de té verde, QuiAri Energy te proporciona 150 mg de energía natural, el equivalente a dos tazas de café, para mejorar tu resistencia y rendimiento durante todo el día.",
  "products_faq_13" : "¿Cuántas dosis de QuiAri Energy recibiré?",
  "products_faq_13_answer" : "Cada frasco o bolsa de unidades monodosis te proporciona el equivalente a un mes de pastillas.",
  "products_faq_14" : "¿Qué es el maqui?",
  "products_faq_14_answer" : "Solo en las prístinas montañas de la Patagonia chilena, se encuentra la baya más poderosa del mundo, el maqui, conocida durante siglos por sus propiedades nutritivas y beneficios para la salud. Cuenta con cinco veces más poder antioxidante que ninguna otra superfruta conocida hasta la fecha.",
  "products_faq_15" : "¿Qué es MaquiX™?",
  "products_faq_15_answer" : "QuiAri, en colaboración con el principal investigador del mundo de la baya maqui, ha creado MaquiX®, un extracto orgánico superconcentrado que es capaz de multiplicar el poder beneficioso de esta fruta por 10.",
  "products_faq_16" : "¿Qué es el 90-Day Kickstart Challenge?",
  "products_faq_16_answer_1" : "El reto 90-Day Kickstart Challenge es un cambio de estilo de vida en dos pasos que contribuye a mejorar tu aspecto y a que te sientas mejor más rápido.",
  "products_faq_16_answer_2" : "Paso 1: Disfruta de un delicioso QuiAri Shake a primera hora de la mañana.",
  "products_faq_16_answer_3" : "Paso 2: Toma nuestro suplemento QuiAri Energy y obtén la energía que necesitas para superar el día.",
  "products_faq_16_answer_4" : "Ya está: ¡reto superado! En solo 90 días, verás cómo tus niveles de energía y tu salud mejoran de forma increíble.",
  "products_faq_17" : "¿Puedo usar los productos QuiAri si tengo alguna patología médica o tomo algún tratamiento médico?",
  "products_faq_17_answer" : "Si tienes alguna patología médica o estás tomando algún tratamiento, te recomendamos que hables con tu médico antes de usar los productos QuiAri.",
  "products_faq_18" : "¿Qué puedo decir de los productos cuando estoy promocionando QuiAri?",
  "products_faq_18_answer" : "Véase {0}",
  "products_faq_19" : "¿Puedo comprar productos QuiAri sin un ID de promotor que me haya recomendado?",
  "products_faq_19_answer" : "Necesitas un ID del promotor que te haya recomendado para comprar productos. Si el promotor que te recomendó en QuiAri no te proporcionó este número, ponte en contacto con él directamente. ¿No tienes un ID de promotor? Ponte en contacto con {0} para obtener ayuda con tu pedido.",
  "products_faq_1_answer" : "Consulta nuestros {0} para obtener información detallada sobre los productos QuiAri.",
  "products_faq_2" : "¿Cuándo debo beber mi batido QuiAri Shake?",
  "products_faq_20" : "¿Y si me gustan tanto los productos QuiAri que me quiero convertir en un promotor de QuiAri?",
  "products_faq_20_answer" : "Es muy sencillo convertirse en promotor. Simplemente regístrate en tu portal de clientes GRATIS. Recibirás inmediatamente todo lo que necesitas para construir tu negocio QuiAri: tu sitio web de empresa propio, tu portal, la aplicación móvil y mucho más.",
  "products_faq_21" : "¿Cómo uso los productos?",
  "products_faq_21_answer_1" : "Paso 1: Disfruta de un delicioso QuiAri Shake a primera hora de la mañana.",
  "products_faq_21_answer_2" : "Paso 2: Toma 1 o 2 porciones de nuestro suplemento QuiAri Energy y obtén la energía que necesitas para superar el día.",
  "products_faq_21_answer_3" : "Paso 3: Toma 1 o 2 paquetes de nuestro delicioso Gel durante el día. ¡Ábrelo y disfruta!",
  "products_faq_22" : "¿Cuánto cuestan los nuevos packs para promotores y qué incluyen?",
  "products_faq_22_answer_1" : "Aquí están los nuevos Packs para promotores:",
  "products_faq_22_answer_10" : "4 bolsas de QuiAri Shake y 4 frascos de QuiAri Energy",
  "products_faq_22_answer_11" : "7 Pack: 1199 USD (500 SV) ¡Mejor calidad-precio!",
  "products_faq_22_answer_12" : "6 meses de Speed Bonus ILIMITADOS",
  "products_faq_22_answer_13" : "7 bolsas de QuiAri Shake y 7 frascos de QuiAri Energy",
  "products_faq_22_answer_14" : "",
  "products_faq_22_answer_15" : "",
  "products_faq_22_answer_16" : "",
  "products_faq_22_answer_17" : "",
  "products_faq_22_answer_18" : "",
  "products_faq_22_answer_19" : "",
  "products_faq_22_answer_2" : "Paquete de 1: 125 USD (75 SV)",
  "products_faq_22_answer_20" : "",
  "products_faq_22_answer_21" : "",
  "products_faq_22_answer_22" : "",
  "products_faq_22_answer_23" : "",
  "products_faq_22_answer_24" : "",
  "products_faq_22_answer_25" : "",
  "products_faq_22_answer_26" : "",
  "products_faq_22_answer_27" : "",
  "products_faq_22_answer_3" : "1 mes de Speed Bonus ILIMITADOS",
  "products_faq_22_answer_4" : "1 bolsa de QuiAri Shake, 1 frasco de QuiAri Energy",
  "products_faq_22_answer_5" : "2 Pack: 250 USD (150 SV)",
  "products_faq_22_answer_6" : "2 meses de Speed Bonus ILIMITADOS",
  "products_faq_22_answer_7" : "2 bolsas de QuiAri Shake y 2 frascos de QuiAri Energy",
  "products_faq_22_answer_8" : "4 Pack: 500 USD (300 SV)",
  "products_faq_22_answer_9" : "3 meses de Speed Bonus ILIMITADOS",
  "products_faq_23" : "¿Se me ofrecen los Speed Bonus cada vez que hago un pedido de paquete de productos?",
  "products_faq_23_answer_1" : "Los Speed Bonus se ofrecen solo con la compra inicial de paquetes de productos.",
  "products_faq_23_answer_2" : "Además, tienes 1 año a partir del momento de la compra para canjear tus vales.",
  "products_faq_23_answer_3" : "Ten en cuenta que el importe del vale no es aplicable al coste de cambiar al formato monodosis, gastos de envío, impuesto de ventas, IVA o tarifas de importación internacional de productos. Estos deberá abonarlos el promotor en el momento de canjear los vales en el portal del promotor de QuiAri.",
  "products_faq_23_answer_4" : "",
  "products_faq_24" : "¿Qué es QuiAri Prime?",
  "products_faq_24_answer_1" : "Nuestro gel Prime es una deliciosa mezcla de ingredientes patentados y científicamente probados, que hemos elegido específicamente por sus eficaces propiedades antienvejecimiento y antioxidantes, su perfil nutricional y su irresistible sabor. Además de las bayas de maqui, MaquiX®, S.O.D., resveratrol y pterostilbeno (nuestro compuesto Youth X), el gel Prime se ha potenciado con aloe vera, semillas de uva y extracto de té verde para reparar los daños causados por los radicales libres, proteger las células contra futuros daños y dar marcha atrás a los síntomas de envejecimiento.",
  "products_faq_25" : "¿Cómo se toma Prime?",
  "products_faq_25_answer_1" : "¡Ábrelo y disfruta! Toma 1 o 2 paquetes de nuestro delicioso Gel durante el día.",
  "products_faq_2_answer" : "Bebe tu batido QuiAri Shake a primera hora de la mañana para empezar el día.",
  "products_faq_3" : "¿El batido QuiAri Shake me ayudará a perder peso?",
  "products_faq_3_answer_1" : "El batido QuiAri Shake emplea una mezcla patentada de ingredientes que funcionan en perfecta sinergia para apoyar la pérdida de peso:",
  "products_faq_3_answer_2" : "La baya de maqui es la nueva superfruta líder mundial, ya que contiene hasta cinco veces más antioxidantes que ninguna otra. MaquiX® es un extracto orgánico superconcentrado que maximiza el poder natural de la baya de maqui.",
  "products_faq_3_answer_3" : "Con proteínas de suero, el batido QuiAri Shake contiene 16 g de proteína por ración para ayudar a controlar tu apetito, tu peso y mucho más.",
  "products_faq_4" : "¿Cuántas calorías tiene un batido QuiAri Shake?",
  "products_faq_4_answer" : "Los batidos QuiAri Shake solo tienen 120 calorías por ración.",
  "products_faq_5" : "¿Los batidos QuiAri Shake están libres de gluten?",
  "products_faq_5_answer" : "Sí, los batidos QuiAri Shake no contienen gluten.",
  "products_faq_6" : "¿Los batidos QuiAri Shake tienen azúcares añadidos?",
  "products_faq_6_answer" : "Los batidos QuiAri Shake NO contienen azúcares añadidos.",
  "products_faq_7" : "¿Cuántas raciones contiene cada envase de batido QuiAri Shake?",
  "products_faq_7_answer" : "Cada envase contiene 28 raciones, que es producto suficiente para un mes.",
  "products_faq_8" : "¿Qué verduras se utilizan en el compuesto «Greens Blend»?",
  "products_faq_8_answer" : "Los batidos QuiAri Shake emplean una potente mezcla de frutas y verduras para ayudarte a controlar tu peso y activar tu metabolismo.",
  "products_faq_8_answer_1_1" : "Espinaca",
  "products_faq_8_answer_1_2" : "Contribuye a un envejecimiento saludable y ayuda a mantener una buena presión arterial.",
  "products_faq_8_answer_2_1" : "Chlorella",
  "products_faq_8_answer_2_2" : "Contribuye a un envejecimiento saludable y favorece el sistema inmune.",
  "products_faq_8_answer_3_1" : "Extracto de brócoli",
  "products_faq_8_answer_3_2" : "Contribuye a mantener una piel saludable.",
  "products_faq_8_answer_4_1" : "Kale",
  "products_faq_8_answer_4_2" : "Fomenta la pérdida de peso, aporta antioxidantes y vitamina C.",
  "products_faq_8_answer_5_1" : "Alfalfa",
  "products_faq_8_answer_5_2" : "Contribuye a mantener un metabolismo saludable.",
  "products_faq_8_answer_6_1" : "Spirulina",
  "products_faq_8_answer_6_2" : "Contribuye a un buen estado de salud general aportando un gran número de nutrientes y gracias a su alto contenido en proteína.",
  "products_faq_9" : "¿Cuándo debo tomar QuiAri Energy?",
  "products_faq_9_answer" : "Toma una pastilla dos veces al día. Bebe al menos ocho vasos de agua al día. QuiAri Energy es más efectivo cuando se combina con QuiAri Shake y QuiAri Prime Gel.",
  "profile_name_validation_message" : "El nombre debe ser inferior a 100 caracteres",
  "promoter_details" : "Detalles del promotor",
  "promoter_id" : "ID de promotor",
  "promoter_package_kickstart_description" : "Es la opción perfecta para una persona para empezar el reto Kickstart Challenge, con productos suficientes para 4 semanas.",
  "promoter_upgrade" : "Tu cuenta se ha actualizado al estado de promotor.",
  "purple_diamond_guide" : "Guía Purple Diamond",
  "purple_diamond_guide_description" : "Sigue estos simples pasos y alcanza el nivel Purple Diamond.",
  "purple_diamond_guide_training_slides" : "Diapositivas de formación de la guía Purple Diamond",
  "qualifications" : "Cualificaciones",
  "qualifications_active" : "Estado activo",
  "qualifications_join_date" : "Fecha para unirse",
  "qualifications_personal_sales_vol" : "Personal Sales Volume",
  "qualifications_previous_month_commission_rank" : "Clasificación de comisiones del mes previo",
  "qualifications_recognition_rank" : "Clasificación de reconocimiento",
  "qualifications_speed_bonus_vol" : "Speed Bonus Volume",
  "qualified" : "Cualificado",
  "quantity" : "Cantidad",
  "quiari_medical_and_drug_claims" : "Afirmaciones médicas y farmacológicas sobre QuiAri",
  "quiari_mobile_app" : "Aplicación móvil de QuiAri",
  "quiari_promoter_id" : "ID de promotor de QuiAri",
  "quiari_swag_description" : "¡Tu estilo QuiAri SWAG! Hazte con todo lo que necesitas para tu negocio: Gorras, ropa deportiva, vasos batidores, calcomanías para el coche, ¡y mucho más!",
  "quiari_testimonial" : "Testimonios sobre QuiAri",
  "quiari_testimonial_info" : "Rellena los campos que aparecen a continuación para compartir tu historia de éxito o tu mensaje de inspiración para otros promotores de QuiAri.",
  "rank" : "Clasificación",
  "rank_advancement" : "Avances en la clasificación",
  "rank_and_bonuses" : "Clasificación y bonificaciones (Bonus)",
  "rank_champion" : "Champion",
  "rank_crown_purple_diamond" : "Crown Purple Diamond",
  "rank_diamond" : "Diamond",
  "rank_grand_purple_diamond" : "Grand Purple Diamond",
  "rank_green_diamond" : "Green Diamond",
  "rank_hero" : "Hero",
  "rank_history" : "Historial de clasificaciones",
  "rank_legend" : "Legend",
  "rank_promoter" : "Promoter",
  "rank_purple_diamond" : "Purple Diamond",
  "rank_qualification" : "Cualificación para la clasificación",
  "rank_qualification_faq_1" : "¿Cómo consigo cada clasificación?",
  "rank_qualification_faq_1_answer_1" : "Cada clasificación está ligada una cantidad específica del Sales Volume que obtener en el Lesser Volume Leg dentro del mes de comisiones.",
  "rank_qualification_faq_1_answer_2" : "Plan de remuneración",
  "rank_qualification_faq_2" : "¿Cuál es la diferencia entre mi clasificación de comisiones y la clasificación reconocida?",
  "rank_qualification_faq_2_answer_1" : "La clasificación de las comisiones es la clasificación según la cual se te paga actualmente. Está determinada por el Sales Volume (SV) y otros requisitos del plan de remuneración de QuiAri durante cualquier mes de comisiones.",
  "rank_qualification_faq_2_answer_2" : "La clasificación reconocida es la más alta que jamás has logrado.",
  "rank_qualification_faq_3" : "¿Cuándo se evalúan las clasificaciones de las comisiones?",
  "rank_qualification_faq_3_answer" : "Las clasificaciones de las comisiones se evalúan el primer día de cada mes según el mes o los meses anteriores. Nota: Nuestro fin de mes se calcula a medianoche, UTC (Tiempo Universal Coordinado).",
  "rank_rising_star" : "Rising Star",
  "rank_rock_star" : "Rock Star",
  "rank_shooting_star" : "Shooting Star",
  "rank_star" : "Star",
  "rank_super_star" : "Super Star",
  "reason" : "Motivo",
  "recognition" : "Reconocimiento",
  "recognition_rank" : "Clasificación de reconocimiento",
  "recover" : "Recuperar",
  "recover_account" : "Recuperar cuenta",
  "recover_account_description" : "Introduce la dirección de correo electrónico que utilizaste para registrarte con QuiAri. Se enviará un correo electrónico a la dirección facilitada que te guiará en el proceso de recuperación de tu cuenta.",
  "recover_invalid_email" : "Se ha especificado una dirección de correo electrónico no válida al intentar recuperar la cuenta.",
  "recover_max_limit_reached" : "Se ha superado el límite máximo de intentos. Inténtalo de nuevo en 24 horas.",
  "recover_successful" : "Se ha enviado un correo electrónico con las instrucciones para restablecer tu contraseña.",
  "redeem_now" : "Canjear ahora",
  "redeem_voucher" : "Canjear vale",
  "redeemable_on" : "Canjeable el",
  "redeemed_on" : "Canjeado el",
  "refund" : "Reembolso",
  "refund_processed" : "Reembolso de {amount} procesado el {date}",
  "remove" : "Eliminar",
  "remove_all" : "Borrar todo",
  "reorder" : "Volver a pedir",
  "reports" : "Informes",
  "required" : "Obligatorio",
  "reset" : "Restablecer",
  "resources" : "Recursos",
  "results" : "Resultados",
  "review_order" : "Revisar pedido",
  "review_order_8" : "Revisar totales",
  "review_package" : null,
  "review_products" : null,
  "right" : "Derecha",
  "right_bottom" : "Inferior derecha",
  "right_leg" : "Lado derecho",
  "right_placement_description" : "Si seleccionas la ubicación derecha, todos los promotores patrocinados personalmente se posicionarán en la siguiente posición disponible fuera de la parte inferior del lado derecho.",
  "sales" : "Ventas",
  "sales_receipt" : "Recibo de compra",
  "sales_reciept" : "Recibo de compra",
  "sales_volume" : "Sales Volume",
  "sales_volume_amount" : "{amount} en Sales Volume (SV)",
  "sales_volume_left" : "Sales Volume (izquierda)",
  "sales_volume_right" : "Sales Volume (derecha)",
  "sample_cards" : "Tarjetas de muestras",
  "sampler_pack_description" : "Incluye un suministro de QuiAri Shake (bolsita) y QuiAri Energy (sobre) para uso personal.",
  "save" : "Guardar {amount}",
  "save_autodelivery" : "Guardar AutoDelivery",
  "save_changes" : "Guardar cambios",
  "savings" : "Descuento ({amount} %)",
  "search" : "Buscar",
  "search_error" : "Buscar error",
  "see_instructions" : "Ver instrucciones",
  "select" : "Seleccionar",
  "select_a_country_to_view_options" : "Seleccionar un país para ver las opciones",
  "select_card" : "Seleccionar tarjeta",
  "select_language" : "Seleccionar idioma",
  "select_payment_type" : "Seleccionar tipo de método de pago",
  "select_preferred_payment_method" : "Seleccionar método de pago preferido",
  "select_products" : "Seleccionar productos",
  "self_replication_prefix" : "Código de réplica",
  "self_replication_prefix_description" : "El código de réplica se utiliza para determinar la dirección de tu sitio web. Por ejemplo, si tu código de replica es «quiarirocks», el sitio web sería https://quiarirocks.quiari.com.",
  "sent" : "Enviado",
  "serving_bag" : "{amount} porción",
  "settings" : "Configuración",
  "setup_ewallet_account" : "Configurar la cuenta de tu cartera electrónica",
  "shake_chocolate_description" : "Incluye: 1 bolsa de Shake de chocolate a granel (28 porciones)",
  "shake_chocolate_single_description" : "Incluye: 1 bolsa de Shake de chocolate (14 porciones)",
  "shake_energy_packs" : "Packs Shake y Energy",
  "shake_energy_prime_packs" : "Paquetes de Shake, Energy y Prime Gel",
  "shake_vanilla_description" : "Incluye: 1 bolsa de Shake de vainilla a granel (28 porciones)",
  "shake_vanilla_single_description" : "Incluye: 1 bolsa de Shake de vainilla (14 porciones)",
  "share" : "SHARE",
  "share_using_self_replicated_website" : "Comparte QuiAri utilizando el sitio web réplica del nuestro",
  "shipped_to" : "Enviado a",
  "shipping_Rates_individual_1" : "Artículos sueltos (pedidos de menos de 50 USD)",
  "shipping_Rates_individual_2" : "Artículos sueltos (pedidos de más de 50 USD)",
  "shipping_address" : "Dirección de envío",
  "shipping_address_and_billing_information" : "Dirección de envío e información de facturación",
  "shipping_address_create" : "Crear una nueva dirección de envío",
  "shipping_address_required" : "Introduce la dirección de envío",
  "shipping_address_required_description" : "Debe seleccionarse una dirección de envío",
  "shipping_and_billing_information" : "Información de envío y facturación",
  "shipping_and_billing_information_description" : "Selecciona las direcciones de envío y facturación y el método de pago preferido.",
  "shipping_and_handling" : "Envío y manipulación",
  "shipping_autodelivery" : "Usar esta dirección de envío para mi próxima AutoDelivery",
  "shipping_estimate" : "El plazo de entrega es de 2 a 10 días laborables. El tiempo de demora en llegar un envío varía según la ubicación.",
  "shipping_information" : "Información de envío",
  "shop_now" : "Comprar ahora",
  "shopping_cart_1" : "Envase para 1 mes de QuiAri Shake y QuiAri Energy",
  "showing" : "Mostrando",
  "sign_here" : "Inscribirse aquí",
  "single_serve_upgrade_description" : "Actualiza el pedido entero a paquetes en formato monodosis por {amount} más",
  "social_media_best_practices" : "Social Media Best Practices",
  "social_security_number" : "Número de identificación fiscal",
  "speed_bonus" : "Speed Bonus",
  "speed_bonus_countdown" : "Cuenta atrás para Speed Bonus",
  "sponsor" : "Patrocinador",
  "sponsor_id" : "ID de patrocinador",
  "sponsor_link" : "Enlace de patrocinador",
  "sponsor_placement_description" : "Once Placed, Cannot Move as Calculations are made and Paid in Real Time",
  "sponsorship_sign_up" : "Registrar patrocinio",
  "sponsorship_sign_up_description" : "Enviar por correo electrónico o como mensaje de texto el enlace a tu candidato, o copiar el enlace para rellenar la solicitud tú mismo.",
  "sponsorship_sign_up_sponsor_id" : "Si no eres el patrocinador de este candidato, introduce el ID de patrocinador a continuación",
  "standard_pack_description" : "Incluye: 2 cajas de Prime Gel 2 bolsas de Shake a granel (Chocolate o vainilla) 2 frascos de Energy",
  "state_province" : "Estado/provincia",
  "store_description" : "Elige cinco batidos QuiAri Shake y cinco frascos QuiAri Energy",
  "subject" : "Asunto",
  "submit" : "Enviar",
  "submit_for_review" : "Enviar para revisión",
  "submitted" : "Enviado",
  "subtotal" : "Subtotal",
  "support" : "Soporte",
  "support_email" : "support{'@'}quiari.com",
  "support_request" : "Solicitud de ayuda",
  "support_request_text" : "Rellena los campos de más abajo y un representante de Atención al cliente te responderá lo antes posible.",
  "swag_store" : "Tienda Swag",
  "tablet_bottle" : "{amount} frasco",
  "tablet_single_serve_packets" : "{amount} paquetes en formatos monodosis ({tablet_count} comprimido)",
  "tax_classification_c_corporation" : "Corporación C",
  "tax_classification_individual" : "Propietario individual/único",
  "tax_classification_partnership" : "Empresa conjunta",
  "tax_classification_s_corporation" : "Corporación S",
  "tax_classification_trust_or_estate" : "Fideicomiso/patrimonio",
  "tax_id" : "Identificación tributaria",
  "tax_payer_identification_number" : "Número de identificación del contribuyente",
  "taxes" : "Impuestos",
  "taxes_and_duties" : "Impuestos y aranceles",
  "team_commissions" : "Team Commissions",
  "text_copied" : "Texto copiado al portapapeles",
  "total" : "Total",
  "total_commissions_summary" : "Resumen de las comisiones totales",
  "total_personal_sales_volume_by_month" : "Total de Personal Sales Volume (PSV) por mes",
  "track_order" : "Seguimiento del pedido",
  "training" : "Formación",
  "try" : "TRY",
  "try_love_share_launch_plan" : "Try. Love. Plan de lanzamiento Share®",
  "try_love_share_launch_plan_description" : "Dale un buen IMPULSO INICIAL a tu negocio con nuestro sencillo Sistema de muestras.",
  "type" : "Tipo",
  "unlimited_speed_bonuses" : "{num} {month} de Speed Bonus ilimitados",
  "update" : "Actualizar",
  "update_address" : "Actualizar dirección",
  "update_address_info" : "Introduce la información de más abajo para administrar esta dirección.",
  "update_autodelivery" : "Actualizar AutoDelivery",
  "update_autodelivery_date" : "Actualizar fecha de AutoDelivery",
  "update_password" : "Actualizar contraseña",
  "update_password_incorrect" : "Has introducido una contraseña incorrecta; introduce la contraseña correcta para continuar.",
  "update_password_not_match" : "Las contraseñas introducidas no coinciden. Comprueba y vuelve a intentarlo.",
  "update_password_text" : "Actualiza tu contraseña para iniciar sesión. Tendrá efecto inmediato.",
  "update_payment_method" : "Actualizar método de pago",
  "update_payment_method_instructions" : "Introduce la información de más abajo para administrar este método de pago.",
  "us_based_promoters" : "Promotores en EE. UU.",
  "vanilla" : "Vainilla",
  "verify" : "Verificar",
  "videos" : "Vídeos",
  "view_cart" : "Ver carrito",
  "view_details" : "Ver detalles",
  "view_international_numbers" : "Ver los números internacionales",
  "view_qualifications" : "Ver cualificaciones",
  "view_world_wide_shipping_document" : "Para ver las tarifas y plazos de envío aproximados, consulta nuestro documento {0}.",
  "volume" : "Volumen",
  "volume_history" : "Historial con el volumen",
  "volume_history_by_month" : "Historial con el volumen del mes actual",
  "volume_history_by_year" : "Resumen histórico de volumen anual",
  "volume_history_summary_by_month" : "Resumen de volumen mensual",
  "volume_history_summary_by_year" : "Resumen de volumen anual",
  "volume_needed_for_next_rank" : "Volumen necesario para la siguiente clasificación:",
  "volume_summary_by_month" : "Resumen de volumen mensual",
  "volume_summary_by_year" : "Resumen de volumen anual",
  "w9_and_instructions_pdf" : "Formulario W-9 y PDF con las instrucciones",
  "w9_certification" : "Certificado",
  "w9_certification_1" : "Bajo pena de perjurio, declaro que:",
  "w9_certification_2" : "El número mostrado en este formulario es mi número correcto de identificación del contribuyente impositivo (o estoy esperando que se me asigne un número).",
  "w9_certification_3" : "No estoy sujeto a retención adicional de impuestos por intereses o dividendos porque:",
  "w9_certification_4" : "estoy exento de retenciones impositivas;",
  "w9_certification_5" : "no he sido notificado por Servicio de Impuestos Internos (IRS, por sus siglas en inglés) que estoy sujeto a la retención adicional de impuestos como resultado de no declarar todos los intereses o dividendos; o",
  "w9_certification_6" : "el IRS me ha notificado que ya no soy sujeto a la retención adicional;",
  "w9_certification_7" : "soy un ciudadano estadounidense o cualquier persona estadounidense (definida más abajo); y",
  "w9_certification_8" : "el código de la FATCA indicado en este formulario (si lo hubiere) indicando que estoy exento de informar a la FATCA es correcto.",
  "w9_certification_9" : "Instrucciones del certificado. Tienes que marcar con una «x» el apartado 2 de más arriba si el IRS te ha notificado que estás sujeto a retenciones impositivas porque no has declarado todos los intereses y dividendos en tu impuesto sobre la renta. En transacciones inmobiliarias, no se aplica la sección 2. No estás obligado a firmar la certificación por el pago del interés hipotecario, la adquisición o abandono de propiedades bajo prenda, la cancelación de deuda, las aportaciones a una cuenta personal de jubilación (IRA), y por lo general los pagos aparte de intereses y dividendos, pero sí debes suministrar tu TIN correcto. Consulta las instrucciones para la Parte II más abajo.",
  "w9_form" : "Formulario W-9 del IRS",
  "w9_notice" : "Debes rellenar el {0} obligatoriamente para completar tu proceso de inicio de sesión de la cuenta de tu cartera electrónica.",
  "w9_registration_form" : "Formulario de registro W9",
  "w9_submit_error" : "Algo no ha ido bien",
  "w9_submit_error_description" : "Se ha producido un error. Inténtalo de nuevo en unos minutos.",
  "w9_submitted" : "W9 enviado con éxito",
  "w9_submitted_description" : "Se ha enviado la información tributaria del W9 correctamente para su revisión.",
  "ward" : "Barrio",
  "welcome" : "¡Hola!",
  "world_wide_shipping_document" : "Documento de envío mundial",
  "year" : "Año",
  "yearly_commissions_summary" : "Resumen de comisiones anual",
  "yes" : "Sí",
  "your_testimonial" : "Tu testimonio"
}