{
  "15_gel_boxes_description" : "Includes:\n15 Boxes of Prime Gel",
  "1_pack_description" : "Includes:\n1 Bulk Bag of Shake (Chocolate or Vanilla)\n1 Bottle of Energy",
  "2_pack_description" : "Includes:\n2 Bulk Bags of Shake (Chocolate or Vanilla)\n2 Bottles of Energy",
  "2_pack_gel_description" : "Includes:\n2 Boxes of Prime Gel",
  "3_gel_boxes_description" : "Includes:\n3 Boxes of Prime Gel",
  "4_pack_description" : "Includes:\n4 Bulk Bags of Shake (Chocolate or Vanilla)\n4 Bottles of Energy",
  "4_pack_gel_description" : "Includes:\n4 Boxes of Prime Gel",
  "6_gel_boxes_description" : "Includes:\n6 Boxes of Prime Gel",
  "8_pack_gel_description" : "Includes:\n8 Boxes of Prime Gel",
  "Active" : "Actif",
  "Cycled" : "Recyclé",
  "Ending" : "Terminer",
  "New" : "Nouveau",
  "Starting" : "Starting",
  "active" : "Actif",
  "active_cycle_volume" : "Volume du cycle actif",
  "active_tripack_description" : "Comprend : 1 boîte de Prime Gel 1 sachet de Shake (chocolat ou vanille) 1 bouteille d’Energy",
  "add_address" : "Ajouter une adresse",
  "add_payment_method" : "Ajoutez un mode de paiement",
  "add_shipping_address" : "Ajoutez une adresse de livraison pour obtenir une estimation de votre commande",
  "add_to_autodelivery" : "Ajoutez à AutoDelivery",
  "add_to_cart" : "Ajoutez au panier",
  "address_instructions" : "Entrez les informations ci-dessous pour ajouter cette adresse.",
  "address_line_1" : "Ligne d’adresse 1",
  "address_line_2" : "Ligne d’adresse 2",
  "all" : "tout",
  "amount" : "Montant",
  "are_you_sure_customer_to_promoter" : "Êtes-vous certain(e) de vouloir devenir un Promoteur/Promotrice?",
  "as_shown_on_your_income_tax_return" : "Tel qu’indiqué sur votre déclaration de revenus",
  "auto" : "Auto",
  "auto_delivery" : "AutoDelivery",
  "auto_placement_description" : "Lorsque l’option AUTO est sélectionnée, la première personne que vous parrainez sera placée sur la même branche que votre parrain/marraine. Par exemple, si vous vous situez sur la branche droite de votre parrain ou marraine, la première personne que vous parrainez personnellement sera placée sur votre branche droite.",
  "auto_placement_description_2" : "Tout nouveau promoteur sera ensuite placé à l’extérieur de la branche ayant le plus faible Sales Volume.",
  "auto_placement_description_3" : "Si le Sales Volume est le même sur les deux branches, le nouveau promoteur sera placé à l’extérieur de la branche ayant le nombre de branches le plus faible.",
  "autodelivery_cancel" : "Annuler l’AutoDelivery",
  "autodelivery_cancel_error" : "Échec de l’annulation de l’AutoDelivery, veuillez contacter le service d’assistance.",
  "autodelivery_cancel_success" : "Annulation réussie.",
  "autodelivery_description" : "Économisez 10 % en vous inscrivant à AutoDelivery et faites-vous livrer automatiquement vos produits QuiAri préférés tous les mois. Vous pouvez mettre à jour ou modifier votre commande AutoDelivery à tout moment.",
  "autodelivery_disclaimer" : "Votre AutoDelivery sera traitée automatiquement et facturée mensuellement sur votre carte de crédit ou de débit jusqu’à ce que vous annuliez le service. Vous pouvez modifier votre option AutoDelivery dans l’onglet « Commandes », en cliquant sur « Ma livraison automatique » dans le menu déroulant. Vous pouvez annuler à tout moment en contactant notre équipe d’assistance à {email} ou en appelant le +1-813-413-8120.",
  "autodelivery_faq_1" : "Qu’est-ce que l’AutoDelivery?",
  "autodelivery_faq_1_answer" : "Une commande AutoDelivery est un envoi mensuel récurrent de produits. En vous inscrivant à la livraison automatique, vous pouvez économiser jusqu’à 28 % sur vos achats de produits.",
  "autodelivery_faq_2" : "Puis-je modifier ma commande AutoDelivery?",
  "autodelivery_faq_2_answer" : "Vous pouvez modifier votre option AutoDelivery dans l’onglet « Commandes », en cliquant sur « My AutoDelivery » dans le menu déroulant. Votre commande AutoDelivery peut inclure jusqu’à 5 articles de chaque produit - 5 QuiAri Shake et 5 QuiAri Energy.",
  "autodelivery_faq_3" : "Puis-je annuler ma commande AutoDelivery?",
  "autodelivery_faq_3_answer" : "Oui, vous pouvez. Pour annuler votre commande AutoDelivery, connectez-vous à votre portail, cliquez sur « Commandes » , puis sur « Mon AutoDelivery. »",
  "autodelivery_faq_4" : "Comment bénéficier de l’AutoDelivery gratuitement chaque mois?",
  "autodelivery_faq_4_answer_1" : "Vous devez être sur AutoDelivery avec au moins 50 SV ( Sales Volume)",
  "autodelivery_faq_4_answer_2" : "Vous devez avoir deux clients personnellement parrainés sur AutoDelivery dans les 30 derniers jours avec des commandes générant 50 SV ou plus.",
  "autodelivery_faq_4_answer_3" : "Vous pouvez maintenant bénéficier des produits GRATUITS!",
  "autodelivery_faq_4_answer_4" : "Une fois que tous les critères ont été remplis, le système QuiAri’s examine les commandes AutoDelivery de vos clients qui ont généré 50 SV ou plus au cours des 30 derniers jours et calcule la moyenne de leurs totaux. Le résultat est le crédit produit que vous recevrez. Veuillez noter que le crédit total ne peut excéder 118,80 USD et que les frais d’expédition, les droits de douane, la TVA ou tout autre frais applicable aux produits internationaux ne s’appliquent pas.",
  "autodelivery_faq_5" : "Puis-je modifier la date ou annuler ma commande AutoDelivery? ",
  "autodelivery_faq_5_answer" : "Oui, vous pouvez. Pour changer la date ou annuler votre commande AutoDelivery, connectez-vous à votre portail, cliquez sur « Commandes », puis sur « My AutoDelivery. »",
  "autodelivery_faq_6" : "Comment fonctionne l’AutoDelivery prépayée?",
  "autodelivery_faq_6_answer" : "Allez à « Commander » dans la barre de navigation et sélectionnez « My AutoDelivery. » Vous pouvez choisir de prépayer votre AutoDelivery pour une période de 3, 6 ou 9 mois à l’avance et économiser jusqu’à 12 % sur le total de votre commande de produits. Votre AutoDelivery prépayée sera traitée et facturée sur votre carte de crédit ou de débit dès aujourd’hui pour les services mensuels. AutoDelivery prépayée ne peut être retournée ou remboursée après l’expiration de notre politique de retour de 30 jours à compter de la date à laquelle l’AutoDelivery prépayée a été mis en place. Votre volume mensuel AutoDelivery prépayée sera renouvelé tous les 30 jours jusqu’à l’expiration de votre AutoDelivery. Veuillez noter que vous devez également prépayer vos produits 3, 6 ou 9 mois à l’avance pour bénéficier de l’AutoDelivery. Vous recevrez un courriel lorsqu’il sera temps de renouveler votre AutoDelivery prépayée. Veuillez noter que le service prépayé AutoDelivery ne se renouvelle pas automatiquement. Vous devez passer par le portail (cliquer sur « Commander » dans la barre de navigation) et refaire la procédure d’inscription à AutoDelivery prépayée.",
  "autodelivery_faq_7" : "AutoDelivery Prépayée est-il remboursable et puis-je faire des changements une fois le traitement effectué?",
  "autodelivery_faq_7_answer" : "AutoDelivery prépayée n’est pas remboursable. Vos produits peuvent être retournés conformément à notre politique de retour standard de 30 jours. Une fois que votre AutoDelivery prépayée est traitée, aucune modification ne peut être apportée à votre commande, la durée du contrat ou la date de l’AutoDelivery.",
  "autodelivery_header_1" : "Votre prochaine AutoDelivery est prévue pour",
  "autodelivery_header_2" : "Si vous souhaitez annuler votre AutoDelivery, veuillez contacter le service d’assistance ou cliquer sur le bouton « Annuler AutoDelivery ».",
  "autodelivery_modify_payment_description" : null,
  "autodelivery_totals" : null,
  "back_to_shipping" : "Retour à la rubrique Expédition",
  "bag" : "sachet | sachets",
  "basic_pack_description" : "Comprend : 1 boîte de Prime Gel 1 sachet de Shake (chocolat ou vanille) 1 bouteille d’Energy",
  "become_a_promoter" : "Devenir promoteur ou promotrice",
  "billing_address" : "Adresse de facturation",
  "billing_email_address" : "Adresse électronique de facturation",
  "binary_leg" : "Branches binaires",
  "binary_placement_options" : "Options de placement binaire",
  "binary_placement_update_description" : "Votre placement binaire par défaut a été mis à jour en {placement}. Tous les nouveaux promoteurs qui s’inscrivent seront placés en fonction de ce nouveau paramètre.",
  "binary_placement_updated" : "Placement binaire mis à jour",
  "bonus_product" : "{num} {month} du Produit Bonus",
  "bonus_product_body" : "Bonne nouvelle - vos bons d’achat de produits bonus* pourront être échangés ici dans les 30 jours suivant l’achat initial. Le nombre de Bons d’achat que vous recevrez est déterminé par le forfait Promoteur que vous avez acheté. Si vous avez des questions, veuillez contacter ",
  "bonus_product_disclaimer" : "*Un Bon = 1 mois de consommation de QuiAri Shake et QuiAri Energy et un seul bon peut être utilisé par mois. Des portions uniques seront proposées au moment de l’échange moyennant un supplément. Les tarifs n’incluent pas les frais d’expédition, les droits de douane, la TVA ou toute autre taxe internationale à l’importation de produits.",
  "bonus_product_title" : "Produit bonus",
  "bonus_product_voucher" : "Bon d’achat pour produit bonus",
  "bonuses" : "Les primes",
  "both" : "Les deux",
  "bottle" : "bouteille | bouteilles",
  "bug_report" : "Rapport de bogue",
  "builder_pack_description" : "Comprend : 4 boîtes de Prime Gel 4 sachets de Shake (chocolat ou vanille) 4 bouteilles Energy",
  "business_name" : "Nom de l’entreprise / Nom de l’entité ignorée",
  "cancel" : "Annuler",
  "capped" : "Plafonné",
  "card_number" : "Numéro de la carte",
  "carrier" : "Transporteur",
  "carrier_tracking_number" : "Numéro de suivi du transporteur",
  "change_password" : "Changer votre mot de passe",
  "change_primary_address" : "Change Primary Address",
  "change_product_selection" : "Modifier la sélection des produits",
  "checkout" : "Passer la commande",
  "checkout_autodelivery_discount" : "De rabais avec AutoDelivery",
  "checkout_estimated_shipping_and_handling" : "Expédition et manutention",
  "checkout_review_order" : "Vérification de la commande",
  "checkout_shipping_estimate" : "Veuillez prévoir un délai de livraison de {min} à {max} jours",
  "checkout_tax" : "Taxes",
  "chocolate" : "Chocolat",
  "choose_individual_products" : "Sélectionner les produits individuels",
  "choose_option_below" : "Choisissez l’option ci-dessous",
  "choose_package_items_total" : "(Choisissez le {montant} total)",
  "choose_products" : null,
  "city" : "Ville",
  "click_link_for_schedule" : "Cliquez sur le lien pour le calendrier.",
  "click_to_download" : "Cliquez pour télécharger",
  "close" : "Fermer",
  "commission" : "Commission",
  "commission_history" : "Historique de la commission",
  "commission_rank" : "Rang de la commission",
  "commission_rank_history" : "Historique du rang de la commission",
  "commissions" : "Commissions",
  "commissions_faq_1" : "Les Team Commissions, c’est quoi?",
  "commissions_faq_10" : "Comment puis-je gagner une Fast Start Bonus?",
  "commissions_faq_10_answer_1" : "Les Promoteurs gagnent une Fast Start Bonus de 200 USD sur toute commande initiale d’un pack de produits parrainé par un promoteur personnel :\n",
  "commissions_faq_10_answer_2" : "1 Pack - 20 USD",
  "commissions_faq_10_answer_3" : "2 Pack - 40 USD",
  "commissions_faq_10_answer_4" : "4 Pack - 80 USD",
  "commissions_faq_10_answer_5" : "10 Pack - 200 USD",
  "commissions_faq_10_answer_6" : "QuiAri Shake (28 jours) - 7,50 USD",
  "commissions_faq_10_answer_7" : "QuiAri Shake (14 jours) - 3,75 USD",
  "commissions_faq_10_answer_8" : "QuiAri Energy - 3,75 $ US",
  "commissions_faq_10_answer_9" : "Échantillon de 5 jours - 1,50 USD",
  "commissions_faq_11" : "Comment puis-je gagner un Matching Bonus?",
  "commissions_faq_11_answer" : "Au fur et à mesure que vous progressez en grade, QuiAri vous récompense avec un Matching Bonus pour la formation et le développement de votre équipe. Gagnez jusqu’à 80% des Team Commissions gagnées aux niveaux 1-7, sur votre ligne de parrainage personnelle, en fonction de votre rang de reconnaissance.",
  "commissions_faq_12" : "Comment puis-je gagner une Lifestyle Bonus?",
  "commissions_faq_12_answer_1" : "Vous devez être qualifié et le prix est attribué en fonction de votre rang de commission au cours des 30 derniers jours. Pour les rangs Hero - Legend, nous prenons en compte votre Group Sales Volume le premier de chaque mois et payons le 15 du mois. Pour les rangs Diamond - Purple Diamond, nous évaluons les deux mois précédents.",
  "commissions_faq_12_answer_2" : "Hero : 500 USD",
  "commissions_faq_12_answer_3" : "Legend : 1 000 USD",
  "commissions_faq_12_answer_4" : "Diamond : 1 500 USD",
  "commissions_faq_12_answer_5" : "Green Diamond : 2 500 USD",
  "commissions_faq_12_answer_6" : "Purple Diamond : 5 000 USD",
  "commissions_faq_12_answer_7" : "Grand Purple Diamond: $6,000 USD",
  "commissions_faq_12_answer_8" : "Crown Purple Diamond: $7,500 USD",
  "commissions_faq_13" : "Comment puis-je gagner une Speed Bonus?",
  "commissions_faq_13_answer_1" : "Shake & Energy seulement en Packages",
  "commissions_faq_13_answer_10" : "Packages de produits",
  "commissions_faq_13_answer_11" : "8 Pack : 60 jours pour gagner un nombre illimité de Speed Bonuses",
  "commissions_faq_13_answer_12" : "4 Pack : 30 jours pour gagner un nombre illimité de Speed Bonuses",
  "commissions_faq_13_answer_13" : "2 Pack : 14 jours pour gagner un nombre illimité de Speed Bonuses",
  "commissions_faq_13_answer_2" : "Pack Fondateur : 90 jours pour gagner un nombre illimité de Speed Bonuses",
  "commissions_faq_13_answer_3" : "4 Pack : 60 jours pour gagner un nombre illimité de Speed Bonuses",
  "commissions_faq_13_answer_4" : "2 Pack : 30 jours pour gagner un nombre illimité de Speed Bonuses",
  "commissions_faq_13_answer_5" : "1 Pack : 14 jours pour gagner un nombre illimité de Speed Bonuses",
  "commissions_faq_13_answer_6" : "Packages de gel uniquement",
  "commissions_faq_13_answer_7" : "Pack Constructeur : 60 jours pour gagner un nombre illimité de Speed Bonuses",
  "commissions_faq_13_answer_8" : "Pack Standard : 30 jours pour gagner un nombre illimité de Speed Bonuses",
  "commissions_faq_13_answer_9" : "Pack de Base : 14 jours pour gagner un nombre illimité de Speed Bonuses",
  "commissions_faq_14" : "Comment puis-je gagner une Cycle Bonus?",
  "commissions_faq_14_answer_1" : "Au fur et à mesure que vous accumulez des Group Sales Volume (GSV), vous gagnez une Team Commission pour chaque tranche de 100 GSV à gauche comme à droite, jusqu’à un nombre illimité de rangs. Votre grade détermine le nombre de cycles que vous allez effectuer :",
  "commissions_faq_14_answer_10" : "Diamond : 17,50 USD",
  "commissions_faq_14_answer_11" : "Green Diamond : 17,50 USD",
  "commissions_faq_14_answer_12" : "Purple Diamond : 20 USD",
  "commissions_faq_14_answer_13" : "Grand Purple Diamond: $20 USD",
  "commissions_faq_14_answer_14" : "Crown Purple Diamond: $20 USD",
  "commissions_faq_14_answer_2" : "Star : 10 USD",
  "commissions_faq_14_answer_3" : "Rising Star : 10 USD",
  "commissions_faq_14_answer_4" : "Shooting Star : 12,50 USD",
  "commissions_faq_14_answer_5" : "Rock Star : 12,50 USD",
  "commissions_faq_14_answer_6" : "Super Star : 12,50 USD",
  "commissions_faq_14_answer_7" : "Champion : 15 USD",
  "commissions_faq_14_answer_8" : "Hero : 15 USD",
  "commissions_faq_14_answer_9" : "Legend : 17,50 USD",
  "commissions_faq_15" : "Que devient ma commission si je ne suis pas qualifié?",
  "commissions_faq_16" : "Est-ce que le Sales Volume (SV) peut-il être supprimé?",
  "commissions_faq_16_answer_1" : "Oui, votre Sales Volume sera supprimé après 60 jours d’inactivité. Vous demeurez actif en achetant des produits pour vous-même ou en vendant des produits à des clients qui remplissent l’exigence minimale de 25 Personal Sales Volume (PSV).",
  "commissions_faq_16_answer_2" : "Pour demeurer actif, vous devez générer au minimum 25 Personal Sales Volume par mois.",
  "commissions_faq_17" : "Comment puis-je gagner une Rank Advancement Bonus?",
  "commissions_faq_17_answer_1" : "Gagnez une prime unique chaque fois que vous progressez dans les rangs (Rising Star et plus). Pour les catégories Champion et Legend, vous devez maintenir votre adhésion pendant deux mois consécutifs pour être éligible. Pour les catégories Green Diamond et Purple Diamond, vous devez le maintenir pendant 3 mois consécutifs.",
  "commissions_faq_17_answer_10" : "Green Diamond : 12,500 USD",
  "commissions_faq_17_answer_11" : "Purple Diamond : 25,000 USD",
  "commissions_faq_17_answer_12" : "Grand Purple Diamond: $27,500 USD",
  "commissions_faq_17_answer_13" : "Crown Purple Diamond: $30,000 USD",
  "commissions_faq_17_answer_2" : "Rising Star : 50 USD",
  "commissions_faq_17_answer_3" : "Shooting Star : 100 USD",
  "commissions_faq_17_answer_4" : "Rock Star : 250 USD",
  "commissions_faq_17_answer_5" : "Super Star : 500 USD",
  "commissions_faq_17_answer_6" : "Champion : 1,250 USD",
  "commissions_faq_17_answer_7" : "Hero : 2,500 USD",
  "commissions_faq_17_answer_8" : "Legend : 5,000 USD",
  "commissions_faq_17_answer_9" : "Diamond : 7,500 USD",
  "commissions_faq_18" : "Comment puis-je obtenir un Customer Bonus?",
  "commissions_faq_18_answer" : "Le Customer Bonus est calculé sur la base de 20 % du Sales Volume (SV) sur toutes les commandes initiales et les commandes renouvelées des Clients Parrainés Personnellement.",
  "commissions_faq_19" : "Les clients sont-ils pris en compte dans l’Arbre Généalogique?",
  "commissions_faq_19_answer" : "Non, ils ne sont pas placés dans l’Arbre.",
  "commissions_faq_1_answer" : "Les Team Commissions sont un aspect important du Plan de rémunération QuiAri et sont calculées à partir de votre arbre binaire, qui a deux branches : une Gauche et une Droite. Vous serez rémunéré(e) en fonction du Group Sales Volume (GSV) au sein de l’arbre binaire.",
  "commissions_faq_2" : "Comment sont calculées les Team Commissions?",
  "commissions_faq_20" : "Le Sales Volume (SV) du client est-il pris en compte dans l’Arbre Généalogique?",
  "commissions_faq_20_answer" : "Oui. Cependant, une fois que le système a déterminé que vous êtes actif avec un minimum de 75 PSV (Personal Sales Volume), le Sales Volume associé à l’achat du Client sera placé selon vos paramètres binaires (Gauche, Droite, Auto) dans votre Portail QuiAri. Cela vous permettra de maximiser les Team Commissions provenant de vos Clients parrainés personnellement.",
  "commissions_faq_2_answer_1" : "Chaque ensemble de produits a une valeur pondérée appelée Sales Volume. Chaque fois qu’un produit est vendu au sein de votre entreprise, cela génère un Sales Volume pour l’ensemble de la lignée ascendante.",
  "commissions_faq_2_answer_2" : "Au fur et à mesure que ces points s’accumulent, vous gagnerez des Team Commissions. Un promoteur effectue un cycle chaque fois que 100 SV s’accumulent dans ses Branches Gauche et Droite.",
  "commissions_faq_2_answer_3" : "Tout Group Sales Volume impayé est reporté.",
  "commissions_faq_3" : "Comment puis-je me qualifier pour recevoir des Team Commissions?",
  "commissions_faq_3_answer" : "Pour être éligible, vous devez parrainer personnellement au moins un Promoteur dans chacune de vos branches gauche et droite, chacun étant ACTIFS avec un minimum de 25 PSV par mois. 75 PSV pour Rock Star et plus.",
  "commissions_faq_4" : "Mes propres achats sont-ils pris en compte dans le calcul de mes commissions?",
  "commissions_faq_4_answer" : "Les achats personnels sont pris en compte pour devenir ACTIF, mais vous devez également parrainer personnellement 2 promoteurs actifs sur vos Branches Gauche et Droite pour être QUALIFIÉ et percevoir des commission.",
  "commissions_faq_5" : "Combien puis-je gagner avec le Plan de Rémunération de QuiAri?",
  "commissions_faq_5_answer" : "Notez que l’opportunité d’affaires QuiAri offre un potentiel de revenu illimité. Cependant, QuiAri n’offre aucune garantie de réussite financière. Le succès de QuiAri résulte uniquement des efforts de vente fructueux, qui nécessitent du travail, de la diligence, de l’habileté, de la persévérance, de la compétence et du leadership. Votre succès dépendra de ces qualités.",
  "commissions_faq_6" : "Y’a-t-il un plafond sur mon potentiel de gains mensuels en Team Commission?",
  "commissions_faq_6_answer_1" : "Champion : 5 000 USD/semaine",
  "commissions_faq_6_answer_2" : "Hero : 10 000 USD/semaine",
  "commissions_faq_6_answer_3" : "Legend : 15 000 USD/semaine",
  "commissions_faq_6_answer_4" : "Diamond : 20 000 USD/semaine",
  "commissions_faq_6_answer_5" : "Green Diamond : 25 000 USD/semaine",
  "commissions_faq_6_answer_6" : "Purple Diamond : 50 000 USD/semaine",
  "commissions_faq_6_answer_7" : "Grand Purple Diamond: $50,000 USD/week",
  "commissions_faq_6_answer_8" : "Crown Purple Diamond: $50,000 USD/week",
  "commissions_faq_6_comp_plan" : "Veuillez consulter le plan de rémunération de QuiAri pour plus de détails.",
  "commissions_faq_7" : "Quel est le Sales Volume (SV) associé à chaque ensemble de produits et à chaque produit?",
  "commissions_faq_7_answer_1" : "Packs de Shake et Energy",
  "commissions_faq_7_answer_10" : "Pack Fondateur : 600 SV",
  "commissions_faq_7_answer_11" : "Pack Constructeur : 400 SV",
  "commissions_faq_7_answer_12" : "Pack Standard : 200 SV",
  "commissions_faq_7_answer_13" : "Pack de Base : 100 SV",
  "commissions_faq_7_answer_14" : "Packs de Gel Uniquement",
  "commissions_faq_7_answer_15" : "8 Pack : 360 SV",
  "commissions_faq_7_answer_16" : "4 Pack : 180 SV",
  "commissions_faq_7_answer_17" : "2 Pack : 90 SV",
  "commissions_faq_7_answer_18" : "Créez vos propres packs",
  "commissions_faq_7_answer_19" : "Sachet de Shake : 50 SV",
  "commissions_faq_7_answer_2" : "QuiAri Shake : 50 SV",
  "commissions_faq_7_answer_20" : "Boîte de Prime Gel : 45 SV",
  "commissions_faq_7_answer_21" : "Bouteille Energy : 25 SV",
  "commissions_faq_7_answer_3" : "QuiAri Energy : 25 SV",
  "commissions_faq_7_answer_4" : "Échantillon de 5 jours : 10 SV",
  "commissions_faq_7_answer_5" : "Ensembles de produits pour les promoteurs (achat unique)",
  "commissions_faq_7_answer_6" : "1 pack - 75 SV",
  "commissions_faq_7_answer_7" : "2 pack - 150 SV",
  "commissions_faq_7_answer_8" : "4 pack - 300 SV",
  "commissions_faq_7_answer_9" : "7 pack - 500 SV",
  "commissions_faq_8" : "Comment puis-je accumuler mon Sales Volume?",
  "commissions_faq_8_answer" : "Pour cumuler votre Sales Volume, vous devez rester actif en générant au moins 25 PSV par mois. Pour Rock Star et plus, vous devez générer un minimum de 75 PSV.",
  "comp_plan" : "Plan d’indemnisation",
  "company_name" : "Nom de l’entreprise",
  "compensation_plan" : "Plan d’indemnisation",
  "confirm" : "Confirmer",
  "confirm_new_password" : "Confirmez le nouveau mot de passe",
  "confirm_password" : "Confirmez le mot de passe",
  "contact_us" : "Contactez-Nous",
  "copied" : "Copié",
  "copied_successfully" : "Copié avec succès!",
  "copy_link" : "Copier le lien",
  "copy_video_url" : "Copier l’URL de la vidéo",
  "corporate_announcements" : "Annonces de l’entreprise",
  "cost" : "Coût",
  "country" : "Pays",
  "current_commission_rank" : "Rang actuel de la commission",
  "current_password" : "Mot de passe actuel",
  "currently_have_no_customers" : "Vous n’avez actuellement aucun Client",
  "customer_id" : "Identifiant du client",
  "customer_info_1" : "Les produits QuiAri sont populaires dans le monde et obtiennent des résultats qui changent la vie des personnes! Ces mêmes personnes sont également payées pour promouvoir les produits QuiAri et sont rémunérées instantanément après chaque vente. Rejoignez la première opportunité d’affaires à domicile à la croissance la plus rapide au monde.",
  "customer_info_2" : "En tant que Promoteur QuiAri, les possibilités de gagner un revenu partiel ou à plein temps ET de recevoir des produits gratuits en même temps sont nombreuses.",
  "cycle" : "Cycle",
  "dashboard" : "Tableau de bord",
  "dashboard_business_app" : "L’application QuiAri Business",
  "dashboard_business_app_description" : "Téléchargez l’application QuiAri pour suivre vos gains, inscrivez vos Clients et Promoteurs, acheter des produits, rester au courant des actualités QuiAri, et gérer votre entreprise en déplacement",
  "dashboard_business_opportunity" : "Présentation de l’opportunité commerciale Quiari",
  "dashboard_business_opportunity_info" : "Orientez les membres de votre équipe vers la présentation de l’opportunité commerciale. Consultez les médias sociaux {’@’}QuiAriOfficial ou votre courriel pour connaître les horaires.",
  "dashboard_current_month" : "Mois en cours",
  "dashboard_download_now" : "Télécharger maintenant",
  "dashboard_follow_social_media" : "Suivez-nous sur les réseaux sociaux",
  "dashboard_get_paid_in_5" : "Partagez votre page {0} Pour motiver, inspirer et DÉVELOPPER VOTRE ÉQUIPE!",
  "dashboard_getting_started" : "Pour commencer",
  "dashboard_live_feed" : "Fil d’actualité",
  "dashboard_my_commissions" : "Mes commissions",
  "dashboard_my_qualifications" : "Mes compétences",
  "dashboard_purple_diamond_guide" : "Apprenez à atteindre le sommet grâce à notre {0} facile à suivre qui vous apprendra à dupliquer votre équipe et à progresser dans le classement plus rapidement que jamais.",
  "dashboard_qualified" : "Qualifié",
  "dashboard_recent_orders" : "Commandes récentes",
  "dashboard_self_replicated_site" : "Site web personnalisé :",
  "dashboard_share_your_story" : "Partagez Votre Expérience",
  "dashboard_stay_plugged_in" : "Restez Connecté :",
  "dashboard_steps" : "Suivez ces étapes simples pour APPRENDRE à :",
  "dashboard_steps_1" : "Reprogrammez votre esprit en vue du succès",
  "dashboard_steps_2" : "Maîtriser la question sur l’invitation",
  "dashboard_steps_3" : "Créer une culture de la duplication au sein de votre Équipe",
  "dashboard_steps_4" : "Ne jamais être à court d’interlocuteurs",
  "dashboard_steps_5" : "Gérer son temps",
  "dashboard_steps_6" : "Commencer Dès MAINTENANT!",
  "dashboard_testimonial" : " Nous Aimerions Vous Connaître!",
  "dashboard_testimonial_description" : "Notre opportunité d’affaires ou nos produits ont-ils changé votre vie? Partagez votre histoire et vous aurez peut-être la chance d’être présenté sur notre fil d’actualité et sur les Médias Sociaux!",
  "dashboard_year_to_date" : "Année en Cours",
  "date" : "Date",
  "date_earned" : "Date de L’obtention",
  "date_joined" : "Date D’adhésion",
  "ddu_disclaimer" : "Les prix ne comprennent pas les taxes, tarifs et droits qui peuvent être imposés au moment de la livraison.",
  "delete" : "Supprimer",
  "disclaimers" : "Avertissements",
  "discount" : null,
  "district" : "District",
  "documents" : "Documents",
  "download" : "Télécharger",
  "earned_on" : "Gagné Sur",
  "edit" : "Modifier",
  "edit_address" : "Modifier L’adresse",
  "email_address" : "Adresse du Courriel",
  "email_address_or_member_id" : "Email Address or Member ID",
  "email_receipt" : "Accusé de Réception du courriel",
  "emails" : "Courriels",
  "employer_identification_number" : "Numéro d’identification de l’employeur",
  "empty_cart" : "Panier Vide",
  "ending_with" : "Terminer Avec",
  "energy_bottle_description" : "Comprend : 1 bouteille Energy (60 portions)",
  "energy_single_serve_description" : "Comprend : 1 sachet Energy (60 portions)",
  "enter_login_details" : "Enter your details below to log in",
  "error" : "Erreur",
  "estimated_shipping_and_handling" : "Estimation des frais d’expédition et de manutention",
  "event_description" : "Description de L’événement",
  "ewallet_account" : "Informations sur le compte du portefeuille électronique",
  "ewallet_notice" : "Pour créer votre compte de Portefeuille électronique, vous devez remplir le formulaire suivant : {0}",
  "ewallet_setup_notice" : "Votre compte de portefeuille électronique sera automatiquement créé dans les 5 jours qui suivent votre première commission. Cette procédure unique vous offre le plus haut niveau de sécurité. Une fois votre compte activé, vous pourrez profiter de tous les avantages exceptionnels offerts par le service Same Day Pay!",
  "exempt_payee_code" : "Code du bénéficiaire exonéré (le cas échéant)",
  "exemption_from_fatca_reporting_code" : "Code d’exemption de déclaration FATCA (le cas échéant)",
  "exemptions" : "Exemptions",
  "existing_monthly_autodelivery" : "Un AutoDelivery mensuelle est déjà activé sur votre compte. Vous ne pouvez pas mettre en place l’AutoDelivery prépayée tant que vous n’avez pas annulé votre commande initiale.",
  "existing_prepaid_autodelivery" : "Vous avez déjà une AutoDelivery prépayée en cours. Vous ne pouvez pas configurer l’Autodelivery pour l’instant.",
  "expiration" : "Expiration",
  "expiration_month" : "Mois D’expiration",
  "expiration_year" : "Année D’expiration",
  "expired_on" : "Expiré le",
  "expires" : "Expiré",
  "extend_prepaid_autodelivery" : null,
  "faqs" : "FAQ",
  "fast_start" : "Fast Start",
  "fast_start_bonus" : "Fast Start Bonus",
  "fda_notice" : "Ces déclarations n’ont pas été évaluées par la Food and Drug Administration. Ces produits ne sont pas destinés à diagnostiquer, traiter, guérir ou prévenir une quelconque maladie.",
  "feature_request" : "Demande de fonctionnalité",
  "federal_tax" : "Impôt Fédéral",
  "federal_tax_classification" : "Classification de L’impôt Fédéral",
  "feedback" : "Avis",
  "field_required" : "Ce Champ est Obligatoire",
  "first_name" : "Prénom",
  "fitness" : "Fitness",
  "forgot_password" : "Mot de passe oublié?",
  "founders_pack_description" : "Comprend : 6 boîtes de Prime Gel 5 sachets de Chocolate Shake (en portion unique) 5 sachets de Vanilla Shake (en portion unique) 5 sachets d’Energy (en portion unique)",
  "free" : "LIBRE",
  "free_tour_marketing_system" : "Système de marketing touristique gratuit",
  "free_tour_subtitle" : "Il travaille pour vous 24 heures sur 24, 7 jours sur 7, 365 jours par an, et fournit des pages de renvoi personnalisées, des sites de marketing personnalisés, des rapports en temps réel et une campagne de suivi par répondeur automatique. Partagez les pages marketing ci-dessous pour vous aider à générer des prospects et à relancer votre activité.",
  "from" : "de",
  "gear_store" : "Boutique d’équipement",
  "genealogy" : "Généalogie",
  "general" : "Générale",
  "general_faq_1" : "Dois-je obligatoirement acheter un produit pour participer au Plan de Rémunération QuiAri?",
  "general_faq_1_answer" : "Les achats personnels ne sont pas obligatoires pour participer, mais ils vous aideront à obtenir le statut d’ACTIF.",
  "general_faq_2" : "Comment ajouter un nouveau Promoteur ou une nouvelle Promotrice à mon équipe?",
  "general_faq_2_answer_1" : "Les prospects sont automatiquement placés à gauche ou à droite de votre équipe pour maximiser vos gains. Si vous souhaitez que les prospects soient placés dans une branche spécifique, vous pouvez à tout moment vous rendre sur la page Généalogie de votre portail et choisir Gauche ou Droite.",
  "general_faq_2_answer_2" : "Vous avez également la possibilité de placer manuellement les Prospects sur la page Généalogie en cliquant simplement sur une position ouverte.",
  "general_faq_3" : "Si je place accidentellement quelqu’un à la mauvaise position dans ma lignée descendante, puis-je le ou la déplacer vers la bonne position?",
  "general_faq_3_answer" : "Les commissions sont automatiquement créditées au fur et à mesure des ventes, à vous comme à l’ensemble de votre lignée ascendante. Ainsi, une fois l’inscription terminée, la position d’un Promoteur ne peut être déplacée ou modifiée. Veuillez vous assurer que vos choix de Parrainage et de placement sont exacts avant de poursuivre.",
  "general_faq_4" : "Quelle est la durée de mon contrat QuiAri?",
  "general_faq_4_answer" : "La durée du contrat QuiAri est d’un an à compter de la date d’adhésion. Si un promoteur n’annule pas sa participation, son activité sera automatiquement renouvelée.",
  "general_faq_5" : "Quelle est la différence entre un Promoteur et un Client?",
  "general_faq_5_answer" : "Un Client est une personne physique qui achète les produits QuiAri. Un Promoteur est une personne qui participe au Plan de rémunération QuiAri.",
  "general_faq_6" : "Que se passe-t-il si je ne veux plus être promoteur?",
  "general_faq_6_answer" : "Pour désactiver votre compte Promoter, vous pouvez contacter {email}. Notre équipe vous aidera à passer à un compte Client QuiAri grâce auquel vous pourrez continuer à commander des produits et recevoir des mises à jour.",
  "general_faq_7" : "Comment Recevoir mes Produits Gratuitement?",
  "general_faq_7_answer" : "Voici comment se qualifier pour le programme « Parrainez-en deux et c’est GRATUIT ». - Vous devez être sur AutoDelivery avec au moins 50 SV (Sales Volume) - Vous devez avoir 2 clients parrainés personnellement sur AutoDelivery dans les 30 derniers jours avec des commandes générant 50 SV ou plus. - Vous êtes maintenant admissible à recevoir un produit GRATUIT! Une fois que tous les critères ont été remplis, le système QuiAri examine les commandes AutoDelivery de vos clients qui ont généré 50 SV ou plus au cours des 30 derniers jours et calcule la moyenne de leurs totaux. Le résultat est le crédit produit que vous recevrez. Veuillez noter que le crédit total ne peut excéder 118,80 USD et que les frais d’expédition, les droits de douane, la TVA ou tout autre frais international applicable au produit ne sont pas pris en compte.",
  "general_inquiry" : "Enquête Générale",
  "generated_between" : "Généré Entre",
  "generated_on" : "Généré Le",
  "get_social" : "Socialisation",
  "get_social_info" : "Faites savoir au monde entier à quel point vous aimez QuiAri en nous suivant sur les médias sociaux et en partageant nos articles tous les jours.",
  "grand_total" : "Total Général",
  "health_and_fitness" : "Santé et Fitness",
  "hyperwallet_e_wallet" : "Portefeuille électronique Hyperwallet",
  "hyperwallet_faq_1" : "Qu’est-ce que le Portefeuille électronique Hyperwallet®?",
  "hyperwallet_faq_10" : "Puis-je payer mon AutoDelivery directement à partir de mes commissions avec le Portefeuille électronique Hyperwallet®?",
  "hyperwallet_faq_10_answer" : "Oui. Vous pouvez payer votre AutoDelivery en sélectionnant le Portefeuille électronique Hyperwallet® comme mode de paiement principal dans l’onglet Mon compte.",
  "hyperwallet_faq_11" : "Comment puis-je récupérer le mot de passe de mon Portefeuille électronique Hyperwallet® si je l’ai perdu ou oublié?",
  "hyperwallet_faq_11_answer_1" : "Pour récupérer votre mot de passe, allez à l’adresse {0}, cliquez sur « mot de passe oublié » puis entrez l’adresse de courriel que vous avez fournie à QuiAri lorsque votre compte a été activé.",
  "hyperwallet_faq_11_answer_2" : "Pour toute question concernant votre Portefeuille électronique Hyperwallet® E-Wallet, appelez Hyperwallet® au 1.604.638.6657 ou au numéro gratuit 1.877.546.8220 (lun-ven, 8h-20h PT, sam-dim 8h-17h PT). Vous pouvez également envoyer un courriel au service d’assistance Hyperwallet® en utilisant le formulaire {0} sur leur site web.",
  "hyperwallet_faq_1_answer" : "Le portefeuille électronique Hyperwallet® est un système de paiement mondial qui permet aux Promoteurs de recevoir, d’accéder à, et de gérer leurs commissions en ligne, 24 heures sur 24, partout dans le monde.",
  "hyperwallet_faq_2" : "Pourquoi QuiAri utilise le Portefeuille électronique Hyperwallet® pour payer les commissions?",
  "hyperwallet_faq_2_answer" : "S’assurer que nos promoteurs obtiennent leurs commissions rapidement, facilement et efficacement est une priorité absolue.",
  "hyperwallet_faq_3" : "Comment ouvrir un compte de portefeuille électronique Hyperwallet®?",
  "hyperwallet_faq_3_answer" : "Après avoir gagné votre première commission, vous devez remplir les informations obligatoires, telles que notées sur la page Commissions dans votre portail. Une fois que vous aurez rempli les informations obligatoires, votre portefeuille électronique Hyperwallet® sera automatiquement créé dans un délai de 5 jours ouvrables. Vous recevrez alors un courriel de confirmation de QuiAri, ainsi qu’un courriel de Hyperwallet® vous indiquant comment activer votre compte. Toutes les commissions gagnées seront immédiatement versées sur votre portefeuille électronique Hyperwallet®. Veuillez noter que des frais mensuels minimes de 3,30 USD s’appliquent.",
  "hyperwallet_faq_4" : "Comment puis-je retirer des commissions de mon portefeuille électronique Hyperwallet®?",
  "hyperwallet_faq_4_answer" : "Avec un portefeuille électronique Hyperwallet®, les commissions peuvent être déposées directement sur votre compte bancaire, transférées par virement bancaire ou, sur demande et sous réserve de disponibilité, transférées sur une carte de débit Visa® de QuiAri.",
  "hyperwallet_faq_5" : "Puis-je obtenir une carte de débit Visa® QuiAri via mon portefeuille électronique Hyperwallet®?",
  "hyperwallet_faq_5_answer" : "Absolument! La carte de débit Visa® QuiAri est disponible dans plus de 185 pays et vous permet de payer directement à partir des commissions de votre portefeuille électronique Hyperwallet® partout où la carte Visa® est acceptée!",
  "hyperwallet_faq_6" : "Comment commander ma carte de débit Visa® QuiAri?",
  "hyperwallet_faq_6_answer" : "Une fois que vous avez gagné des commissions et ouvert votre portefeuille électronique Hyperwallet®, vous pouvez commander une carte de débit Visa® de la marque QuiAri. La carte est disponible dans de nombreux pays du monde pour seulement 10 USD.",
  "hyperwallet_faq_7" : "Puis-je transférer de l’argent avec le portefeuille électronique Hyperwallet®?",
  "hyperwallet_faq_7_answer" : "Oui, vous pouvez transférer de l’argent provenant de vos commissions pratiquement n’importe où dans le monde. Les virements bancaires sont pris en charge dans plus de 215 pays.",
  "hyperwallet_faq_8" : "Y a-t-il des frais de traitement pour les commissions perçues?",
  "hyperwallet_faq_8_answer" : "Des frais minimes de 0,40 USD sont déduits chaque fois qu’une commission est chargée sur votre Portefeuille électronique Hyperwallet®.",
  "hyperwallet_faq_9" : "Le Portefeuille électronique Hyperwallet® prend-il en charge le dépôt direct sur mon compte bancaire?",
  "hyperwallet_faq_9_answer" : "Oui. Le dépôt direct est actuellement pris en charge dans près de 50 pays.",
  "i_agree" : "J’accepte",
  "if_diferent_from_above" : "En cas de différence par rapport à ce qui précède",
  "in_transit" : "En transit",
  "inbox" : "Boîte de réception",
  "income_disclosure_statement" : "Déclaration de revenus",
  "individual_items" : "Articles uniques",
  "interior_number" : "Interior number (floor, suite, building)",
  "international_product_import_fee" : "Frais d’importation de produits internationaux",
  "international_promoters" : "Promoteurs internationaux",
  "international_w9_fields_error" : "Une erreur s’est produite lors de la mise à jour de votre compte, veuillez contacter le service d’assistance.",
  "international_w9_fields_info" : "Complétez les champs ci-dessous pour configurer les Informations concernant le compte E-Portefeuille",
  "invalid_card" : "Carte non valide",
  "items" : "Articles",
  "its_go_time_video" : "Vidéo de lancement",
  "join_date" : "Date d’adhésion",
  "join_url" : "URL d’inscription",
  "joined_on" : "Inscrit le",
  "language" : "Langue",
  "language_settings" : "Paramètres de langue",
  "larger_orders_description" : "Pour les commandes plus importantes, veuillez envoyer un courriel à l’adresse {0}.",
  "last_name" : "Nom de famille",
  "launch_plan" : "Plan de lancement 10-4-2",
  "launch_plan_info" : "Découvrez les principales étapes qui vous permettront de développer votre activité QuiAri à des niveaux inimaginables.",
  "lead_capture_link" : "Lien vers la page de collecte de prospects",
  "left" : "Gauche",
  "left_bottom" : "Bas, Côté gauche",
  "left_leg" : "Branche Gauche",
  "left_placement_description" : "Si l’option de placement GAUCHE est sélectionnée, tous les Promoteurs parrainés personnellement seront placés dans la prochaine position disponible au bas et en dehors de la branche gauche.",
  "leg_count" : "Nombre de branches",
  "legal" : "Légales",
  "lesser_leg_volume" : "Lesser Leg Volume",
  "lesser_volume_leg" : "Lesser Volume Leg",
  "lifestyle" : "Lifestyle",
  "lifestyle_bonus" : "Lifestyle Bonus",
  "limit_product" : "Limite de {amount} Articles par commande",
  "list_account_numbers" : "Liste des numéros de compte",
  "live_opp_pres_english" : "Mardi 11 heures, 20 heures EST\nJeudi 20 heures EST\nSamedi 11 heures EST\nDimanche 20 heures EST",
  "live_opp_pres_french" : "Lundi, mercredi, vendredi et samedi à 15 heures EST",
  "live_opp_pres_german" : "Mardi et jeudi 14 heures EST",
  "live_opp_pres_hindi" : "Lundi, mardi, jeudi, vendredi, samedi 10 heures EST",
  "live_opp_pres_kannada" : "Lundi, mercredi, vendredi 11h30 EST / 21h IST",
  "live_opp_pres_south_africa" : "Jeudi 13:00 EST",
  "live_opp_pres_spanish" : "Lundi, mercredi et vendredi\n10 HEURES EST\n10 HEURES EST",
  "live_opp_pres_vietnamese" : "Lundi et mercredi 8h30 EST",
  "live_opportunity_presentations" : "Invitez vos prospects à assister à nos présentations d’opportunités en DIRECT, qui ont lieu tous les jours dans plusieurs langues.",
  "live_opportunity_presentations_title" : "Présentations d’opportunités en DIRECT",
  "live_presentation_schedules" : "Programme des présentations en direct",
  "live_purple_diamond_english" : "Mardi 20h30 EST Samedi 15h EST",
  "live_purple_diamond_french" : "Samedi 13 heures EST",
  "live_purple_diamond_guide_training_title" : "Formation en DIRECT sur le guide du Purple Diamond",
  "live_purple_diamond_guide_trainings" : "Invitez les promoteurs à assister à nos formations EN DIRECT sur le guide du Purple Diamond, qui ont lieu tous les jours dans plusieurs langues.",
  "live_purple_diamond_hindi" : "Mercredi 10 heures EST",
  "live_purple_diamond_spanish" : "Le Mardi et le dimanche à 20 heures EST",
  "live_purple_diamond_vietnamese" : "Vendredi 8h30 EST",
  "llc_c_corporation" : "Société C",
  "llc_proprietary" : "Propriétaire",
  "llc_s_corporation" : "Société S",
  "llc_tax_classification" : "Classification Fiscale des SARL",
  "location" : "Localisation",
  "log_out" : "Se déconnecter",
  "login" : "S’identifier",
  "love" : "LOVE",
  "mailing_address" : "Adresse postale",
  "make_this_my_default_address" : "En faire mon adresse par défaut",
  "make_this_my_default_payment_method" : "En faire mon mode de paiement par défaut",
  "manage_autodelivery" : "Gérer l’AutoDelivery",
  "maqui" : "Maqui",
  "matching_bonus" : "Matching Bonus",
  "medical_and_drug_claims" : "QuiAri - Réclamations médicales et pharmaceutiques",
  "member_id" : "Identifiant du membre",
  "message" : "Message",
  "mobile" : "Notifications mobiles",
  "month" : "Mois | Mois",
  "my_account" : "Mon compte",
  "my_addresses" : "Mes adresses",
  "my_autodelivery" : "Mon AutoDelivery",
  "my_cart" : "Mon panier",
  "my_customers" : "Mes client(e)s",
  "my_notifications" : "Mes notifications",
  "my_order" : "Ma commande",
  "my_payment_methods" : "Mes méthodes de paiement",
  "my_profile" : "Mon profil",
  "my_promoter" : "Mon promoteur",
  "my_promoters" : "Mes promoteurs",
  "my_ranks" : "Mes rangs",
  "my_shipping_addresses" : "Mes adresses de livraison",
  "my_team" : "Mon équipe",
  "my_vouchers" : "Mes bons d’achat",
  "name" : "Nom",
  "name_on_card" : "Nom sur la carte",
  "need_help" : null,
  "new" : "NOUVEAU",
  "new_message" : "Nouveau message",
  "new_password" : "Nouveau mot de passe",
  "next" : "Suivant",
  "no" : "Pas",
  "no_autodelivery" : "Pas d’AutoDelivery",
  "no_commission_during_this_period" : "Vous n’avez pas gagné de rangs de commission pendant cette période.",
  "no_commissions_earned" : "Vous n’avez pas encore gagné de commissions.",
  "no_payment_method_selected" : "Aucun mode de paiement sélectionné",
  "no_ranks_earned_during_this_period" : "Aucun rang n’a été atteint au cours de cette période",
  "no_recognition_ranks_during_this_period" : "Vous n’avez pas gagné de rangs de commission pendant cette période.",
  "no_shipping_address_selected" : "Aucune adresse de livraison sélectionnée",
  "no_tracking_information_available" : "Aucune information de suivi disponible",
  "no_volume_earned_during_this_period" : "Aucun volume généré pendant cette période",
  "non_qualified" : "Non éligible",
  "not_applicable" : "Sans objet",
  "notification_preferences" : "Préférences de notification",
  "notifications_autodelivery_emails" : "Recevoir les mises à jour concernant Auto-delivery par courriel",
  "notifications_rank_advancement_emails" : "Recevoir les courriels relatifs aux promotions de rang",
  "notifications_user_joined_emails" : "Recevoir des courriels de clients/promoteurs joints",
  "num_months" : "{{amount}} Mois",
  "only_autodelivery" : "AutoDelivery uniquement",
  "oops" : "Oups!",
  "open" : "Ouvrir",
  "opportunity" : "Opportunité",
  "opportunity_presentation" : "Présentation d’opportunité",
  "opportunity_presentation_speaker_notes" : "Notes de l’orateur sur la présentation de l’opportunité",
  "optional" : "facultatif",
  "order_date" : "Date de la Commande",
  "order_details" : "Détails de la Commande",
  "order_history" : "Historique des Commandes",
  "order_id" : "Identifiant de la Commande",
  "order_now" : "Lancer la Commande",
  "order_num" : "Commande #",
  "order_number" : "commande #{id}",
  "order_placed_on" : "Effectuée le {date}",
  "order_summary" : "Résumé de la commande",
  "order_tracking" : "Suivi des commandes",
  "ordering_shipping_and_returns" : "Commande, expédition et retours",
  "ordering_shipping_and_returns_faq_1" : "QuiAri expédie-t-elle ses produits dans le monde entier?",
  "ordering_shipping_and_returns_faq_1_answer" : "Absolument. Nous expédions nos produits pratiquement PARTOUT dans le monde.",
  "ordering_shipping_and_returns_faq_2" : "Quand recevrai-je mes produits QuiAri?",
  "ordering_shipping_and_returns_faq_2_answer" : "Votre commande quitte notre entrepôt dans un délai de 1 à 2 jours ouvrables. Afin de garantir que vos produits arrivent dans les meilleurs délais, nous faisons appel à plusieurs prestataires de services d’expédition dans le monde entier. Les délais d’expédition varient entre 3 et 10 jours ouvrables. Si vous avez des questions concernant le suivi de votre commande, veuillez contacter notre équipe d’assistance à l’adresse suivante",
  "ordering_shipping_and_returns_faq_3" : "Quelle est votre politique de retour?",
  "ordering_shipping_and_returns_faq_3_answer_1" : "QuiAri offre une politique de retour de 30 jours, à compter de la date de commande, sur les produits vendus à tous les Promoteurs et Clients. Les produits non ouverts et en état de revente seront remboursés à 100 % du prix d’achat initial, moins 10 % de frais de restockage.",
  "ordering_shipping_and_returns_faq_3_answer_2" : "Les produits ouverts, partiellement utilisés ou endommagés seront remboursés à hauteur de 50 % du prix d’achat initial. Les frais d’expédition et de manutention, les droits de douane et autres taxes ne seront pas remboursés en cas de retour. Consultez nos Politiques et procédures pour plus d’informations concernant notre politique de retour.",
  "ordering_shipping_and_returns_faq_3_answer_3" : null,
  "ordering_shipping_and_returns_faq_4" : "QuiAri permet-il l’échange de produits?",
  "ordering_shipping_and_returns_faq_4_answer" : "Nous n’acceptons aucun échange de produits.",
  "ordering_shipping_and_returns_faq_5" : "Que se passe-t-il si mes produits arrivent endommagés?",
  "ordering_shipping_and_returns_faq_5_answer_1" : "Le société de transport est responsable des dommages qui surviennent pendant le transport. Le client qui reçoit des marchandises endommagées doit suivre cette procédure :",
  "ordering_shipping_and_returns_faq_5_answer_2" : "Accepter la livraison",
  "ordering_shipping_and_returns_faq_5_answer_3" : "Documenter les dommages",
  "ordering_shipping_and_returns_faq_5_answer_4" : "Déposer une réclamation auprès de la société de transport",
  "ordering_shipping_and_returns_faq_5_answer_5" : "Informer le service d’assistance de QuiAri ({0}) dans les 24 heures.",
  "ordering_shipping_and_returns_faq_6" : "Quels sont les tarifs et les délais de livraison de QuiAri?",
  "ordering_shipping_and_returns_faq_6_answer" : "Le société de transport est responsable des dommages qui surviennent pendant le transport. Les Promoteurs ou les Clients qui reçoivent des marchandises endommagées doivent suivre cette procédure :",
  "orders" : "Commandes",
  "other" : "Autre",
  "p65_site" : "www.P65Warnings.ca.gov",
  "packages" : "Packages",
  "paid_on" : "Payé le",
  "password" : "Mot de passe",
  "password_updated" : "Votre mot de passe a été mis à jour!",
  "payment" : "Paiement",
  "payment_issue" : "Un problème est survenu lors du paiement.",
  "payment_method" : "Méthode de paiement",
  "payment_method_instructions" : "Entrez les informations ci-dessous pour ajouter ce mode de paiement.",
  "payment_method_required" : "Mode de paiement obligatoire",
  "payment_method_required_description" : "Un mode de paiement doit être sélectionné",
  "personally_sponsored_rank_history" : "Historique des rangs de parrainage",
  "phone_number" : "Numéro de téléphone",
  "placed_on" : "Effectué le",
  "placing_order" : "Commande en cours...",
  "policies_and_procedures" : "Politiques et procédures",
  "postal_code" : "Code Postal",
  "prepaid_autodelivery" : "AutoDelivery prépayée",
  "prepaid_autodelivery_description" : "AutoDelivery prépayée est un programme de livraison mensuel proposé par QuiAri. Tout comme un service d’abonnement, AutoDelivery prépayée est conçu pour offrir aux clients et aux promoteurs le confort d’avoir leurs produits QuiAri préférés livrés automatiquement chaque mois. Voici une excellente nouvelle : la livraison automatique prépayée vous permet d’économiser 10 à 12 % de plus chaque mois.",
  "prepaid_months_remaining" : "{amount} Mois prépayés restants",
  "prepaid_no_refund_description" : null,
  "previous" : "Précédent",
  "previous_month_rank" : "Rang du mois précédent",
  "price" : "Prix",
  "primary" : "Primaire",
  "primary_address" : "Primary Address",
  "prime_gel_description" : "Comprend : 1 boîte de Prime Gel (30 portions)",
  "prime_gel_only_packs" : "Packs de prime-gel uniquement",
  "priority_shipping" : "Expédition prioritaire",
  "product" : "produit",
  "product_brochure" : "Brochure du produit",
  "product_day_supply" : "{num} Jour Approvisionnement",
  "product_launch_plan_booklet" : "Plan de lancement 10-4-2 (livret)",
  "product_month_supply" : "{num} Provision d’un mois",
  "product_pdfs" : "PDF du produit",
  "products" : "Produits",
  "products_faq_1" : "Où puis-je trouver plus d’informations sur les produits Quiari?",
  "products_faq_10" : "QuiAri Energy m’aidera-t-il à perdre du poids?",
  "products_faq_10_answer_1" : "Nos ingrédients exclusifs agissent en synergie pour favoriser la perte de poids et aider à stimuler l’énergie.",
  "products_faq_10_answer_2" : "La baie de Maqui est le superfruit numéro 1, contenant jusqu’à 5 fois plus d’antioxydants que n’importe quel autre superfruit. MaquiX® est un extrait biologique super-concentré qui renforce le pouvoir naturel de la baie de maqui.",
  "products_faq_10_answer_3_1" : "Extrait de thé vert",
  "products_faq_10_answer_3_2" : "L’extrait de thé vert peut aider à stimuler la perte de poids lorsqu’il est combiné à de l’exercice et une alimentation saine.",
  "products_faq_10_answer_4_1" : "Mélange Énergétique",
  "products_faq_10_answer_4_2" : "Notre mélange énergétique unique joue un rôle essentiel dans la perte de poids thermogénique, en participant à brûler graisses et calories pour une perte de poids haute performance",
  "products_faq_11" : "Que contient notre mélange énergétique?",
  "products_faq_11_answer_1" : "Notre mélange énergétique est composé d’ingrédients de premier choix, conçus pour aider votre corps à brûler des graisses constamment et de façon optimale.",
  "products_faq_11_answer_2_1" : "Écorce de cannelle",
  "products_faq_11_answer_2_2" : "Aide à réduire les inflammations et participe à la santé digestive",
  "products_faq_11_answer_3_1" : "Piment de Cayenne",
  "products_faq_11_answer_3_2" : "Aide à stimuler le métabolisme, à réduire l’appétit et à améliorer la santé digestive",
  "products_faq_11_answer_4_1" : "Poivre noir",
  "products_faq_11_answer_4_2" : "Contient des antioxydants et favorise l’absorption des nutriments",
  "products_faq_11_answer_5_1" : "Racine de gingembre",
  "products_faq_11_answer_5_2" : "Favorise une bonne digestion et aide à combattre les inflammations",
  "products_faq_12" : "Quelle quantité d’énergie me fournira QuiAri Energy?",
  "products_faq_12_answer" : "QuiAri Energy est le plus sain des remontants! Grâce à notre extrait de grain de café vert, MaquiX™, et à l’extrait de thé vert, QuiAri Energy fournit 150 mg d’énergie naturelle - l’équivalent d’une à deux tasses de café, pour une endurance durable tout au long de la journée!",
  "products_faq_13" : "Combien de portions de QuiAri Energy dois-je prendre?",
  "products_faq_13_answer" : "Chaque bouteille ou sachets à usage unique fournit une réserve de comprimés pour un mois.",
  "products_faq_14" : "Qu’est-ce que le Maqui?",
  "products_faq_14_answer" : "Trouvée uniquement dans les montagnes vierges de la Patagonie chilienne, la baie de maqui est connue depuis des siècles pour ses vertus nourrissantes et bénéfiques pour la santé. Le Maqui fournit jusqu’à 5 fois plus d’antioxydants que n’importe quel autre superfruit connu jusqu’à présent.",
  "products_faq_15" : "Qu’est-ce que le MaquiX™?",
  "products_faq_15_answer" : "QuiAri a collaboré avec le meilleur chercheur en baies de Maqui au monde pour créer MaquiX®, un extrait organique exclusif super-concentré qui multiplie par 10 le pouvoir des baies de Maqui.",
  "products_faq_16" : "Qu’est-ce que le 90-Day Kickstart Challenge?",
  "products_faq_16_answer_1" : "Le 90-Day Kickstart Challenge consiste à changer votre mode de vie en deux étapes. Il est conçu pour vous aider à être et paraître au mieux de votre forme RAPIDEMENT.",
  "products_faq_16_answer_2" : "Étape 1 : Savourez un délicieux QuiAri Shake dès le matin",
  "products_faq_16_answer_3" : "Étape 2 : Prenez notre supplément QuiAri Energy et bénéficiez de l’énergie dont vous avez besoin tout au long de la journée.",
  "products_faq_16_answer_4" : "Et voilà, le défi est relevé. Au bout de 90 jours seulement, votre santé et votre énergie atteindront de nouveaux sommets.",
  "products_faq_17" : "Puis-je utiliser les produits QuiAri si je suis malade ou si je prends des médicaments?",
  "products_faq_17_answer" : "Si vous souffrez d’une maladie ou si vous prenez des médicaments, veuillez consulter votre médecin avant d’utiliser les produits QuiAri.",
  "products_faq_18" : "Que puis-je dire concernant les produits lorsque je fais la promotion de QuiAri?",
  "products_faq_18_answer" : "Voir {0}",
  "products_faq_19" : "Puis-je acheter des produits QuiAri sans numéro d’identification du Promoteur?",
  "products_faq_19_answer" : "Vous avez besoin d’un numéro d’identification du Promoteur référant pour acheter des produits. Si le promoteur qui vous a orienté vers QuiAri ne vous a pas communiqué son numéro, veuillez le contacter directement. Vous n’avez pas d’identifiant de promoteur? Contactez {0} pour toute assistance concernant votre commande.",
  "products_faq_1_answer" : "Veuillez consulter nos {0} pour plus d’informations concernant tous les produits QuiAri.",
  "products_faq_2" : "Quand devrais-je boire QuiAri Shake?",
  "products_faq_20" : "Et si j’aime tellement les produits QuiAri que je veux devenir un promoteur QuiAri?",
  "products_faq_20_answer" : "Devenir Promoteur, c’est très facile. Il suffit de s’inscrire GRATUITEMENT dans votre portail client. Aussitôt, vous recevrez tout ce dont vous avez besoin pour commencer à développer votre activité QuiAri : site web marketing auto-reproductible, portail, application mobile, et bien plus encore.",
  "products_faq_21" : "Comment utiliser les produits?",
  "products_faq_21_answer_1" : "Étape 1 : Savourez un délicieux QuiAri Shake dès le matin",
  "products_faq_21_answer_2" : "Étape 2 : Prenez notre supplément 1-2 QuiAri Energy et ayez toute l’énergie dont vous aurez besoin pour attaquer votre journée",
  "products_faq_21_answer_3" : "Étape 3 : Prenez 1-2 délicieux sachets de gel tout au long de votre journée. Juste déchirer et siroter!",
  "products_faq_22" : "Combien coûtent les nouveaux Packs Promoteurs et qu’est-ce qu’ils contiennent?",
  "products_faq_22_answer_1" : "Les nouveaux Packs Promoteurs sont les suivants :",
  "products_faq_22_answer_10" : "4 sachets de QuiAri Shake et 4 bouteilles de QuiAri Energy",
  "products_faq_22_answer_11" : "7 Pack : 1199 USD (500 SV) Meilleur rapport qualité/prix!",
  "products_faq_22_answer_12" : "6 mois de Speed Bonuses ILLIMITÉS",
  "products_faq_22_answer_13" : "7 sachets de QuiAri Shake et 7 bouteilles de QuiAri Energy",
  "products_faq_22_answer_14" : "",
  "products_faq_22_answer_15" : "",
  "products_faq_22_answer_16" : "",
  "products_faq_22_answer_17" : "",
  "products_faq_22_answer_18" : "",
  "products_faq_22_answer_19" : "",
  "products_faq_22_answer_2" : "1 pack : 125 USD (75 SV)",
  "products_faq_22_answer_20" : "",
  "products_faq_22_answer_21" : "",
  "products_faq_22_answer_22" : "",
  "products_faq_22_answer_23" : "",
  "products_faq_22_answer_24" : "",
  "products_faq_22_answer_25" : "",
  "products_faq_22_answer_26" : "",
  "products_faq_22_answer_27" : "",
  "products_faq_22_answer_3" : "1 mois de Speed Bonuses ILLIMITÉS",
  "products_faq_22_answer_4" : "1 sachet de QuiAri Shake et 1 bouteille de QuiAri Energy",
  "products_faq_22_answer_5" : "2 pack : 250 USD (150 SV)",
  "products_faq_22_answer_6" : "2 mois de Speed Bonuses ILLIMITÉS",
  "products_faq_22_answer_7" : "2 sachets de QuiAri Shake et 2 bouteilles de QuiAri Energy",
  "products_faq_22_answer_8" : "4 pack : 500 USD (300 SV)",
  "products_faq_22_answer_9" : "3 mois de Speed Bonuses ILLIMITÉS",
  "products_faq_23" : "Les Speed Bonuses sont-elles disponibles à chaque fois que je commande un ensemble de produits?",
  "products_faq_23_answer_1" : "Les Speed Bonus ne sont offerts que lors du premier achat d’un ensemble de produits.",
  "products_faq_23_answer_2" : "Vous disposez d’un an à compter de la date d’achat pour utiliser vos bons.",
  "products_faq_23_answer_3" : "Veuillez noter que le montant du bon d’achat ne s’applique pas au coût du passage à la portion individuelle, aux frais d’expédition, à la taxe sur les ventes, à la TVA ou aux frais d’importation internationale. Le promoteur doit les payer au moment où il les échange sur le portail du promoteur QuiAri.",
  "products_faq_23_answer_4" : "",
  "products_faq_24" : "Qu’est-ce que QuiAri Prime?",
  "products_faq_24_answer_1" : "Notre Prime Gel est un délicieux mélange d’ingrédients brevetés et scientifiquement prouvés, choisis spécifiquement pour leurs niveaux d’antioxydants anti-âge très puissants, leur profil nutritionnel et leur goût alléchant. En plus des baies de Maqui, du MaquiX®, du S.O.D., du Resvératrol et du Ptérostilbène (notre mélange Youth X), notre Prime Gel est renforcé par des extraits d’aloe vera, de pépins de raisin et de thé vert pour une réparation puissante des dommages causés par les radicaux libres, une protection des cellules contre les dommages futurs et l’inversion des signes du vieillissement.",
  "products_faq_25" : "Comment dois-je prendre Prime?",
  "products_faq_25_answer_1" : "Juste déchirer et siroter! Prenez 1-2 délicieux sachets de gel tout au long de votre journée.",
  "products_faq_2_answer" : "Buvez QuiAri Shake au réveil, pour bien démarrer votre journée!",
  "products_faq_3" : "Boire QuiAri Shake m’aidera-t-il à perdre du poids?",
  "products_faq_3_answer_1" : "QuiAri Shake est composé de différents ingrédients qui contribuent à la perte de poids :",
  "products_faq_3_answer_2" : "La baie de Maqui est le superfruit numéro 1, contenant jusqu’à 5 fois plus d’antioxydants que n’importe quel autre superfruit. MaquiX® est un extrait biologique super-concentré qui renforce le pouvoir naturel de la baie de Maqui.",
  "products_faq_3_answer_3" : "Enrichi en lactosérum, QuiAri Shake contient 16 g de protéines par portion, ce qui vous permet de réduire votre appétit et de contrôler votre poids, et bien plus encore!",
  "products_faq_4" : "Combien de calories contient QuiAri Shake?",
  "products_faq_4_answer" : "QuiAri Shake contient seulement 120 calories par portion.",
  "products_faq_5" : "QuiAri Shake est-il sans gluten?",
  "products_faq_5_answer" : "Oui, Quiari Shake est sans gluten.",
  "products_faq_6" : "Est-ce que QuiAri Shake contient des sucres ajoutés?",
  "products_faq_6_answer" : "QuiAri Shake ne contient AUCUN sucre ajouté.",
  "products_faq_7" : "Combien de portions y a-t-il dans chaque paquet de QuiAri Shake?",
  "products_faq_7_answer" : "Chaque paquet contient 28 portions, soit une réserve d’un mois de QuiAri Shake.",
  "products_faq_8" : "Quels sont les légumes verts utilisés dans le mélange de légumes verts?",
  "products_faq_8_answer" : "QuiAri Shake est composé de légumes verts riches pour vous aider à contrôler votre poids et stimuler votre métabolisme.",
  "products_faq_8_answer_1_1" : "Épinards",
  "products_faq_8_answer_1_2" : "Favorise un vieillissement en bonne santé et aide à réguler la tension artérielle",
  "products_faq_8_answer_2_1" : "Chlorelle",
  "products_faq_8_answer_2_2" : "Favorise un vieillissement sain et renforce le système immunitaire",
  "products_faq_8_answer_3_1" : "Extrait de germes de brocoli",
  "products_faq_8_answer_3_2" : "Favorise la santé de la peau",
  "products_faq_8_answer_4_1" : "Chou frisé",
  "products_faq_8_answer_4_2" : "Favorise la perte de poids, fournit des antioxydants et de la vitamine C",
  "products_faq_8_answer_5_1" : "Luzerne",
  "products_faq_8_answer_5_2" : "Favorise un métabolisme sain",
  "products_faq_8_answer_6_1" : "Spiruline",
  "products_faq_8_answer_6_2" : "Renforce la santé générale grâce à un certain nombre de nutriments et à une teneur élevée en protéines",
  "products_faq_9" : "Quand dois-je prendre QuiAri Energy?",
  "products_faq_9_answer" : "Prenez 1 comprimé deux fois par jour. Buvez au moins 8 verres d’eau par jour. QuiAri Energy est plus efficace lorsqu’il est associé à QuiAri Shake et QuiAri Prime Gel.",
  "profile_name_validation_message" : "Le nom doit comporter au minimum 100 caractères",
  "promoter_details" : "Informations sur le Promoteur/Promotrice",
  "promoter_id" : "Numéro d’identification du Promoteur/Promotrice",
  "promoter_package_kickstart_description" : "C’est le choix parfait pour une personne qui veut commencer son Défi Kickstart et qui a assez de produit pour 4 semaines.",
  "promoter_upgrade" : "Votre compte est passé au statut de promoteur.",
  "purple_diamond_guide" : "Purple Diamond Guide",
  "purple_diamond_guide_description" : "Suivez les étapes simples pour atteindre le rang de Purple Diamond",
  "purple_diamond_guide_training_slides" : "Guide de formation gratuite au Purple Diamond",
  "qualifications" : "Qualifications",
  "qualifications_active" : "Actif",
  "qualifications_join_date" : "Date d’adhésion",
  "qualifications_personal_sales_vol" : "Personal Sales Volume",
  "qualifications_previous_month_commission_rank" : "Rang de la Commission du mois Précédent",
  "qualifications_recognition_rank" : "Rang de Reconnaissance",
  "qualifications_speed_bonus_vol" : "Volume de Speed Bonus",
  "qualified" : "Qualifié",
  "quantity" : "Quantité",
  "quiari_medical_and_drug_claims" : "Revendications d’ordre Médical ou Pharmaceutique de QuiAri",
  "quiari_mobile_app" : "Application Mobile QuiAri",
  "quiari_promoter_id" : "Identifiant du Promoteur QuiAri",
  "quiari_swag_description" : "Mettez le PAQUET! Équipez-vous de tout ce dont vous avez besoin pour votre entreprise : Chapeaux, vêtements de sport, gobelets, autocollants pour voitures, et bien plus encore!",
  "quiari_testimonial" : "Témoignage QuiAri",
  "quiari_testimonial_info" : "Remplissez les champs ci-dessous pour partager votre histoire de réussite ou votre message d’inspiration avec d’autres promoteurs de QuiAri!",
  "rank" : "Rang",
  "rank_advancement" : "Avancement Professionnel",
  "rank_and_bonuses" : "Rang et Primes",
  "rank_champion" : "Champion",
  "rank_crown_purple_diamond" : "Crown Purple Diamond",
  "rank_diamond" : "Diamond",
  "rank_grand_purple_diamond" : "Grand Purple Diamond",
  "rank_green_diamond" : "Green Diamond",
  "rank_hero" : "Hero",
  "rank_history" : "Historique des Classements",
  "rank_legend" : "Legend",
  "rank_promoter" : "Promoter",
  "rank_purple_diamond" : "Purple Diamond",
  "rank_qualification" : "Promotions de Rang",
  "rank_qualification_faq_1" : "Comment puis-je atteindre chaque rang?",
  "rank_qualification_faq_1_answer_1" : "Chaque rang requiert un Sales Volume spécifique pour la Lesser Volume Leg au cours du mois de commission.",
  "rank_qualification_faq_1_answer_2" : "Plan d’indemnisation",
  "rank_qualification_faq_2" : "Quelle est la différence entre mon rang de commission et mon rang de reconnaissance?",
  "rank_qualification_faq_2_answer_1" : "Le rang de commission est le rang auquel vous êtes actuellement rémunéré. Il est déterminé en fonction du Sales Volume (SV) et d’autres exigences du plan de rémunération QuiAri au cours d’un mois de commission.",
  "rank_qualification_faq_2_answer_2" : "Le rang de reconnaissance est le rang le plus élevé que vous ayez puissiez atteindre.",
  "rank_qualification_faq_3" : "Quand les rangs de commission sont-ils évalués?",
  "rank_qualification_faq_3_answer" : "À quel moment les rangs des commissions sont-ils évalués? Veuillez noter que notre fin de mois est calculée à minuit, UTC (Coordinated Universal Time).",
  "rank_rising_star" : "Rising Star",
  "rank_rock_star" : "Rock Star",
  "rank_shooting_star" : "Shooting Star",
  "rank_star" : "Star",
  "rank_super_star" : "Super Star",
  "reason" : "Raison",
  "recognition" : "Reconnaissance",
  "recognition_rank" : "Rang de Reconnaissance",
  "recover" : "Récupérer",
  "recover_account" : "Récupérer le Compte",
  "recover_account_description" : "Entrez l’adresse de courriel que vous utilisez pour vous connecter à QuiAri. Un courriel vous sera envoyé à l’adresse fournie pour vous guider dans le processus de récupération.",
  "recover_invalid_email" : "L’adresse de courriel fournie pour cette tentative de récupération est invalide.",
  "recover_max_limit_reached" : "Vous avez atteint le nombre maximale de tentatives de récupération. Veuillez réessayer dans 24 heures.",
  "recover_successful" : "Un courriel vous a été envoyé contenant les instructions pour réinitialiser votre mot de passe.",
  "redeem_now" : "Échangez Maintenant",
  "redeem_voucher" : "Validez le Bon d’achat",
  "redeemable_on" : "Remboursable le",
  "redeemed_on" : "Remboursé le",
  "refund" : "Remboursement",
  "refund_processed" : "Remboursement effectué le {date} pour {amount}",
  "remove" : "Supprimer",
  "remove_all" : "Tout Supprimer",
  "reorder" : "Renouveler la commande",
  "reports" : "Rapports",
  "required" : "Obligatoire",
  "reset" : "Réinitialiser",
  "resources" : "Ressources",
  "results" : "Résultats",
  "review_order" : "Vérification de la commande",
  "review_order_8" : "Vérification du Total",
  "review_package" : null,
  "review_products" : null,
  "right" : "Droite",
  "right_bottom" : "Bas, Côté droit",
  "right_leg" : "Branche Droite",
  "right_placement_description" : "Si l’option de placement DROITE est sélectionnée, tous les Promoteurs parrainés personnellement seront placés dans la prochaine position disponible au bas et en dehors de la branche droite.",
  "sales" : "Ventes",
  "sales_receipt" : "Facture",
  "sales_reciept" : "Facture",
  "sales_volume" : "Sales Volume",
  "sales_volume_amount" : "{amount} Sales Volume",
  "sales_volume_left" : "Sales Volume de Gauche",
  "sales_volume_right" : "Sales Volume de Droite",
  "sample_cards" : "Modèles de cartes",
  "sampler_pack_description" : "Comprend une réserve de 5 jours de QuiAri Shake ( pochette) et QuiAri Energy (sachet) pour usage personnel.",
  "save" : "SAUVEGARDER {amount}",
  "save_autodelivery" : "Sauvegarder AutoDelivery",
  "save_changes" : "Enregistrer les Modifications",
  "savings" : "Économies ({amount}%)",
  "search" : "Recherche",
  "search_error" : "Erreur lors de la Recherche",
  "see_instructions" : "Voir les instructions",
  "select" : "Sélectionnez",
  "select_a_country_to_view_options" : "Sélectionnez un pays pour voir les options",
  "select_card" : "Sélectionnez une Carte",
  "select_language" : "Sélectionnez une Langue",
  "select_payment_type" : "Sélectionnez un Mode de Paiement",
  "select_preferred_payment_method" : "Sélectionnez le Mode de Paiement Préféré",
  "select_products" : "Sélectionnez les Produits",
  "self_replication_prefix" : "Préfixe de Réplication",
  "self_replication_prefix_description" : "Le préfixe de réplication est utilisé pour déterminer l’URL de votre site web. Par exemple, si votre préfixe de réplication est « quiarirocks », l’URL du site serait https://quiarirocks.quiari.com.",
  "sent" : "Envoyé",
  "serving_bag" : "{amount} Portion en Sachet",
  "settings" : "Paramètres",
  "setup_ewallet_account" : "Configurez votre Portefeuille électronique",
  "shake_chocolate_description" : "Comprend : 1 sachet de Chocolate frappé (28 portions)",
  "shake_chocolate_single_description" : "Comprend : 1 sachet de Chocolate Shake (14 portions)",
  "shake_energy_packs" : "Packs de Shake et Energy",
  "shake_energy_prime_packs" : "Packs Shake, Energy, et Prime Gel",
  "shake_vanilla_description" : "Comprend : 1 sachet de Shake à la Vanille (28 portions)",
  "shake_vanilla_single_description" : "Comprend : 1 sachet de Shake à la Vanille (14 portions)",
  "share" : "SHARE",
  "share_using_self_replicated_website" : "Partagez QuiAri en utilisant votre site web personnalisé",
  "shipped_to" : "Expédié à",
  "shipping_Rates_individual_1" : "Articles uniques (commandes de moins de 50 USD)",
  "shipping_Rates_individual_2" : "Articles individuels (commandes au-delà de 50 USD)",
  "shipping_address" : "Adresse de Livraison",
  "shipping_address_and_billing_information" : "Adresse de Livraison et Informations de Facturation",
  "shipping_address_create" : "Créer une nouvelle adresse de livraison",
  "shipping_address_required" : "Adresse de Livraison Obligatoire",
  "shipping_address_required_description" : "Une adresse de livraison doit être sélectionnée",
  "shipping_and_billing_information" : "Informations d’expédition et de facturation",
  "shipping_and_billing_information_description" : "Sélectionnez les adresses de livraison et de facturation, ainsi que votre mode de paiement préféré.",
  "shipping_and_handling" : "Expédition et manutention",
  "shipping_autodelivery" : "Utiliser cette adresse de livraison pour ma prochaine AutoDelivery",
  "shipping_estimate" : "Veuillez prévoir un délai de livraison de 2 à 10 jours ouvrables. Les délais d’expédition varient en fonction de votre localisation.",
  "shipping_information" : "Informations sur l’expédition",
  "shop_now" : "Acheter maintenant",
  "shopping_cart_1" : "Provision pour un mois de QuiAri Shake et QuiAri Energy",
  "showing" : "Montrez",
  "sign_here" : "Signez ici",
  "single_serve_upgrade_description" : "Améliorez votre commande entière en ajoutant des portions uniques pour un supplément de {amount}",
  "social_media_best_practices" : "Social Media Best Practices",
  "social_security_number" : "Numéro de Sécurité Sociale",
  "speed_bonus" : "Speed Bonus",
  "speed_bonus_countdown" : "Compte à rebours du Speed Bonus",
  "sponsor" : "Parrain",
  "sponsor_id" : "Numéro d’identification du Parrain",
  "sponsor_link" : "Lien de Parrainage",
  "sponsor_placement_description" : "Once Placed, Cannot Move as Calculations are made and Paid in Real Time",
  "sponsorship_sign_up" : "S’inscrire au Parrainage",
  "sponsorship_sign_up_description" : "Envoyez ce lien par courriel ou par texto à votre Prospect ou copiez le lien pour remplir la demande vous-même.",
  "sponsorship_sign_up_sponsor_id" : "Si vous n’êtes pas le parrain ou la marraine du prospect, entrez le numéro d’identification du parrain ou de la marraine approprié(e) ci-dessous.",
  "standard_pack_description" : "Comprend : 2 boîtes de Prime Gel 2 sachets de Shake (chocolat ou vanille) 2 bouteilles d’énergie",
  "state_province" : "État/province",
  "store_description" : "Choisissez jusqu’à 5 QuiAri Shake et 5 QuiAri Energy",
  "subject" : "Sujet",
  "submit" : "Soumettre",
  "submit_for_review" : "Soumettre pour évaluation",
  "submitted" : "Soumis",
  "subtotal" : "Sous-total",
  "support" : "Assistance",
  "support_email" : "support{'@'}quiari.com",
  "support_request" : "Demande d’assistance",
  "support_request_text" : "Entrez vos informations ci-dessous et l’un de nos représentants vous répondra dès que possible.",
  "swag_store" : "Magasin de souvenirs",
  "tablet_bottle" : "{amount} flacon de comprimés",
  "tablet_single_serve_packets" : "{amount} portions uniques ({tablet_count} Comprimés)",
  "tax_classification_c_corporation" : "Société C",
  "tax_classification_individual" : "Particulier/indépendant",
  "tax_classification_partnership" : "Partenariat",
  "tax_classification_s_corporation" : "Société S",
  "tax_classification_trust_or_estate" : "Fiducie/Statut",
  "tax_id" : "Numéro d’identification fiscale",
  "tax_payer_identification_number" : "Numéro d’identification du contribuable",
  "taxes" : "Taxes",
  "taxes_and_duties" : "Impôts et taxes",
  "team_commissions" : "Team Commissions",
  "text_copied" : "Texte copié dans le presse-papiers",
  "total" : "Total",
  "total_commissions_summary" : "Récapitulatif du total des commissions",
  "total_personal_sales_volume_by_month" : "Personal Sales Volume total par mois",
  "track_order" : "Suivre la commande",
  "training" : "Formation",
  "try" : "TRY",
  "try_love_share_launch_plan" : "Try. Love. Plan de lancement de Share®",
  "try_love_share_launch_plan_description" : "Démarrez rapidement votre entreprise grâce à notre système d’échantillonnage simple.",
  "type" : "Type",
  "unlimited_speed_bonuses" : "{num} {mois} Speed Bonus illimité",
  "update" : "Mettre à jour",
  "update_address" : "Mettre à jour l’adresse",
  "update_address_info" : "Entrez les informations ci-dessous pour gérer cette adresse.",
  "update_autodelivery" : "Mettre à jour AutoDelivery",
  "update_autodelivery_date" : "Mettre à jour la date d’AutoDelivery",
  "update_password" : "Mettre à jour le mot de passe",
  "update_password_incorrect" : "Vous avez saisi un mot de passe incorrect, veuillez le saisir à nouveau pour continuer.",
  "update_password_not_match" : "Les mots de passe que vous avez saisis ne correspondent pas. Veuillez vérifier et réessayer.",
  "update_password_text" : "Mettez à jour le mot de passe de votre compte pour vous connecter. Elle prend effet immédiatement.",
  "update_payment_method" : "Mettre à jour le mode de paiement",
  "update_payment_method_instructions" : "Saisissez les informations ci-dessous pour gérer ce mode de paiement.",
  "us_based_promoters" : "Promoteurs basés aux États-Unis",
  "vanilla" : "Vanille",
  "verify" : "Vérifier",
  "videos" : "Vidéos",
  "view_cart" : "Voir le panier",
  "view_details" : "Voir les détails",
  "view_international_numbers" : "Voir les numéros internationaux",
  "view_qualifications" : "Voir les qualifications",
  "view_world_wide_shipping_document" : "Pour connaître les délais et les tarifs d’expédition approximatifs, veuillez consulter notre document {0}.",
  "volume" : "Volume",
  "volume_history" : "Historique du volume",
  "volume_history_by_month" : "Historique des volumes du mois en cours",
  "volume_history_by_year" : "Sommaire de l’historique du volume par an",
  "volume_history_summary_by_month" : "Sommaire du volume par mois",
  "volume_history_summary_by_year" : "Sommaire du volume par année",
  "volume_needed_for_next_rank" : "Volume nécessaire pour le prochain rang :",
  "volume_summary_by_month" : "Sommaire du volume par mois",
  "volume_summary_by_year" : "Sommaire du volume par année",
  "w9_and_instructions_pdf" : "Formulaire W-9 et instructions en PDF",
  "w9_certification" : "Certification",
  "w9_certification_1" : "Sous peine de parjure, je certifie que :",
  "w9_certification_2" : "Le numéro indiqué sur ce formulaire est mon numéro d’identification de contribuable exact (ou j’attends qu’un numéro me soit attribué); et",
  "w9_certification_3" : "je ne suis pas assujetti à la retenue d’impôt de réserve parce que :",
  "w9_certification_4" : "Je suis exempté de la retenue d’impôt de réserve, ou",
  "w9_certification_5" : "Je n’ai pas été avisé par l’Internal Revenue Service (IRS) que je suis assujetti à une retenue d’impôt de réserve en raison d’une omission dans la déclaration de tous mes intérêts ou dividendes, ou que",
  "w9_certification_6" : "l’IRS m’a avisé que je ne suis plus assujetti à la retenue d’impôt de réserve; et que",
  "w9_certification_7" : "Je suis citoyen américain ou toute autre personne des États-Unis (tel que défini ci-dessous) ; et que",
  "w9_certification_8" : "Le ou les code(s) FATCA inscrit(s) sur ce formulaire (le cas échéant) indiquant que je suis exempté de la déclaration FATCA est ou sont correct(s).",
  "w9_certification_9" : "Instructions de certification. Vous devez rayer le point 2 ci-dessus si vous avez été avisé par l’IRS que vous êtes actuellement assujetti à une retenue d’impôt de réserve parce que vous avez omis de déclarer tous les intérêts et dividendes dans votre déclaration de revenus. Pour les transactions immobilières, le point 2 ne s’applique pas. En ce qui concerne les intérêts hypothécaires payés, l’acquisition ou l’abandon d’un bien garanti, l’annulation d’une dette, les contributions à un plan de retraite individuel (IRA) et, de manière générale, les paiements autres que les intérêts et les dividendes, vous n’êtes pas tenu de signer l’attestation, mais vous devez fournir votre TIN exact. Voir les instructions relatives à la partie II, figurant plus bas.",
  "w9_form" : "Formulaire W-9 de l’IRS",
  "w9_notice" : "Vous devez remplir le champ obligatoire {0} afin de terminer la procédure d’ouverture de votre compte E-Wallet.",
  "w9_registration_form" : "Formulaire d’inscription W9",
  "w9_submit_error" : "Un problème s’est posé",
  "w9_submit_error_description" : "Une erreur s’est produite. Veuillez réessayer dans quelques minutes.",
  "w9_submitted" : "Formulaire W9 Soumis avec succès",
  "w9_submitted_description" : "Vos informations fiscales W9 ont été soumises avec succès pour examen.",
  "ward" : "Quartier",
  "welcome" : "Bienvenue!",
  "world_wide_shipping_document" : "Document d’expédition internationale",
  "year" : "Année",
  "yearly_commissions_summary" : "Récapitulatif annuel des commissions",
  "yes" : "Oui",
  "your_testimonial" : "Votre avis"
}