{
  "15_gel_boxes_description" : null,
  "1_pack_description" : null,
  "2_pack_description" : null,
  "2_pack_gel_description" : null,
  "3_gel_boxes_description" : null,
  "4_pack_description" : null,
  "4_pack_gel_description" : null,
  "6_gel_boxes_description" : null,
  "8_pack_gel_description" : null,
  "Active" : "Aktif",
  "Cycled" : "Disikluskan",
  "Ending" : "Akhir",
  "New" : "Baru",
  "Starting" : "Memulai",
  "active" : "Aktif",
  "active_cycle_volume" : "Volume Siklus Aktif",
  "active_tripack_description" : "Berisi: 1 Kotak Prime Gel 1 Kantong Curah Shake (Cokelat atau Vanila) 1 Botol Energy",
  "add_address" : "Tambahkan Alamat",
  "add_payment_method" : "Tambahkan Metode Pembayaran",
  "add_shipping_address" : "Tambahkan alamat pengiriman untuk mendapatkan estimasi pesanan",
  "add_to_autodelivery" : "Tambahkan ke AutoDelivery",
  "add_to_cart" : "Tambahkan ke Keranjang",
  "address_instructions" : "Masukkan informasi di bawah untuk menambahkan alamat ini.",
  "address_line_1" : "Baris Alamat 1",
  "address_line_2" : "Baris Alamat 2",
  "all" : "semua",
  "amount" : "Jumlah",
  "are_you_sure_customer_to_promoter" : "Anda yakin ingin menjadi Promotor?",
  "as_shown_on_your_income_tax_return" : "Seperti ditunjukkan di laporan pajak pendapatan Anda",
  "auto" : "Auto",
  "auto_delivery" : "AutoDelivery",
  "auto_placement_description" : "Jika AUTO dipilih, orang pertama yang Anda sponsori akan ditempatkan di kaki yang sama dengan sponsor Anda. Misalnya, Anda ditempatkan di kaki kanan sponsor, orang pertama yang Anda sponsori secara pribadi akan ditempatkan di kaki kanan Anda.",
  "auto_placement_description_2" : "Setiap Promotor baru setelah itu akan ditempatkan di luar kaki yang miliki paling sedikit Sales Volume.",
  "auto_placement_description_3" : "Jika Sales Volume di kedua kaki sama, Promotor baru akan ditempatkan di luar kaki yang memiliki jumlah kaki paling sedikit.",
  "autodelivery_cancel" : "Batalkan AutoDelivery",
  "autodelivery_cancel_error" : "Gagal membatalkan AutoDelivery Anda, hubungi dukungan.",
  "autodelivery_cancel_success" : "Berhasil membatalkan AutoDelivery Anda.",
  "autodelivery_description" : "Hemat 10% sekarang dengan mendaftar untuk AutoDelivery dan produk QuiAri favorit Anda akan dikirim secara otomatis setiap bulan. Anda dapat memperbarui atau mengedit pesanan AutoDelivery kapan saja.",
  "autodelivery_disclaimer" : "AutoDelivery Anda akan diproses secara otomatis dan ditagihkan ke kartu kredit atau debit setiap bulan sampai Anda membatalkan layanan ini. Anda dapat mengedit AutoDelivery dengan membuka ‘Pesanan’ dan mengeklik ‘AutoDelivery Saya’ di menu <i>drop down</i>. Anda dapat membatalkan kapan saja dengan menghubungi Tim Dukungan kami di {email} atau +1-813-413-8120.",
  "autodelivery_faq_1" : "Apakah itu AutoDelivery?",
  "autodelivery_faq_1_answer" : "Pesanan AutoDelivery adalah pengiriman produk bulanan berulang. Dengan mendaftar untuk AutoDelivery, Anda dapat menghemat hingga 35% pembelian produk Anda.",
  "autodelivery_faq_2" : "Dapatkah saya mengedit pesanan AutoDelivery saya?",
  "autodelivery_faq_2_answer" : "Anda dapat mengedit AutoDelivery dengan membuka ‘Pesanan’ dan mengeklik ‘AutoDelivery Saya’ di menu <i>drop down</i>. Pesanan AutoDelivery saya dapat mencakup 5 masing-masing produk - 5 QuiAri Shake dan 5 QuiAri Energy.",
  "autodelivery_faq_3" : "Dapatkah saya membatalkan pesanan AutoDelivery saya?",
  "autodelivery_faq_3_answer" : "Ya, dapat dibatalkan. Untuk membatalkan pesanan AutoDelivery, <i>login</i> ke Portal Anda, klik “Pesanan”, lalu “AutoDelivery Saya”.",
  "autodelivery_faq_4" : "Bagaimana cara mendapatkan AutoDelivery saya secara gratis setiap bulan?",
  "autodelivery_faq_4_answer_1" : "Anda harus menggunakan AutoDelivery dengan setidaknya 50 SV (Sales Volume)",
  "autodelivery_faq_4_answer_2" : "Anda harus memiliki 2 Pelanggan Sponsor Pribadi di AutoDelivery dalam 30 hari terakhir dengan pesanan yang menghasilkan 50 SV atau lebih.",
  "autodelivery_faq_4_answer_3" : "Anda sekarang memenuhi syarat untuk mendapatkan produk GRATIS!",
  "autodelivery_faq_4_answer_4" : "Setelah semua kriteria terpenuhi, sistem QuiAri meninjau pesanan AutoDelivery Pelanggan Anda yang menghasilkan 50 SV atau lebih dalam 30 hari terakhir dan mengambil rata-rata totalnya. Hasilnya adalah kredit produk yang akan Anda terima. Perlu diingat bahwa total kredit produk tidak boleh melebihi $118,80 USD, dan tidak berlaku untuk pengiriman, cukai, PPN, atau biaya produk internasional apa pun yang berlaku.",
  "autodelivery_faq_5" : "Dapatkah saya mengubah tanggal atau membatalkan pesanan AutoDelivery saya? ",
  "autodelivery_faq_5_answer" : "Ya, dapat diubah dan dibatalkan. Untuk mengubah tanggal atau membatalkan pesanan AutoDelivery, <i>login</i> ke Portal Anda, klik “Pesanan”, lalu “AutoDelivery Saya”.",
  "autodelivery_faq_6" : "Bagaimana cara kerja AutoDelivery Prabayar?",
  "autodelivery_faq_6_answer" : "Buka “Pesanan” di Bilah Navigasi dan pilih “AutoDelivery Saya”. Anda dapat memilih untuk membayar AutoDelivery di muka untuk periode 3, 6, atau 9 bulan dan menghemat hingga 12% dari total pesanan produk Anda. AutoDelivery Prabayar Anda akan diproses dan ditagihkan ke kartu kredit atau debit hari ini untuk layanan bulanan. AutoDelivery Prabayar tidak berhak atas pengembalian atau pengembalian dana di luar Kebijakan Pengembalian 30 Hari dari tanggal AutoDelivery Prabayar ditetapkan. Volume AutoDelivery Prabayar bulanan Anda akan bersiklus setiap 30 hari sampai AutoDelivery tersebut kedaluwarsa. Perlu diingat bahwa Anda harus membayar di muka produk Anda untuk 3,6, atau 9 bulan untuk menerima AutoDelivery Prabayar. Anda akan menerima email ketika tiba saatnya untuk memperpanjang AutoDelivery Prabayar Anda. Perlu diingat bahwa AutoDelivery Prabayar tidak diperpanjang secara otomatis. Anda harus masuk ke Portal (ke “Pesanan” di Bilah Navigasi) dan mengulangi proses mendaftar untuk AutoDelivery Prabayar.",
  "autodelivery_faq_7" : "Apakah dana AutoDelivery Prabayar dapat dikembalikan dan dapatkah saya melakukan perubahan setelah diproses?",
  "autodelivery_faq_7_answer" : "Dana AutoDelivery Prabayar tidak dapat dikembalikan. Produk Anda memenuhi syarat untuk pengembalian berdasarkan Kebijakan Pengembalian 30 Hari standar kami. Setelah AutoDelivery Prabayar diproses, perubahan tidak dapat dilakukan pada pesanan, jangka waktu, atau tanggal AutoDelivery.",
  "autodelivery_header_1" : "AutoDelivery berikutnya dijadwalkan untuk",
  "autodelivery_header_2" : "Jika Anda ingin membatalkan AutoDelivery, hubungi dukungan atau klik tombol ‘Batalkan AutoDelivery’.",
  "autodelivery_modify_payment_description" : null,
  "autodelivery_totals" : null,
  "back_to_shipping" : "Kembali ke Pengiriman",
  "bag" : "kantong",
  "basic_pack_description" : "Berisi: 1 Kotak Prime Gel 1 Kantong Curah Shake (Cokelat atau Vanila) 1 Botol Energy",
  "become_a_promoter" : "Menjadi Promotor",
  "billing_address" : "Alamat Penagihan",
  "billing_email_address" : "Alamat Email Penagihan",
  "binary_leg" : "Kaki Biner",
  "binary_placement_options" : "Opsi Penempatan Biner",
  "binary_placement_update_description" : "Penempatan biner default Anda telah diperbarui ke {placement}. Setiap promotor baru yang mendaftar akan ditempatkan sesuai dengan pengaturan baru ini.",
  "binary_placement_updated" : "Penempatan Biner Diperbarui",
  "bonus_product" : "{num} {month} Produk Bonus",
  "bonus_product_body" : "Kabar Gembira – Voucher Produk Bonus* akan tersedia untuk ditukarkan di sini dalam 30 hari setelah pembelian awal. Jumlah Voucher yang akan Anda terima ditentukan oleh Paket Promotor yang Anda beli. Jika ada pertanyaan, hubungi ",
  "bonus_product_disclaimer" : "*Satu Voucher = Persediaan 1 bulan QuiAri Shake dan QuiAri Energy, dan hanya satu voucher yang dapat digunakan per bulan. Opsi satu sajian akan tersedia setelah penukaran dengan biaya tambahan. Harga tidak termasuk pengiriman, cukai, PPN, atau biaya impor produk internasional yang berlaku.",
  "bonus_product_title" : "Produk Bonus",
  "bonus_product_voucher" : "Voucher Produk Bonus",
  "bonuses" : "Bonus",
  "both" : "Keduanya",
  "bottle" : "botol",
  "bug_report" : "Laporan Bug",
  "builder_pack_description" : "Berisi: 4 Kotak Prime Gel 4 Kantong Curah Shake (Cokelat atau Vanila) 4 Botol Energy",
  "business_name" : "Nama Bisnis / Nama Tanpa Memandang Entitas",
  "cancel" : "Batalkan",
  "capped" : "Dibatasi",
  "card_number" : "Nomor Kartu",
  "carrier" : "Carrier",
  "carrier_tracking_number" : "Nomor Pelacakan Carrier",
  "change_password" : "Ubah Kata Sandi",
  "change_primary_address" : null,
  "change_product_selection" : "Ubah Pilihan Produk",
  "checkout" : "Checkout",
  "checkout_autodelivery_discount" : "10% Diskon AutoDelivery",
  "checkout_estimated_shipping_and_handling" : "Pengiriman & Penanganan",
  "checkout_review_order" : "Tinjau Pesanan",
  "checkout_shipping_estimate" : "(Perlu waktu {min}-{max} Hari Kerja untuk pengiriman)",
  "checkout_tax" : "Pajak",
  "chocolate" : "Cokelat",
  "choose_individual_products" : "Pilih Produk Satuan",
  "choose_option_below" : "Pilih Opsi di Bawah",
  "choose_package_items_total" : "(Pilih {amount} total)",
  "choose_products" : null,
  "city" : "Kota",
  "click_link_for_schedule" : "Klik tautan untuk melihat jadwal.",
  "click_to_download" : "Klik untuk Mengunduh",
  "close" : "Tutup",
  "commission" : "Komisi",
  "commission_history" : "Riwayat Komis",
  "commission_rank" : "Peringkat Komisi",
  "commission_rank_history" : "Riwayat Peringkat Komisi",
  "commissions" : "Komisi",
  "commissions_faq_1" : "Apa itu Team Commission?",
  "commissions_faq_10" : "Bagaimana cara mendapatkan Fast Start Bonus?",
  "commissions_faq_10_answer_1" : "Promotor mendapatkan Fast Start Bonus hingga $200 USD atas setiap pesanan Paket Produk Promotor Sponsor Pribadi.\n",
  "commissions_faq_10_answer_2" : "1 Paket - $20 USD",
  "commissions_faq_10_answer_3" : "2 Paket - $40 USD",
  "commissions_faq_10_answer_4" : "4 Paket - $80 USD",
  "commissions_faq_10_answer_5" : "10 Paket - $200 USD",
  "commissions_faq_10_answer_6" : "QuiAri Shake (28 Hari) - $7,50 USD",
  "commissions_faq_10_answer_7" : "QuiAri Shake (14 Hari) - $3,75 USD",
  "commissions_faq_10_answer_8" : "QuiAri Energy - $3,75 USD",
  "commissions_faq_10_answer_9" : "Sampel 5 Hari - $1,50 USD",
  "commissions_faq_11" : "Bagaimana cara mendapatkan Matching Bonus?",
  "commissions_faq_11_answer" : "Seiring naiknya peringkat, QuiAri memberi Anda penghargaan dengan Matching Bonus karena melatih dan mengembangkan tim. Dapatkan hingga 80% Team Commission yang didapat pada level 1-7 dari lini sponsor pribadi Anda, berdasarkan peringkat pengakuan Anda.",
  "commissions_faq_12" : "Bagaimana cara mendapatkan Lifestyle Bonus?",
  "commissions_faq_12_answer_1" : "Anda harus memenuhi kualifikasi dan bonus diberikan berdasarkan peringkat komisi dalam 30 hari sebelumnya. Untuk peringkat Hero - Legend, kami memperhatikan Group Sales Volume pada tanggal satu setiap bulannya, dan membayarkannya pada tanggal 15. Untuk peringkat Diamond - Purple Diamond, kami mengevaluasi 2 bulan sebelumnya.",
  "commissions_faq_12_answer_2" : "Hero: $500 USD",
  "commissions_faq_12_answer_3" : "Legend: $1.000 USD",
  "commissions_faq_12_answer_4" : "Diamond: $1.500 USD",
  "commissions_faq_12_answer_5" : "Green Diamond: $2.500 USD",
  "commissions_faq_12_answer_6" : "Purple Diamond: $5.000 USD/minggu",
  "commissions_faq_12_answer_7" : "Grand Purple Diamond: $6,000 USD",
  "commissions_faq_12_answer_8" : "Crown Purple Diamond: $7,500 USD",
  "commissions_faq_13" : "Bagaimana cara mendapatkan Speed Bonus?",
  "commissions_faq_13_answer_1" : "Paket Shake & Energy Saja",
  "commissions_faq_13_answer_10" : "Paket Produk",
  "commissions_faq_13_answer_11" : "8 Paket: 60 Hari untuk mendapatkan Speed Bonus tanpa batas",
  "commissions_faq_13_answer_12" : "4 Paket: 30 Hari untuk mendapatkan Speed Bonus tanpa batas",
  "commissions_faq_13_answer_13" : "2 Paket: 14 Hari untuk mendapatkan Speed Bonus tanpa batas",
  "commissions_faq_13_answer_2" : "Paket Pendiri: 90 Hari untuk mendapatkan Speed Bonus tanpa batas",
  "commissions_faq_13_answer_3" : "4 Paket: 60 Hari untuk mendapatkan Speed Bonus tanpa batas",
  "commissions_faq_13_answer_4" : "2 Paket: 30 Hari untuk mendapatkan Speed Bonus tanpa batas",
  "commissions_faq_13_answer_5" : "1 Paket: 14 Hari untuk mendapatkan Speed Bonus tanpa batas",
  "commissions_faq_13_answer_6" : "Paket Gel Saja",
  "commissions_faq_13_answer_7" : "Paket Pembangun: 60 Hari untuk mendapatkan Speed Bonus tanpa batas",
  "commissions_faq_13_answer_8" : "Paket Standar: 30 Hari untuk mendapatkan Speed Bonus tanpa batas",
  "commissions_faq_13_answer_9" : "Paket Dasar: 14 Hari untuk mendapatkan Speed Bonus tanpa batas",
  "commissions_faq_14" : "Bagaimana cara mendapatkan Cycle Bonus?",
  "commissions_faq_14_answer_1" : "Seiring terakumulasinya Group Sales Volume (GSV), Anda akan bersiklus dan mendapatkan Team Commission untuk setiap 100 GSV yang cocok di kaki Kiri dan Kanan hingga level tanpa batas. Peringkat Anda menentukan jumlah siklus Anda:",
  "commissions_faq_14_answer_10" : "Diamond: $17,50 USD",
  "commissions_faq_14_answer_11" : "Green Diamond: $17,50 USD",
  "commissions_faq_14_answer_12" : "Purple Diamond: $20 USD",
  "commissions_faq_14_answer_13" : "Grand Purple Diamond: $20 USD",
  "commissions_faq_14_answer_14" : "Crown Purple Diamond: $20 USD",
  "commissions_faq_14_answer_2" : "Star: $10 USD",
  "commissions_faq_14_answer_3" : "Rising Star: $10 USD",
  "commissions_faq_14_answer_4" : "Shooting Star: $12,50 USD",
  "commissions_faq_14_answer_5" : "Rock Star: $12,50 USD",
  "commissions_faq_14_answer_6" : "Super Star: $12,50 USD",
  "commissions_faq_14_answer_7" : "Champion: $15 USD",
  "commissions_faq_14_answer_8" : "Hero: $15 USD",
  "commissions_faq_14_answer_9" : "Legend: $17,50 USD",
  "commissions_faq_15" : "Apa yang terjadi pada komisi jika saya tidak memenuhi kualifikasi?",
  "commissions_faq_16" : "Apakah Sales Volume (SV) akan dikosongkan?",
  "commissions_faq_16_answer_1" : "Ya, Sales Volume Anda akan dikosongkan setelah 60 hari tidak aktif. Anda tetap aktif dengan membeli produk untuk diri sendiri atau menjual produk kepada Pelanggan yang memenuhi ketentuan minimal 25 Personal Sales Volume (PSV).",
  "commissions_faq_16_answer_2" : "Agar tetap aktif, Anda harus menghasilkan minimal 25 Personal Sales Volume per bulan.",
  "commissions_faq_17" : "Bagaimana cara mendapatkan Rank Advancement Bonus?",
  "commissions_faq_17_answer_1" : "Dapatkan bonus satu kali setiap kali peringkat Anda naik (Rising Star dan di atasnya). Untuk Champion hingga Legend, Anda harus mempertahankannya 2 bulan berturut-turut agar memenuhi kualifikasi. Untuk Green Diamond dan Purple Diamond, Anda harus mempertahankannya 3 bulan berturut-turut.",
  "commissions_faq_17_answer_10" : "Green Diamond: $12.500 USD",
  "commissions_faq_17_answer_11" : "Purple Diamond: $25.000 USD",
  "commissions_faq_17_answer_12" : "Grand Purple Diamond: $27,500 USD",
  "commissions_faq_17_answer_13" : "Crown Purple Diamond: $30,000 USD",
  "commissions_faq_17_answer_2" : "Rising Star: $50 USD",
  "commissions_faq_17_answer_3" : "Shooting Star: $100 USD",
  "commissions_faq_17_answer_4" : "Rock Star: $250 USD",
  "commissions_faq_17_answer_5" : "Super Star: $500 USD",
  "commissions_faq_17_answer_6" : "Champion: $1.250 USD",
  "commissions_faq_17_answer_7" : "Hero: $2.500 USD",
  "commissions_faq_17_answer_8" : "Legend: $5.000 USD",
  "commissions_faq_17_answer_9" : "Diamond: $7.500 USD",
  "commissions_faq_18" : "Bagaimana cara mendapatkan Customer Bonus?",
  "commissions_faq_18_answer" : "Customer Bonus dihitung berdasarkan 20% dari Sales Volume (SV) atas semua pesanan awal dan pesanan ulang Pelanggan Sponsor Pribadi.",
  "commissions_faq_19" : "Apakah Pelanggan Masuk di Pohon Genealogi?",
  "commissions_faq_19_answer" : "Tidak, mereka tidak ditempatkan di Pohon tersebut.",
  "commissions_faq_1_answer" : "Team Commission merupakan aspek penting dalam Paket Kompensasi QuiAri dan dihitung dari pohon biner Anda, yang memiliki dua kaki, Kiri dan Kanan. Anda akan mendapat kompensasi berdasarkan keberhasilan membangun Group Sales Volume (GSV) dalam pohon biner.",
  "commissions_faq_2" : "Bagaimana penghitungan Team Commission?",
  "commissions_faq_20" : "Apakah Sales Volume (SV) Pelanggan masuk di Pohon Genealogi?",
  "commissions_faq_20_answer" : "Ya. Setelah sistem menentukan Anda Aktif dengan minimal 75 PSV (Personal Sales Volume), maka Sales Volume yang dikaitkan dengan pembelian Pelanggan akan ditempatkan sesuai dengan pengaturan biner (Kiri, Kanan, Auto) di Portal QuiAri Anda. Ini akan memungkinkan Anda memaksimalkan Team Commission dari Pelanggan Sponsor Pribadi Anda.",
  "commissions_faq_2_answer_1" : "Masing-masing Paket Produk memiliki nilai poin yang disebut Sales Volume. Setiap kali terjual dalam organisasi Anda, produk akan menghasilkan Sales Volume bagi keseluruhan <i>upline</i>.",
  "commissions_faq_2_answer_2" : "Seiring terakumulasinya poin ini, Anda akan mendapatkan Team Commission. Promotor bersiklus setiap kali 100 SV berakumulasi di kedua kaki Kiri dan Kanan.",
  "commissions_faq_2_answer_3" : "Setiap Group Sales Volume yang belum dibayarkan akan diteruskan pada yang berikutnya..",
  "commissions_faq_3" : "Bagaimana cara memenuhi kualifikasi untuk mendapatkan Team Commission?",
  "commissions_faq_3_answer" : "Untuk memenuhi kualifikasi, Anda harus memiliki setidaknya satu Promotor Sponsor Pribadi di Kaki Kiri dan Kanan yang ACTIVE masing-masing dengan minimal 25 PSV setiap bulan. 75 PSV untuk Rock Star dan di atasnya.",
  "commissions_faq_4" : "Apakah pembelian saya terhitung untuk memenuhi kualifikasi komisi saya?",
  "commissions_faq_4_answer" : "Pembeilan pribadi Anda terhitung ACTIVE, tetapi juga harus Mensponsori Secara Pribadi 2 Promotor aktif di kaki Kiri dan Kanan untuk memenuhi KUALIFIKASI mendapatkan komisi.",
  "commissions_faq_5" : "Berapa uang yang bisa saya hasilkan dengan Paket Kompensasi QuiAri?",
  "commissions_faq_5_answer" : "Perlu diingat bahwa peluang bisnis QuiAri menawarkan potensi pendapatan yang tidak terbatas. Namun, QuiAri tidak memberi jaminan kesuksesan finansial. Kesuksesan bersama QuiAri didapat hanya dari upaya penjualan yang berhasil, yang membutuhkan kerja keras, ketekunan, keterampilan, kegigihan, kompetensi, dan kepemimpinan. Pendapatan Anda akan bergantung pada seberapa bagus Anda menunjukkan kualitas tersebut.",
  "commissions_faq_6" : "Apakah ada batas terhadap potensi pendapatan Team Commission bulanan saya?",
  "commissions_faq_6_answer_1" : "Champion: $5.000 USD/minggu",
  "commissions_faq_6_answer_2" : "Hero: $10.000 USD/minggu",
  "commissions_faq_6_answer_3" : "Legend: $15.000 USD/minggu",
  "commissions_faq_6_answer_4" : "Diamond: $20.000 USD/minggu",
  "commissions_faq_6_answer_5" : "Green Diamond: $25.000 USD/minggu",
  "commissions_faq_6_answer_6" : "Purple Diamond: $50.000 USD/minggu",
  "commissions_faq_6_answer_7" : "Grand Purple Diamond: $50,000 USD/week",
  "commissions_faq_6_answer_8" : "Crown Purple Diamond: $50,000 USD/week",
  "commissions_faq_6_comp_plan" : "Lihat Paket Kompensasi QuiAri untuk detailnya.",
  "commissions_faq_7" : "Berapa Sales Volume (SV) yang dikaitkan dengan setiap Paket Produk dan Produk",
  "commissions_faq_7_answer_1" : "Paket Shake & Energy",
  "commissions_faq_7_answer_10" : "Paket Pendiri: 600 SV",
  "commissions_faq_7_answer_11" : "Paket Pembangun: 400 SV",
  "commissions_faq_7_answer_12" : "Paket Standar: 200 SV",
  "commissions_faq_7_answer_13" : "Paket Dasar: 100 SV",
  "commissions_faq_7_answer_14" : "Paket Gel Saja",
  "commissions_faq_7_answer_15" : "8 Paket: 360 SV",
  "commissions_faq_7_answer_16" : "4 Paket: 180 SV",
  "commissions_faq_7_answer_17" : "2 Paket: 90 SV",
  "commissions_faq_7_answer_18" : "Buat Paket Anda Sendiri",
  "commissions_faq_7_answer_19" : "Kantong Shake 50 SV",
  "commissions_faq_7_answer_2" : "QuiAri Shake: 50 SV",
  "commissions_faq_7_answer_20" : "Kotak Prime Gel 45 SV",
  "commissions_faq_7_answer_21" : "Botol Energy 25 SV",
  "commissions_faq_7_answer_3" : "QuiAri Energy: 25 SV",
  "commissions_faq_7_answer_4" : "Sampel 5 Hari: 10 SV",
  "commissions_faq_7_answer_5" : "Paket Produk Promotor (hanya satu kali pembelian)",
  "commissions_faq_7_answer_6" : "1 Paket - 75 SV",
  "commissions_faq_7_answer_7" : "2 Paket - 150 SV",
  "commissions_faq_7_answer_8" : "4 Paket - 300 SV",
  "commissions_faq_7_answer_9" : "7 Paket - 500 SV",
  "commissions_faq_8" : "Bagaimana cara mengumpulkan Sales Volume?",
  "commissions_faq_8_answer" : "Untuk mengumpulkan Sales Volume, Anda harus tetap aktif dengan menghasilkan minimal 25 PSV setiap bulan. Untuk Rock Star dan di atasnya, Anda harus menghasilkan minimal 75 PSV.",
  "comp_plan" : "Paket Kompensasi",
  "company_name" : "Nama Perusahaan",
  "compensation_plan" : "Paket Kompensasi",
  "confirm" : "Konfirmasi",
  "confirm_new_password" : "Konfirmasikan Kata Sandi Baru",
  "confirm_password" : "Konfirmasikan Kata Sandi",
  "contact_us" : "Hubungi Kami",
  "copied" : "Disalin",
  "copied_successfully" : "Berhasil Disalin!",
  "copy_link" : "Salin Tautan",
  "copy_video_url" : "Salin URL Video",
  "corporate_announcements" : "Pengumuman Korporat",
  "cost" : "Biaya",
  "country" : "Negara",
  "current_commission_rank" : "Peringkat Komisi Saat Ini",
  "current_password" : "Kata Sandi Saat Ini",
  "currently_have_no_customers" : "Anda tidak memiliki pelanggan saat ini",
  "customer_id" : "ID Pelanggan",
  "customer_info_1" : "Orang-orang di seluruh dunia sangat menyukai produk QuiAri dan mengalami hasil yang mengubah kehidupan mereka! Mereka juga mendapatkan pembayaran untuk mempromosikan produk QuiAri, dan dibayarkan langsung setelah setiap penjualan. Bergabunglah dengan peluang bisnis rumahan global no. 1 yang tumbuh paling cepat.",
  "customer_info_2" : "Sebagai Promotor QuiAri, ada berbagai cara untuk mendapatkan pendapatan paruh atau purna waktu DAN produk gratis seiring itu.",
  "cycle" : "Siklus",
  "dashboard" : "Dasbor",
  "dashboard_business_app" : "Aplikasi Bisnis QuiAri",
  "dashboard_business_app_description" : "Unduh sekarang untuk melacak dengan mudah penghasilan Anda, daftarkan Pelanggan dan Prospek, beli produk, tetap ikuti berita terkini tentang QuiAri, dan kelola bisnis Anda di mana saja.",
  "dashboard_business_opportunity" : "Presentasi Peluang Bisnis QuiAri",
  "dashboard_business_opportunity_info" : "Arahkan orang-orang di Tim Anda ke Presentasi Peluang Bisnis. Lihat media sosial {'@'}QuiAriOfficial atau email Anda untuk mendapatkan jadwalnya.",
  "dashboard_current_month" : "Bulan Berjalan",
  "dashboard_download_now" : "Unduh Sekarang",
  "dashboard_follow_social_media" : "Ikuti kami di Media Sosial",
  "dashboard_get_paid_in_5" : "Bagikan {0}Halaman Anda untuk Memotivasi, Menginspirasi, dan MENUMBUHKAN TIM ANDA!",
  "dashboard_getting_started" : "Memulai",
  "dashboard_live_feed" : "Live Feed",
  "dashboard_my_commissions" : "Komisi Saya",
  "dashboard_my_qualifications" : "Kualifikasi Saya",
  "dashboard_purple_diamond_guide" : "Pelajari cara mencapai puncak dengan {0} kami yang mudah diikuti yang akan mengajarkan Anda cara menduplikasi tim dan Kenaikan Peringkat lebih cepat dari sebelumnya.",
  "dashboard_qualified" : "Memenuhi Kualifikasi:",
  "dashboard_recent_orders" : "Pesanan Terakhir",
  "dashboard_self_replicated_site" : "Situs Web yang Diperbanyak Otomatis",
  "dashboard_share_your_story" : "Bagikan Cerita Anda",
  "dashboard_stay_plugged_in" : "Tetap Terhubung",
  "dashboard_steps" : "Ikuti langkah sederhana ini untuk MEMPELAJARI cara:",
  "dashboard_steps_1" : "Memprogram ulang pola pikir Anda untuk kesuksesan",
  "dashboard_steps_2" : "Menguasai pertanyaan undangan",
  "dashboard_steps_3" : "Menciptakan Budaya Duplikasi di Tim Anda",
  "dashboard_steps_4" : "Agar tidak kehabisan orang yang diajak bicara",
  "dashboard_steps_5" : "Mengelola waktu Anda",
  "dashboard_steps_6" : "Memulai DENGAN BENAR!",
  "dashboard_testimonial" : " Kami Ingin Mendengar Pendapat Anda!",
  "dashboard_testimonial_description" : "Apakah peluang atau produk telah mengubah hidup Anda? Bagikan cerita Anda untuk mendapatkan kesempatan terpilih sebagai unggulan di Live Feed dan media sosial!",
  "dashboard_year_to_date" : "<i>Year to Date</i>",
  "date" : "Tanggal",
  "date_earned" : "Tanggal Diperoleh",
  "date_joined" : "Tanggal Bergabung",
  "ddu_disclaimer" : "Harga tidak termasuk pajak, tarif, dan cukai yang mungkin dinilai saat penyerahan.",
  "delete" : "Hapus",
  "disclaimers" : "Penafian",
  "discount" : null,
  "district" : "Distrik",
  "documents" : "Dokumen",
  "download" : "Unduh",
  "earned_on" : "Diperoleh",
  "edit" : "Edit",
  "edit_address" : "Edit Alamat",
  "email_address" : "Alamat Email",
  "email_address_or_member_id" : "Alamat email atau Nomor Anggota",
  "email_receipt" : "Tanda Terima Email",
  "emails" : "Email",
  "employer_identification_number" : "Nomor Identitas Perusahaan",
  "empty_cart" : "Kosongkan Keranjang",
  "ending_with" : "Berakhir dengan",
  "energy_bottle_description" : "Berisi: 1 Botol Energy (60 sajian)",
  "energy_single_serve_description" : "Berisi: 1 Kantong Energy (60 sajian)",
  "enter_login_details" : "Masukkan detail Anda di bawah ini untuk login",
  "error" : "Kesalahan",
  "estimated_shipping_and_handling" : "Estimasi Pengiriman & Penanganan",
  "event_description" : "Deskripsi Peristiwa",
  "ewallet_account" : "Informasi Akun E-Wallet",
  "ewallet_notice" : "Untuk menyiapkan akun E-Wallet, Anda harus melengkapi formulir berikut: {0}",
  "ewallet_setup_notice" : "Akun E-Wallet Anda akan disiapkan otomatis 5 hari kerja setelah Anda mendapatkan komisi pertama. Proses satu kali memberi Anda tingkat keselamatan dan keamanan tertinggi. Setelah akun diaktifkan, Anda akan dapat menikmati semua manfaat yang belum diambil yang ditawarkan Pembayaran Hari yang Sama!",
  "exempt_payee_code" : "Bebaskan Kode Penerima Uang (jika ada)",
  "exemption_from_fatca_reporting_code" : "Pembebasan dari Kode Pelaporan FATCA (jika ada)",
  "exemptions" : "Pembebasan",
  "existing_monthly_autodelivery" : "Anda sudah memiliki AutoDelivery Bulanan yang saat ini aktif di akun Anda. Anda tidak dapat menyiapkan AutoDelivery Prabayar sebelum membatalkan AutoDelivery Anda.",
  "existing_prepaid_autodelivery" : "Anda sudah memiliki AutoDelivery Prabayar yang sedang berjalan. Anda tidak dapat menyiapkan autodelivery saat ini.",
  "expiration" : "Kedaluwarsa",
  "expiration_month" : "Bulan Kedaluwarsa",
  "expiration_year" : "Tahun Kedaluwarsa",
  "expired_on" : "Kedaluwarsa pada",
  "expires" : "Kedaluwarsa",
  "extend_prepaid_autodelivery" : null,
  "faqs" : "FAQ",
  "fast_start" : "Fast Start",
  "fast_start_bonus" : "Fast Start Bonus",
  "fda_notice" : "Pernyataan ini belum dievaluasi oleh Badan Pengawas Obat dan Makanan AS. Produk ini tidak ditujukan untuk mendiagnosis, merawat, mengobati, atau mencegah penyakit apa pun.",
  "feature_request" : "Permintaan Fitur",
  "federal_tax" : "Pajak Federal",
  "federal_tax_classification" : "Klasifikasi Pajak Federal",
  "feedback" : "Umpan Balik",
  "field_required" : "Bidang ini harus diisi",
  "first_name" : "Nama Depan",
  "fitness" : "Kebugaran",
  "forgot_password" : "Lupa Kata Sandi?",
  "founders_pack_description" : "Berisi: 6 Kotak Prime Gel 5 Kantong Shake Cokelat (Satu Sajian) 5 Kantong Shake Vanila (Satu Sajian) 5 Kantong Energy (Satu Sajian)",
  "free" : "GRATIS",
  "free_tour_marketing_system" : "Sistem Pemasaran Tur Gratis",
  "free_tour_subtitle" : "Bekerja untuk Anda selama 24/7, 365 hari setahun, dan menyediakan halaman pengarah kustom, situs pemasaran terpersonalisasi, pelaporan <i>real-time</i>, dan kampanye tindak lanjut Autoresponder. Bagikan halaman pemasaran berikut untuk membantu mendapatkan prospek dan memulai bisnis Anda.",
  "from" : "dari",
  "gear_store" : "Toko Perlengkapan",
  "genealogy" : "Genealogi",
  "general" : "Umum",
  "general_faq_1" : "Apakah saya harus membeli produk untuk berpartisipasi dalam Paket Kompensasi QuiAri?",
  "general_faq_1_answer" : "Partisipasi tidak mengharuskan pembelian pribadi, tetapi akan membantu Anda mencapai status AKTIF.",
  "general_faq_2" : "Bagaimana cara menambahkan Promotor ke tim saya?",
  "general_faq_2_answer_1" : "Prospek secara otomatis ditempatkan di kaki Kiri atau Kanan tim Anda untuk memaksimalkan pendapatan. Jika Anda ingin mengubahnya sehingga Prospek ditempatkan di kaki tertentu, Anda dapat membuka halaman Genealogi di Portal Anda kapan saja dan memilih Kiri atau Kanan.",
  "general_faq_2_answer_2" : "Anda juga memiliki opsi untuk menempatkan Prospek secara manual dengan mudah di halaman Genealogi dengan mengeklik posisi Terbuka.",
  "general_faq_3" : "Jika saya tidak sengaja menempatkan seseorang di posisi yang salah di <i>downline</i>, dapatkah saya memindahkan mereka ke posisi yang benar?",
  "general_faq_3_answer" : "Komisi dikreditkan secara otomatis kepada Anda dan seluruh <i>upline</i> saat terjadi penjualan. Jadi, setelah pendaftaran selesai, posisi Promotor tidak dapat dipindahkan atau diubah. Pastikan Sponsor Anda dan pilihan penempatan sudah akurat sebelum melanjutkan.",
  "general_faq_4" : "Berapa jangka waktu Kesepakatan QuiAri saya?",
  "general_faq_4_answer" : "Jangka waktu Kesepakatan QuiAri adalah satu tahun dari tanggal pendaftaran. Jika Promotor tidak membatalkannya, bisnisnya akan diperpanjang otomatis.",
  "general_faq_5" : "Apa perbedaan antara Promotor dengan Pelanggan?",
  "general_faq_5_answer" : "Pelanggan adalah individu yang membeli produk QuiAri. Promotor adalah individu yang berpartisipasi dalam Paket Kompensasi QuiAri.",
  "general_faq_6" : "Bagaimana jika saya tidak ingin lagi menjadi Promotor?",
  "general_faq_6_answer" : "Anda dapat menghubungi {email} untuk menonaktifkan akun Promotor Anda. Tim kami akan membantu Anda beralih ke akun Pelanggan QuiAri sehingga Anda tetap dapat memesan produk dan menerima pembaruan.",
  "general_faq_7" : "Bagaimana Cara Mendapatkan Produk Secara Gratis?",
  "general_faq_7_answer" : "Berikut adalah cara agar memenuhi syarat untuk “Referensikan 2 dan GRATIS?” • Anda harus mengikuti AutoDelivery dengan setidaknya 50 SV (Sales Volume) • Anda harus memiliki 2 Pelanggan Sponsor Pribadi di AutoDelivery dalam 30 hari terakhir dengan pesanan yang menghasilkan 50 SV atau lebih. • Anda sekarang memenuhi kualifikasi untuk produk GRATIS! Setelah semua kriteria terpenuhi, sistem QuiAri meninjau pesanan AutoDelivery Pelanggan Anda yang menghasilkan 50 SV atau lebih dalam 30 hari terakhir dan mengambil rata-rata totalnya. Hasilnya adalah kredit produk yang akan Anda terima. Perlu diingat bahwa total kredit produk tidak boleh melebihi $118,80 USD, dan tidak berlaku untuk pengiriman, cukai, PPN, atau biaya produk internasional apa pun yang berlaku.",
  "general_inquiry" : "Permintaan Informasi Umum",
  "generated_between" : "Dibuat Antara",
  "generated_on" : "Dibuat Pada",
  "get_social" : "Lakukan sosialisasi",
  "get_social_info" : "Beri tahu seluruh dunia betapa Anda SANGAT MENYUKAI QuiAri dengan mengikuti kami di media sosial dan membagikan posting kami setiap hari.",
  "grand_total" : "Grand Total",
  "health_and_fitness" : "Kesehatan dan Kebugaran",
  "hyperwallet_e_wallet" : "Hyperwallet E-Wallet",
  "hyperwallet_faq_1" : "Apa itu Hyperwallet® E-Wallet?",
  "hyperwallet_faq_10" : "Dapatkah saya membayar AutoDelivery langsung dari komisi di Hyperwallet® E-Wallet?",
  "hyperwallet_faq_10_answer" : "Ya. Anda dapat membayar AutoDelivery dengan memilih Hyperwallet® E-Wallet sebagai metode pembayaran utama di Akun Saya.",
  "hyperwallet_faq_11" : "Bagaimana cara mengambil kata sandi Hyperwallet® E-Wallet jika hilang atau lupa?",
  "hyperwallet_faq_11_answer_1" : "Untuk mengambil kata sandi Anda, buka {0}, klik “lupa kata sandi” lalu masukkan alamat email yang Anda berikan kepada QuiAri saat akun Anda diaktifkan.",
  "hyperwallet_faq_11_answer_2" : "Untuk pertanyaan tentang Akun Hyperwallet® E-Wallet, hubungi Hyperwallet® di 1.604.638.6657 atau bebas pulsa di AS di 1.877.546.8220 (Sen-Jum, 8.00 - 20.00 PT, Sab-Min 8.00 - 17.00 PT). Anda juga bisa mengirim email ke dukungan Hyperwallet® menggunakan formulir {0} di situs web mereka.",
  "hyperwallet_faq_1_answer" : "Hyperwallet® E-Wallet adalah sistem pembayaran global yang memungkinkan Promotor menerima, mengakses, dan mengelola komisi mereka secara <i>online</i>, 24 jam sehari hampir dari mana saja di dunia.",
  "hyperwallet_faq_2" : "Mengapa QuiAri menggunakan Hyperwallet® E-Wallet untuk membayar komisi?",
  "hyperwallet_faq_2_answer" : "Prioritas utamanya adalah memastikan Promotor di mana saja mendapat bayaran komisi dengan cepat, mudah, dan efisien.",
  "hyperwallet_faq_3" : "Bagaimana cara membuka akun Hyperwallet® E-Wallet?",
  "hyperwallet_faq_3_answer" : "Setelah mendapatkan komisi pertama, Anda harus melengkapi informasi yang diperlukan yang ditunjukkan di halaman Komisi di Portal Anda. Setelah selesai melengkapi informasi yang diperlukan, akun Hyperwallet® E-Wallet Anda akan disiapkan otomatis dalam 5 hari kerja. Kemudian, Anda akan menerima email konfirmasi dari QuiAri, dan email dari Hyperwallet® memberi tahukan cara untuk mengaktivasi akun Anda. Semua komisi yang diperoleh akan langsung masuk ke akun Hyperwallet® E-Wallet Anda. Perlu diingat: berlaku biaya bulanan sebesar $3,30 USD.",
  "hyperwallet_faq_4" : "Bagaimana cara menarik komisi dari akun Hyperwallet® E-wallet saya?",
  "hyperwallet_faq_4_answer" : "Dengan akun Hyperwallet® E-Wallet, komisi dapat langsung disetorkan ke rekening Anda, ditransfer antarbank atau—sesuai permintaan dan tergantung ketersediaan—memasukkannya ke kartu debit Visa® dengan merek QuiAri.",
  "hyperwallet_faq_5" : "Bisakah saya mendapatkan kartu debit Visa® dengan merek QuiAri melalui akun Hyperwallet® E-Wallet saya?",
  "hyperwallet_faq_5_answer" : "Ya, tentu saja! Kartu debit Visa® dengan merek QuiAri tersedia di lebih dari 185 negara dan memungkinkan Anda membayar langsung dari komisi di akun Hyperwallet® E-Wallet di mana saja Visa® diterima!",
  "hyperwallet_faq_6" : "Bagaimana cara memesan kartu debit Visa® dengan merek QuiAri?",
  "hyperwallet_faq_6_answer" : "Setelah mendapatkan komisi dan menyiapkan akun Hyperwallet® E-Wallet, Anda memenuhi syarat untuk memesan kartu debit Visa® dengan merek QuiAri. Kartu ini tersedia di banyak negara di seluruh dunia dengan harga $10 USD saja.",
  "hyperwallet_faq_7" : "Dapatkah saya mentransfer antarbank menggunakan Hyperwallet® E-Wallet?",
  "hyperwallet_faq_7_answer" : "Ya, Anda dapat mentransfer uang dari komisi Anda hampir ke mana saja di seluruh dunia. Transfer antarbank didukung di lebih dari 215 negara.",
  "hyperwallet_faq_8" : "Apakah ada biaya pemrosesan untuk komisi yang didapat?",
  "hyperwallet_faq_8_answer" : "Ada sedikit biaya sebesar $0,40 USD yang dipotong setiap kali komisi dimasukkan ke akun Hyperwallet® E-Wallet.",
  "hyperwallet_faq_9" : "Apakah Hyperwallet® E-Wallet mendukung penyetoran langsung ke rekening bank saya?",
  "hyperwallet_faq_9_answer" : "Ya. Penyetoran langsung saat ini didukung di hampir 50 negara.",
  "i_agree" : "Saya Setuju",
  "if_diferent_from_above" : "Jika berbeda dengan di atas",
  "in_transit" : "Dalam Transit",
  "inbox" : "Kotak masuk",
  "income_disclosure_statement" : "Pernyataan Pengungkapan Pendapatan",
  "individual_items" : "Item Terpisah",
  "interior_number" : null,
  "international_product_import_fee" : "Biaya Impor Produk Internasional",
  "international_promoters" : "Promotor Internasional",
  "international_w9_fields_error" : "Terjadi kesalahan saat mencoba memperbarui akun Anda, hubungi dukungan.",
  "international_w9_fields_info" : "Isi bidang di bawah untuk menyiapkan informasi akun e-wallet Anda.",
  "invalid_card" : "Kartu Tidak Valid",
  "items" : "Item",
  "its_go_time_video" : "Video Waktunya untuk Mulai",
  "join_date" : "Tanggal Bergabung",
  "join_url" : "URL Bergabung",
  "joined_on" : "Bergabung Pada",
  "language" : "Bahasa",
  "language_settings" : "Pengaturan Bahasa",
  "larger_orders_description" : "Untuk pesanan yang lebih besar, kirim email ke {0}",
  "last_name" : "Nama Belakang",
  "launch_plan" : "Rencana Peluncuran 10-4-2",
  "launch_plan_info" : "Pelajari langkah penting untuk membangun bisnis QuiAri Anda ke tingkat yang tidak pernah terbayangkan.",
  "lead_capture_link" : "Tautan Halaman Dapatkan Prospek",
  "left" : "Kiri",
  "left_bottom" : "Kiri Bawah",
  "left_leg" : "Kaki Kiri",
  "left_placement_description" : "Jika opsi penempatan KIRI dipilih, semua Promotor sponsor pribadi akan ditempatkan di posisi yang tersedia berikutnya di luar bawah kaki kiri.",
  "leg_count" : "Jumlah Kaki",
  "legal" : "Legal",
  "lesser_leg_volume" : "Lesser Leg Volume",
  "lesser_volume_leg" : "Lesser Volume Leg",
  "lifestyle" : "Gaya Hidup",
  "lifestyle_bonus" : "Lifestyle Bonus",
  "limit_product" : "Batas [amount} Item per Pesanan",
  "list_account_numbers" : "Daftar Nomor Rekening",
  "live_opp_pres_english" : "Selasa 20.00 EST Minggu 20.00 EST",
  "live_opp_pres_french" : "Senin, Rabu, Jumat dan Sabtu pukul 15.00 EST",
  "live_opp_pres_german" : "Selasa & Kamis 14.00 EST",
  "live_opp_pres_hindi" : "Senin, Selasa, Kamis, Jumat, Sabtu 10.00 EST",
  "live_opp_pres_kannada" : "Senin, Rabu, Jumat 11:30 EST / 21.00 IST",
  "live_opp_pres_south_africa" : null,
  "live_opp_pres_spanish" : "Senin, Rabu, Jumat 10.00 EST 20.00 EST",
  "live_opp_pres_vietnamese" : "Senin & Rabu 8.30 EST",
  "live_opportunity_presentations" : "Undang Prospek untuk menghadiri SIARAN LANGSUNG Presentasi Peluang yang dilaksanakan setiap hari dalam berbagai bahasa.",
  "live_opportunity_presentations_title" : "SIARAN LANGSUNG Presentasi Peluang",
  "live_presentation_schedules" : "Jadwal Siaran Langsung Presentasi",
  "live_purple_diamond_english" : "Selasa 20.30 EST Sabtu 15.00 EST",
  "live_purple_diamond_french" : "Sabtu 13.00 EST",
  "live_purple_diamond_guide_training_title" : "SIARAN LANGSUNG Pelatihan Panduan Purple Diamond",
  "live_purple_diamond_guide_trainings" : "Untuk Promotor untuk menghadiri SIARAN LANGSUNG Pelatihan Panduan Purple Diamond yang diselenggarakan setiap hari dalam berbagai bahasa.",
  "live_purple_diamond_hindi" : "Rabu 10.00 EST",
  "live_purple_diamond_spanish" : "Sabtu 12.30 EST Selasa 12.00 EST",
  "live_purple_diamond_vietnamese" : "Jumat 8.30 EST",
  "llc_c_corporation" : "Perusahaan C",
  "llc_proprietary" : "Hak Milik",
  "llc_s_corporation" : "Perusahaan S",
  "llc_tax_classification" : "Klasifikasi Pajak LLC",
  "location" : "Lokasi",
  "log_out" : "Log Out",
  "login" : "Masuk",
  "love" : "LOVE",
  "mailing_address" : "Alamat Surat",
  "make_this_my_default_address" : "Jadikan ini alamat <i>default</i> saya",
  "make_this_my_default_payment_method" : "Jadikan ini metode pembayaran <i>default</i> saya",
  "manage_autodelivery" : "Kelola AutoDelivery",
  "maqui" : "Maqui",
  "matching_bonus" : "Matching Bonus",
  "medical_and_drug_claims" : "Klaim Medis dan Obat-Obatan QuiAri",
  "member_id" : "ID Anggota",
  "message" : "Pesan",
  "mobile" : "Notifikasi Seluler",
  "month" : "Bulan",
  "my_account" : "Akun Saya",
  "my_addresses" : "Alamat Saya",
  "my_autodelivery" : "AutoDelivery Saya",
  "my_cart" : "Keranjang Saya",
  "my_customers" : "Pelanggan Saya",
  "my_notifications" : "Notifikasi Saya",
  "my_order" : "Pesanan Saya",
  "my_payment_methods" : "Metode Pembayaran Saya",
  "my_profile" : "Profil Saya",
  "my_promoter" : "Promotor Saya",
  "my_promoters" : "Promotor Saya",
  "my_ranks" : "Peringkat Saya",
  "my_shipping_addresses" : "Alamat Pengiriman Saya",
  "my_team" : "Tim Saya",
  "my_vouchers" : "Voucher Saya",
  "name" : "Nama",
  "name_on_card" : "Nama di Kartu",
  "need_help" : null,
  "new" : "BARU",
  "new_message" : "Pesan Baru",
  "new_password" : "Kata Sandi Baru",
  "next" : "Berikutnya",
  "no" : "Tidak",
  "no_autodelivery" : "Tidak Ada AutoDelivery",
  "no_commission_during_this_period" : "Anda belum mendapatkan peringkat komisi apa pun dalam periode ini.",
  "no_commissions_earned" : "Anda belum mendapatkan komisi apa pun.",
  "no_payment_method_selected" : "Tidak ada metode pembayaran yang dipilih",
  "no_ranks_earned_during_this_period" : "Tidak ada peringkat didapat selama periode ini.",
  "no_recognition_ranks_during_this_period" : "Anda belum mendapatkan peringkat pengakuan apa pun dalam periode ini.",
  "no_shipping_address_selected" : "Tidak ada alamat pengiriman dipilih",
  "no_tracking_information_available" : "Tidak ada informasi pelacakan tersedia",
  "no_volume_earned_during_this_period" : "Tidak ada volume didapat selama periode ini.",
  "non_qualified" : "Tidak Memenuhi Kualifikasi",
  "not_applicable" : "Tidak Berlaku",
  "notification_preferences" : "Preferensi Notifikasi",
  "notifications_autodelivery_emails" : "Terima Email Pembaruan Auto-delivery",
  "notifications_rank_advancement_emails" : "Terima Email Kenaikan Peringkat",
  "notifications_user_joined_emails" : "Terima Email Bergabung sebagai Pelanggan/Promotor",
  "num_months" : "{amount} Bulan",
  "only_autodelivery" : "AutoDelivery Saja",
  "oops" : "Upss!",
  "open" : "Buka",
  "opportunity" : "Peluang",
  "opportunity_presentation" : "Presentasi Peluang",
  "opportunity_presentation_speaker_notes" : "Catatan Pembicara Presentasi Peluang",
  "optional" : "opsional",
  "order_date" : "Tanggal Pesanan",
  "order_details" : "Detail Pesanan",
  "order_history" : "Riwayat Pesanan",
  "order_id" : "ID Pesanan",
  "order_now" : "Pesan Sekarang",
  "order_num" : "No. Pesanan",
  "order_number" : "No.{id} Pesanan",
  "order_placed_on" : "Dibuat Pada {date}",
  "order_summary" : "Ringkasan Pesanan",
  "order_tracking" : "Pelacakan Pesanan",
  "ordering_shipping_and_returns" : "Pemesanan, Pengiriman, & Pengembalian",
  "ordering_shipping_and_returns_faq_1" : "Apakah QuiAri mengirim produk ke seluruh dunia?",
  "ordering_shipping_and_returns_faq_1_answer" : "Tentu saja. Kami akan mengirim produk hampir ke MANA SJA di seluruh dunia.",
  "ordering_shipping_and_returns_faq_2" : "Kapan saya akan menerima produk QuiAri?",
  "ordering_shipping_and_returns_faq_2_answer" : "Pesanan Anda meninggalkan gudang dalam 1-2 hari kerja. Kami menggunakan penyedia pengiriman di seluruh dunia untuk memastikan produk Anda tiba dalam waktu yang paling tepat. Kecepatan pengiriman bervariasi antara 3 – 10 hari kerja. Jika ada pertanyaan tentang pelacakan pesanan Anda, hubungi Tim Dukungan di",
  "ordering_shipping_and_returns_faq_3" : "Bagaimana Kebijakan Pengembalian Anda?",
  "ordering_shipping_and_returns_faq_3_answer_1" : "QuiAri menawarkan 30 hari, dari tanggal pesanan, kebijakan pengembalian produk yang dijual kepada semua Promotor dan Pelanggan. Pengembalian dana untuk produk yang belum dibuka dan dalam kondisi dapat disegel kembali akan diberikan 100% dari harga pembelian asli, dikurangi 10% biaya penyetokan ulang.",
  "ordering_shipping_and_returns_faq_3_answer_2" : "Pengembalian dana untuk produk yang telah dibuka, digunakan sebagian, atau rusak akan diberikan sebesar 50% dari harga pembelian asli. Biaya pengiriman dan penanganan, pajak, cukai, dan tarif tidak akan dikembalikan untuk pengembalian apa pun. Lihat Kebijakan dan Prosedur untuk detail lengkap Kebijakan Pengembalian.",
  "ordering_shipping_and_returns_faq_3_answer_3" : "Ketentuan dalam klausul sebagaimana dimaksud di atas tidak berlaku untuk pendaftaran sebagai Promotor dan/atau pembelian produk QuiAri di wilayah hukum negara Republik Indonesia.",
  "ordering_shipping_and_returns_faq_4" : "Apakah QuiAri membolehkan pertukaran produk?",
  "ordering_shipping_and_returns_faq_4_answer" : "Kami tidak menerima pertukaran produk jenis apa pun.",
  "ordering_shipping_and_returns_faq_5" : "Bagaimana jika produk yang saya terima rusak?",
  "ordering_shipping_and_returns_faq_5_answer_1" : "Perusahaan pengiriman bertanggung jawab atas kerusakan yang timbul selama pengiriman. Pelanggan yang menerima barang rusak harus mengikuti prosedur ini:",
  "ordering_shipping_and_returns_faq_5_answer_2" : "Menerima penyerahan",
  "ordering_shipping_and_returns_faq_5_answer_3" : "Mendokumentasikan kerusakan",
  "ordering_shipping_and_returns_faq_5_answer_4" : "Mengajukan klaim kepada perusahaan pengiriman",
  "ordering_shipping_and_returns_faq_5_answer_5" : "Memberi tahu Departemen Dukungan {0} QuiAri dalam waktu 24 jam.",
  "ordering_shipping_and_returns_faq_6" : "Bagaimana tarif dan waktu pengiriman QuiAri?",
  "ordering_shipping_and_returns_faq_6_answer" : "Perusahaan pengiriman bertanggung jawab atas kerusakan yang timbul selama pengiriman. Promotor atau Pelanggan yang menerima barang rusak harus mengikuti prosedur ini:",
  "orders" : "Pesanan",
  "other" : "Lainnya",
  "p65_site" : "www.P65Warnings.ca.gov",
  "packages" : "Paket",
  "paid_on" : "Dibayar Pada",
  "password" : "Kata sandi",
  "password_updated" : "Kata sandi Anda telah diperbarui!",
  "payment" : "Pembayaran",
  "payment_issue" : "Ada masalah dengan metode pembayaran Anda.",
  "payment_method" : "Metode Pembayaran",
  "payment_method_instructions" : "Masukkan informasi di bawah untuk menambahkan metode pembayaran ini.",
  "payment_method_required" : "Metode Pembayaran Diperlukan",
  "payment_method_required_description" : "Metode pembayaran harus dipilih",
  "personally_sponsored_rank_history" : "Riwayat Peringkat Sponsor Sendiri",
  "phone_number" : "Nomor Telepon",
  "placed_on" : "Dibuat Pada",
  "placing_order" : "Membuat Pesanan",
  "policies_and_procedures" : "Kebijakan dan Prosedur",
  "postal_code" : "Kode Pos",
  "prepaid_autodelivery" : "AutoDelivery Prabayar",
  "prepaid_autodelivery_description" : "AutoDelivery Prabayar adalah program pengiriman bulanan QuiAri Sangat mirip dengan layanan berbasis langganan, AutoDelivery Prabayar dirancang untuk mempermudah Pelanggan dan Promotor mendapatkan produk QuiAri favorit yang dikirim secara otomatis setiap bulan. Ini kabar BAGUSNYA – AutoDelivery Prabayar juga menghemat 10%-12% setiap bulan.",
  "prepaid_months_remaining" : "{amount} Bulan Prabayar Tersisa",
  "prepaid_no_refund_description" : null,
  "previous" : "Sebelumnya",
  "previous_month_rank" : "Peringkat Bulan Sebelumnya",
  "price" : "Harga",
  "primary" : "Utama",
  "primary_address" : null,
  "prime_gel_description" : "Berisi: 1 Kotak Prime Gel (30 sajian)",
  "prime_gel_only_packs" : "Paket Gel Saja",
  "priority_shipping" : "Pengiriman Prioritas",
  "product" : "Produk",
  "product_brochure" : "Brosur Produk",
  "product_day_supply" : "Persediaan {num} Hari",
  "product_launch_plan_booklet" : "Rencana Peluncuran 10-4-2 (Buklet)",
  "product_month_supply" : "Persediaan {num} bulan",
  "product_pdfs" : "PDF Produk",
  "products" : "Produk",
  "products_faq_1" : "Di mana bisa ditemukan informasi tentang produk QuiAri?",
  "products_faq_10" : "Apakah QuiAri Energy membantu dalam menurunkan berat badan?",
  "products_faq_10_answer_1" : "Bahan eksklusif kami bekerja secara sinergi untuk mendorong penurunan berat badan dan membantu meningkatkan energi.",
  "products_faq_10_answer_2" : "Maqui Berry adalah buah super nomor 1 dengan antioksidan 5 kali lebih banyak daripada buah super lainnya. MaquiX® adalah ekstrak organik konsentrat super yang meningkatkan kekuatan alami Maqui.",
  "products_faq_10_answer_3_1" : "Ekstrak Teh Hijau",
  "products_faq_10_answer_3_2" : "Ekstrak teh hijau dapat membantu memulai penurunan berat badan ketika digabungkan dengan diet yang sehat dan olahraga.",
  "products_faq_10_answer_4_1" : "Energy Blend",
  "products_faq_10_answer_4_2" : "Kunci penurunan berat badan termogenik, Energy Blend kami yang unik membantu Anda membakar kalori dan lemak untuk penurunan berat badan kinerja tinggi",
  "products_faq_11" : "Apa itu Energy Blend?",
  "products_faq_11_answer_1" : "Energy Blend kami didukung oleh kombinasi bahan kaliber tinggi yang dirancang untuk menjaga tubuh dalam mode pembakaran lemak ideal.",
  "products_faq_11_answer_2_1" : "Kulit kayu manis",
  "products_faq_11_answer_2_2" : "Dapat membantu dalam kesehatan pencernaan dan mengurangi peradangan",
  "products_faq_11_answer_3_1" : "Lada merah",
  "products_faq_11_answer_3_2" : "Membantu meningkatkan metabolisme, membantu mengurasi nafsu makan, dan membantu dalam kesehatan pencernaan",
  "products_faq_11_answer_4_1" : "Lada hitam",
  "products_faq_11_answer_4_2" : "Mengandung antioksidan dan mendorong penyerapan nutrisi",
  "products_faq_11_answer_5_1" : "Akar jahe",
  "products_faq_11_answer_5_2" : "Mendorong pencernaan yang sehat dan membantu melawan peradangan",
  "products_faq_12" : "Berapa banyak energi yang akan diberikan QuiAri Energy?",
  "products_faq_12_answer" : "QuiAri Energy adalah pilihan terbaik yang bersih dan sehat! Dengan bantuan ekstrak biji kopi hijau, MaquiX™, dan ekstrak teh hijau, QuiAri Energy memberikan 150 mg energi alami — setara dengan satu hingga dua cangkir kopi, untuk mendapatkan daya tahan sepanjang hari!",
  "products_faq_13" : "Berapa sajian QuiAri Energy yang saya dapatkan?",
  "products_faq_13_answer" : "Setiap botol atau kantong paket satu sajian berisi persediaan tablet satu bulan.",
  "products_faq_14" : "Apa itu Maqui?",
  "products_faq_14_answer" : "Hanya ditemukan di pegunungan asli wilayah Patagonia, Chile, Maqui Berry telah dikenal berabad-abad memiliki manfaat nutrisi yang memberikan kesehatan. Maqui menyediakan hingga 5 kali kekuatan antioksidan dari buah super yang telah dikenal sebelumnya.",
  "products_faq_15" : "Apa itu MaquiX™?",
  "products_faq_15_answer" : "QuiAri bekerja sama dengan peneliti Maqui Berry terkenal di dunia untuk menciptakan MaquiX®, sebuah ekstrak organik konsentrat super yang eksklusif yang meningkatan keampuhan Maqui Berry hingga 10x.",
  "products_faq_16" : "Apa itu 90-Day Kickstart Challenge?",
  "products_faq_16_answer_1" : "90-Day Kickstart Challenge adalah perubahan gaya hidup 2 langkah yang membantu Anda terlihat dan merata lebih baik dengan CEPAT.",
  "products_faq_16_answer_2" : "Langkah 1: Nikmati QuiAri Shake yang lezat di awal pagi",
  "products_faq_16_answer_3" : "Langkah 2: Minum suplemen QuiAri Energy dan dapatkan energi yang Anda butuhkan untuk menaklukkan hari Anda",
  "products_faq_16_answer_4" : "Itu saja — tantangan selesai. Hanya dalam 90 hari, Anda akan membawa kesehatan dan energi ke tingkat yang baru.",
  "products_faq_17" : "Dapatkah saya memakai produk QuiAri jika saya memiliki kondisi medis atau sedang menjalani pengobatan?",
  "products_faq_17_answer" : "Jika memiliki kondisi medis atau sedang menjalani pengobatan, berkonsultasilah dengan dokter Anda sebelum memakai produk QuiAri.",
  "products_faq_18" : "Apa yang dapat saya katakan tentang produk ini saat mempromosikan QuiAri?",
  "products_faq_18_answer" : "Lihat {0}",
  "products_faq_19" : "Dapatkah saya membeli produk QuiAri tanpa ID Promotor yang mereferensikan?",
  "products_faq_19_answer" : "Anda perlu ID Promotor yang mereferensikan untuk membeli produk. Jika Promotor yang mereferensikan Anda ke QuiAri tidak memberikan nomor mereka, segera hubung mereka. Tidak punya ID Promotor? Hubungi {0} untuk bantuan terkait pesanan Anda.",
  "products_faq_1_answer" : "Lihat {0} untuk detail tentang semua Produk QuiAri.",
  "products_faq_2" : "Kapan saya harus minum QuiAri Shake?",
  "products_faq_20" : "Bagaimana jika saya sangat menyukai produk QuiAri sehingga saya ingin menjadi Promotor QuiAri?",
  "products_faq_20_answer" : "Menjadi Promotor itu mudah. Cukup mendaftar di Portal Pelanggan Anda secara GRATIS. Anda akan langsung menerima semua yang Anda butuhkan untuk mulai membangun bisnis QuiAri: situs pemasaran yang diperbanyak otomatis, Portal, aplikasi seluler, dan lainnya.",
  "products_faq_21" : "Bagaimana Cara Menggunakan Produk?",
  "products_faq_21_answer_1" : "Langkah 1: Nikmati QuiAri Shake yang lezat di awal pagi",
  "products_faq_21_answer_2" : "Langkah 2: Minum 1-2 suplemen QuiAri Energy dan dapatkan energi yang Anda butuhkan untuk menaklukkan hari Anda",
  "products_faq_21_answer_3" : "Langkah 3: Minum 1-2 Paket Gel yang lezat sepanjang hari Anda. Cukup robek dan teguk!",
  "products_faq_22" : "Berapa harga Paket Promotor dan apa yang didapat?",
  "products_faq_22_answer_1" : "Paket Promotor adalah seperti berikut ini:",
  "products_faq_22_answer_10" : "4 Kantong QuiAri Shake, 4 Botol QuiAri Energy",
  "products_faq_22_answer_11" : "7 Paket: $1199 USD (500 SV) Nilai Terbaik!",
  "products_faq_22_answer_12" : "6 bulan Speed Bonus TANPA BATAS",
  "products_faq_22_answer_13" : "7 Kantong QuiAri Shake, 7 Botol QuiAri Energy",
  "products_faq_22_answer_14" : "",
  "products_faq_22_answer_15" : "",
  "products_faq_22_answer_16" : "",
  "products_faq_22_answer_17" : "",
  "products_faq_22_answer_18" : "",
  "products_faq_22_answer_19" : "",
  "products_faq_22_answer_2" : "1 Paket: $125 USD (75 SV)",
  "products_faq_22_answer_20" : "",
  "products_faq_22_answer_21" : "",
  "products_faq_22_answer_22" : "",
  "products_faq_22_answer_23" : "",
  "products_faq_22_answer_24" : "",
  "products_faq_22_answer_25" : "",
  "products_faq_22_answer_26" : "",
  "products_faq_22_answer_27" : "",
  "products_faq_22_answer_3" : "1 bulan Speed Bonus TANPA BATAS",
  "products_faq_22_answer_4" : "1 Kantong QuiAri Shake, 1 Botol QuiAri Energy",
  "products_faq_22_answer_5" : "2 Paket: $250 USD (150 SV)",
  "products_faq_22_answer_6" : "2 bulan Speed Bonus TANPA BATAS",
  "products_faq_22_answer_7" : "2 Kantong QuiAri Shake, 2 Botol QuiAri Energy",
  "products_faq_22_answer_8" : "4 Paket: $500 USD (300 SV)",
  "products_faq_22_answer_9" : "3 bulan Speed Bonus TANPA BATAS",
  "products_faq_23" : "Apakah Speed Bonus ditawarkan setiap kali saya memesan Paket Produk?",
  "products_faq_23_answer_1" : "Tidak. Speed Bonus hanya ditawarkan pada pembelian Paket Produk awal.",
  "products_faq_23_answer_2" : "Anda punya waktu 1 tahun sejak pembelian untuk menukarkan voucher Anda.",
  "products_faq_23_answer_3" : "Perlu diingat bahwa jumlah Voucher tidak berlaku untuk biaya meningkatkan ke satu sajian, cukai pengiriman, pajak penjualan, PPN, atau biaya produk impor internasional. Ini harus dibayar oleh Promotor saat menukarkan voucher di Portal Promotor QuiAri.",
  "products_faq_23_answer_4" : "",
  "products_faq_24" : "Apa itu QuiAri Prime?",
  "products_faq_24_answer_1" : "Prime gel kami adalah racikan lezat berbagai kandungan yang terbukti ilmiah dan menjadi hak eksklusif kami yang dipilih secara khusus karena tingkat antioksidan dan antipenuaan yang sangat ampuh, profil nutrisi, dan rasa yang menggoda. Selain Maqui berry, MaquiX®, S.O.D., Resveratrol, & Pterostilbene (racikan Youth X kami), Prime gel kami diperkuat dengan ekstrak aloe vera, biji anggur, dan teh hijau untuk perbaikan ampuh untuk kerusakan akibat radikal bebas, pelindungan bagi sel terhadap kerusakan di masa mendatang, dan membalikkan tanda-tanda penuaan.",
  "products_faq_25" : "Bagaimana Cara Minum Prime?",
  "products_faq_25_answer_1" : "Cukup robek dan teguk! Minum 1-2 Paket Gel yang lezat sepanjang hari Anda.",
  "products_faq_2_answer" : "Minum QuiAri Shake di awal pagi untuk segera memulai hari Anda!",
  "products_faq_3" : "Apakah minum QuiAri Shake membantu saya menurunkan berat badan?",
  "products_faq_3_answer_1" : "QuiAri Shake menggunakan racikan bahan hak eksklusif yang bekerja sama mendukung penurunan berat badan:",
  "products_faq_3_answer_2" : "Maqui Berry adalah buah super nomor 1 dengan antioksidan 5 kali lebih banyak daripada buah super lainnya. MaquiX® adalah ekstrak organik konsentrat super yang meningkatkan kekuatan alami Maqui Berry.",
  "products_faq_3_answer_3" : "Dengan menghadirkan whey, QuiAri Shake mengandung 16 g protein per saji, yang membantu Anda menahan lapar dan mengelola berat badan, dan banyak lagi!",
  "products_faq_4" : "Berapa banyak kalori dalam QuiAri Shake?",
  "products_faq_4_answer" : "QuiAri Shake hanya mengandung 120 kalori per saji.",
  "products_faq_5" : "Apakah QuiAri Shake bebas gluten?",
  "products_faq_5_answer" : "Ya, QuiAri Shake bebas gluten.",
  "products_faq_6" : "Apakah QuiAri Shake mengandung gula tambahan?",
  "products_faq_6_answer" : "QuiAri Shake TIDAK mengandung gula tambahan.",
  "products_faq_7" : "Ada berapa saji dalam setiap kantong QuiAri Shake?",
  "products_faq_7_answer" : "Dengan 28 sajian, setiap kantong berisi persediaan satu bulan <i>shake mix</i>.",
  "products_faq_8" : "Sayuran hijau apa yang digunakan dalam Greens Blend?",
  "products_faq_8_answer" : "QuiAri Shake menggunakan sayuran hijau yang ampuh untuk membantu mengelola berat badan dan meningkatkan metabolisme.",
  "products_faq_8_answer_1_1" : "Bayam",
  "products_faq_8_answer_1_2" : "Mendukung penuaan yang sehat dan tekanan darah yang bagus",
  "products_faq_8_answer_2_1" : "Chlorella",
  "products_faq_8_answer_2_2" : "Mendukung penuaan yang sehat dan meningkatkan sistem kekebalan tubuh",
  "products_faq_8_answer_3_1" : "Ekstrak tunas brokoli",
  "products_faq_8_answer_3_2" : "Mendukung kesehatan kulit",
  "products_faq_8_answer_4_1" : "Kale",
  "products_faq_8_answer_4_2" : "Mendukung penurunan berat badan, menyediakan antioksidan, dan Vitamin C",
  "products_faq_8_answer_5_1" : "Alfalfa",
  "products_faq_8_answer_5_2" : "Mendukung metabolisme yang sehat",
  "products_faq_8_answer_6_1" : "Spirulina",
  "products_faq_8_answer_6_2" : "Mendukung kesehatan keseluruhan dengan sejumlah nutrisi dan protein tinggi",
  "products_faq_9" : "Kapan saya harus minum QuiAri Energy?",
  "products_faq_9_answer" : "Minum 1 tablet dua kali sehari. Minum sedikitnya 8 gelas air setiap hari. QuiAri Energy sangat efektif jika dipasangkan dengan QuiAri Shake dan QuiAri Prime Gel",
  "profile_name_validation_message" : "Nama harus kurang dari 100 karakter",
  "promoter_details" : "Detail Promotor",
  "promoter_id" : "ID Promotor",
  "promoter_package_kickstart_description" : "Ini adalah pilihan paling tepat bagi 1 orang untuk memulai Tantangan Memulai dan tersedia cukup produk untuk 4 minggu.",
  "promoter_upgrade" : "Akun Anda telah ditingkatkan ke promotor.",
  "purple_diamond_guide" : "Panduan Purple Diamond",
  "purple_diamond_guide_description" : "Ikuti langkah sederhana untuk mencapai peringkat Purple Diamond.",
  "purple_diamond_guide_training_slides" : "Slide Pelatihan Panduan Purple Diamond",
  "qualifications" : "Kualifikasi",
  "qualifications_active" : "Aktif",
  "qualifications_join_date" : "Tanggal Bergabung",
  "qualifications_personal_sales_vol" : "Personal Sales Volume",
  "qualifications_previous_month_commission_rank" : "Peringkat Komisi Bulan Sebelumnya",
  "qualifications_recognition_rank" : "Peringkat Pengakuan",
  "qualifications_speed_bonus_vol" : "Volume Speed Bonus",
  "qualified" : "Memenuhi Kualifikasi",
  "quantity" : "Jumlah",
  "quiari_medical_and_drug_claims" : "Klaim Medis & Obat-Obatan QuiAri",
  "quiari_mobile_app" : "Aplikasi Seluler QuiAri",
  "quiari_promoter_id" : "ID Promotor QuiAri",
  "quiari_swag_description" : "Tampilkan AKSESORIS Anda! Pasang semua yang diperlukan untuk bisnis Anda: Topi, baju olahraga, cangkir shaker, stiker mobil, dan banyak lagi!",
  "quiari_testimonial" : "Testimoni QuiAri",
  "quiari_testimonial_info" : "Isi bidang di bawah untuk berbagi kisah sukses Anda atau pesan inspiratif bagi Promotor lainnya di QuiAri!",
  "rank" : "Peringkat",
  "rank_advancement" : "Kenaikan Peringkat",
  "rank_and_bonuses" : "Peringkat & Bonus",
  "rank_champion" : "Champion",
  "rank_crown_purple_diamond" : "Crown Purple Diamond",
  "rank_diamond" : "Diamond",
  "rank_grand_purple_diamond" : "Grand Purple Diamond",
  "rank_green_diamond" : "Green Diamond",
  "rank_hero" : "Hero",
  "rank_history" : "Riwayat Peringkat",
  "rank_legend" : "Legend",
  "rank_promoter" : "Promoter",
  "rank_purple_diamond" : "Purple Diamond",
  "rank_qualification" : "Kualifikasi Peringkat",
  "rank_qualification_faq_1" : "Bagaimana cara mencapai setiap peringkat?",
  "rank_qualification_faq_1_answer_1" : "Setiap peringkat mensyaratkan jumlah Sales Volume tertentu yang harus diperoleh di Lesser Volume Leg dalam bulan komisi.",
  "rank_qualification_faq_1_answer_2" : "Paket Kompensasi",
  "rank_qualification_faq_2" : "Apa beda peringkat komisi dan peringkat pengakuan?",
  "rank_qualification_faq_2_answer_1" : "Peringkat komisi adalah peringkat untuk pembayaran Anda saat ini. Ini ditentukan berdasarkan Sales Volume (SV) dan ketentuan Paket Kompensasi QuiAri lainnya selama bulan komisi.",
  "rank_qualification_faq_2_answer_2" : "Peringkat pengakuan adalah peringkat tertinggi yang dapat Anda capai.",
  "rank_qualification_faq_3" : "Kapan peringkat komisi dievaluasi?",
  "rank_qualification_faq_3_answer" : "Peringkat komisi dievaluasi pada tanggal 1 setiap bulan berdasarkan bulan sebelumnya. Perlu dicatat bahwa akhir bulan kami dihitung pada tengah malam, UTC (Waktu Universal Terkoordinasi).",
  "rank_rising_star" : "Rising Star",
  "rank_rock_star" : "Rock Star",
  "rank_shooting_star" : "Shooting Star",
  "rank_star" : "Star",
  "rank_super_star" : "Super Star",
  "reason" : "Alasan",
  "recognition" : "Pengakuan",
  "recognition_rank" : "Peringkat Pengakuan",
  "recover" : "Pulihkan",
  "recover_account" : "Pulihkan Akun",
  "recover_account_description" : "Masukkan alamat email yang Anda gunakan untuk masuk ke QuiAri Email akan dikirim ke alamat yang disediakan yang akan memandu Anda melakukan proses pemulihan.",
  "recover_invalid_email" : "Alamat email yang dimasukkan tidak valid untuk upaya pemulihan ini.",
  "recover_max_limit_reached" : "Batas upaya pemulihan maksimal telah dicapai. Coba lagi dalam 24 jam.",
  "recover_successful" : "Email telah dikirim berisi petunjuk untuk mengatur ulang kata sandi Anda.",
  "redeem_now" : "Tukar Sekarang",
  "redeem_voucher" : "Tukar Voucher",
  "redeemable_on" : "Dapat ditukar pada",
  "redeemed_on" : "Ditukar pada",
  "refund" : "Pengembalian dana",
  "refund_processed" : "Pengembalian dana diproses pada {date} sebesar {amount}",
  "remove" : "Hapus",
  "remove_all" : "Hapus Semua",
  "reorder" : "Pesan Ulang",
  "reports" : "Laporan",
  "required" : "Harus Diisi",
  "reset" : "Atur ulang",
  "resources" : "Sumber daya",
  "results" : "Hasil",
  "review_order" : "Tinjau Pesanan",
  "review_order_8" : "Tinjau Total",
  "review_package" : null,
  "review_products" : null,
  "right" : "Kanan",
  "right_bottom" : "Kanan Bawah",
  "right_leg" : "Kaki Kanan",
  "right_placement_description" : "Jika opsi penempatan KANAN dipilih, semua Promotor sponsor pribadi akan ditempatkan di posisi yang tersedia berikutnya di luar bawah kaki kanan.",
  "sales" : "Penjualan",
  "sales_receipt" : "Tanda Terima Penjualan",
  "sales_reciept" : "Tanda Terima Penjualan",
  "sales_volume" : "Sales Volume",
  "sales_volume_amount" : "{amount} Sales Volume",
  "sales_volume_left" : "Sales Volume Kiri",
  "sales_volume_right" : "Sales Volume Kanan",
  "sample_cards" : "Kartu sampel",
  "sampler_pack_description" : "Berisi persediaan 5 hari QuiAri Shake (kantong) dan QuiAri Energy (sachet) untuk penggunaan pribadi.",
  "save" : "HEMAT {amount}",
  "save_autodelivery" : "Simpan AutoDelivery",
  "save_changes" : "Simpan Ubahan",
  "savings" : "Penghematan ({amount}%)",
  "search" : "Cari",
  "search_error" : "Kesalahan Pencarian",
  "see_instructions" : "Lihat petunjuk",
  "select" : "Pilih",
  "select_a_country_to_view_options" : "Pilih negara untuk melihat opsi",
  "select_card" : "Pilih Kartu",
  "select_language" : "Pilih Bahasa",
  "select_payment_type" : "Pilih Jenis Metode Pembayaran",
  "select_preferred_payment_method" : "Pilih Metode Pembayaran Pilihan",
  "select_products" : "Pilih Produk",
  "self_replication_prefix" : "Prefiks Replikasi Sendiri",
  "self_replication_prefix_description" : "Prefiks replikasi sendiri digunakan untuk menentukan URL situs web Anda. Misalnya, jika prefiks replikasi sendiri Anda adalah \"quiarirocks\", URL situs web akan menjadi https://quiarirocks.quiari.com.",
  "sent" : "Terkirim",
  "serving_bag" : "{amount} Kantong Sajian",
  "settings" : "Pengaturan",
  "setup_ewallet_account" : "Siapkan Akun E-wallet Anda",
  "shake_chocolate_description" : "Berisi: 1 Kantong Curah Shake Cokelat (28 sajian)",
  "shake_chocolate_single_description" : "Berisi: 1 Kantong Shake Cokelat (14 sajian)",
  "shake_energy_packs" : "Paket Shake & Energy",
  "shake_energy_prime_packs" : "Paket Shake, Energy, & Prime Gel",
  "shake_vanilla_description" : "Berisi: 1 Kantong Curah Shake Vanila (28 sajian)",
  "shake_vanilla_single_description" : "Berisi: 1 Kantong Shake Vanila (14 sajian)",
  "share" : "SHARE",
  "share_using_self_replicated_website" : "Bagikan QuiAri menggunakan situs web yang diperbanyak otomatis",
  "shipped_to" : "Dikirim Ke",
  "shipping_Rates_individual_1" : "Item Satuan (pesanan kurang dari $50 USD)",
  "shipping_Rates_individual_2" : "Item Satuan (pesanan lebih dari $50 USD)",
  "shipping_address" : "Alamat Pengiriman",
  "shipping_address_and_billing_information" : "Alamat Pengiriman & Informasi Penagihan",
  "shipping_address_create" : "Buat alamat pengiriman baru",
  "shipping_address_required" : "Alamat Pengiriman Harus Diisi",
  "shipping_address_required_description" : "Alamat pengiriman dipilih harus dipilih",
  "shipping_and_billing_information" : "Informasi Pengiriman & Tagihan",
  "shipping_and_billing_information_description" : "Pilih alamat pengiriman dan penagihan, serta metode pembayaran pilihan.",
  "shipping_and_handling" : "Pengiriman & Penanganan",
  "shipping_autodelivery" : "Gunakan alamat pengiriman ini untuk AutoDelivery saya berikutnya",
  "shipping_estimate" : "Perlu waktu 2-10 hari kerja untuk pengiriman. Waktu pengiriman akan berbeda berdasarkan lokasi Anda.",
  "shipping_information" : "Informasi Pengiriman",
  "shop_now" : "Belanja Sekarang",
  "shopping_cart_1" : "Persediaan 1 Bulan QuiAri Shake & QuiAri Energy",
  "showing" : "Menampilkan",
  "sign_here" : "Tanda Tangan di Sini",
  "single_serve_upgrade_description" : "Tingkatkan seluruh pesanan ke paket satu sajian dengan tambahan {amount}",
  "social_media_best_practices" : null,
  "social_security_number" : "Nomor Jaminan Sosial",
  "speed_bonus" : "Speed Bonus",
  "speed_bonus_countdown" : "Hitungan Mundur Speed Bonus",
  "sponsor" : "Sponsor",
  "sponsor_id" : "ID Sponsor",
  "sponsor_link" : "Tautan Sponsor",
  "sponsor_placement_description" : "Once Placed, Cannot Move as Calculations are made and Paid in Real Time",
  "sponsorship_sign_up" : "Pendaftaran Sponsorship",
  "sponsorship_sign_up_description" : "Kirim melalui email atau teks tautan pengajuan ini ke Prospek Anda atau salin tautan untuk mengisi sendiri pengajuan ini.",
  "sponsorship_sign_up_sponsor_id" : "Jika Anda bukan Sponsor Prospek ini, masukkan ID Sponsor di bawah ini",
  "standard_pack_description" : "Berisi: 2 Kotak Prime Gel 2 Kantong Curah Shake (Cokelat atau Vanila) 2 Botol Energy",
  "state_province" : "Negara Bagian / Provinsi",
  "store_description" : "Pilih hingga 5 QuiAri Shake dan 5 QuiAri Energy",
  "subject" : "Subjek",
  "submit" : "Kirim",
  "submit_for_review" : "Kirim untuk Ditinjau",
  "submitted" : "Terkirim",
  "subtotal" : "Subtotal",
  "support" : "Dukungan",
  "support_email" : "support{'@'}quiari.com",
  "support_request" : "Permintaan Dukungan",
  "support_request_text" : "Isi bidang di bawah ini dan staf dukungan akan menjawab sesegera mungkin.",
  "swag_store" : "Toko Aksesori",
  "tablet_bottle" : "{amount} Botol Tablet",
  "tablet_single_serve_packets" : "{amount} ({tablet_count} Tablet) Paket Satu Sajian",
  "tax_classification_c_corporation" : "Perusahaan C",
  "tax_classification_individual" : "Individu/Pemilik Tunggal",
  "tax_classification_partnership" : "Kemitraan",
  "tax_classification_s_corporation" : "Perusahaan S",
  "tax_classification_trust_or_estate" : "Trust/Estate",
  "tax_id" : "NPWP",
  "tax_payer_identification_number" : "Nomor Pokok Wajib Pajak",
  "taxes" : "Pajak",
  "taxes_and_duties" : "Pajak & cukai",
  "team_commissions" : "Team Commission",
  "text_copied" : "Teks disalin ke <i>clipboard</i>",
  "total" : "Total",
  "total_commissions_summary" : "Ringkasan Total Komisi",
  "total_personal_sales_volume_by_month" : "Total Personal Sales Volume Berdasarkan Bulan",
  "track_order" : "Lacak Pesanan",
  "training" : "Pelatihan",
  "try" : "TRY",
  "try_love_share_launch_plan" : "Rencana Peluncuran Try. Love. Share®",
  "try_love_share_launch_plan_description" : "MULAI bisnis Anda dengan CEPAT menggunakan Sistem Sample Sederhana kami.",
  "type" : "Jenis",
  "unlimited_speed_bonuses" : "{num} {month} Speed Bonus Tanpa Batas",
  "update" : "Pembaruan",
  "update_address" : "Perbarui Alamat",
  "update_address_info" : "Masukkan informasi di bawah untuk mengelola alamat ini.",
  "update_autodelivery" : "Perbarui AutoDelivery",
  "update_autodelivery_date" : "Perbarui Tanggal AutoDelivery",
  "update_password" : "Perbarui Kata Sandi",
  "update_password_incorrect" : "Kata sandi yang Anda masukkan salah, masukkan ulang untuk melanjutkan.",
  "update_password_not_match" : "Kata sandi yang Anda masukkan tidak cocok. Periksa dan coba lagi.",
  "update_password_text" : "Perbarui kata sandi akun Anda untuk <i>login</i>. Ini akan langsung berlaku.",
  "update_payment_method" : "Perbarui Metode Pembayaran",
  "update_payment_method_instructions" : "Masukkan informasi di bawah untuk mengelola metode pembayaran ini.",
  "us_based_promoters" : "Promotor Berbasis di AS",
  "vanilla" : "Vanila",
  "verify" : "Verifikasi",
  "videos" : "Video",
  "view_cart" : "Lihat Keranjang",
  "view_details" : "Lihat Detail",
  "view_international_numbers" : "Lihat Nomor Internasional",
  "view_qualifications" : "Lihat Kualifikasi",
  "view_world_wide_shipping_document" : "Untuk melihat perkiraan waktu dan tarif pengiriman, lihat dokumen {0} kami.",
  "volume" : "Volume",
  "volume_history" : "Riwayat Volume",
  "volume_history_by_month" : "Riwayat Volume Bulan Berjalan",
  "volume_history_by_year" : "Ringkasan Riwayat Volume Berdasarkan Tahun",
  "volume_history_summary_by_month" : "Ringkasan Volume Berdasarkan Bulan",
  "volume_history_summary_by_year" : "Ringkasan Volume Berdasarkan Tahun",
  "volume_needed_for_next_rank" : "Volume yang diperlukan untuk peringkat berikutnya:",
  "volume_summary_by_month" : "Ringkasan Volume Berdasarkan Bulan",
  "volume_summary_by_year" : "Ringkasan Volume Berdasarkan Tahun",
  "w9_and_instructions_pdf" : "Formulir W-9 dan PDF petunjuk",
  "w9_certification" : "Pernyataan",
  "w9_certification_1" : "Dengan ancaman hukuman atas keterangan palsu, saya menyatakan bahwa:",
  "w9_certification_2" : "Jumlah yang ditunjukkan dalam formulir ini adalah nomor pokok wajib pajak saya yang benar (atau saya menunggu penerbitan nomor untuk saya); dan",
  "w9_certification_3" : "Saya tidak dikenakan pemotongan pajak karena:",
  "w9_certification_4" : "Saya dibebaskan dari pemotongan pajak, atau",
  "w9_certification_5" : "Saya tidak mendapat pemberitahuan dari Internal Revenue Service (IRS) bahwa saya dapat dikenakan pemotongan pajak karena tidak melaporkan semua bunga atau dividen, atau",
  "w9_certification_6" : "IRS telah memberi tahu saya bahwa saya tidak lagi dikenai pemotongan pajak; dan",
  "w9_certification_7" : "Saya warga negara AS atau orang AS lainnya (didefinisikan di bawah); dan",
  "w9_certification_8" : "Kode FATCA yang dimasukkan dalam formulir ini (jika ada) menunjukkan bahwa memang benar saya dibebaskan dari pelaporan FATCA.",
  "w9_certification_9" : "Petunjuk pernyataan. Anda harus mencoret item 2 di atas jika Anda telah diberi tahu oleh IRS bahwa Anda sat ini dikenakan pemotongan pajak karena tidak melaporkan semua bunga dan dividen dalam SPT Anda. Item 2 tidak berlaku untuk transaksi <i>real estate</i>. Untuk bunga hipotek terbayar, akuisisi atau pelepasan properti terjamin, pembatalan utang, kontribusi terhadap pengaturan pensiun perorangan (IRA), dan secara umum, pembayaran selain bunga dan dividen, Anda tidak diharuskan menandatangani pernyataan, tetapi harus memberikan NPWP yang benar. Lihat petunjuk untuk Bagian II, selanjutnya.",
  "w9_form" : "Formulir IRS W-9",
  "w9_notice" : "Anda harus mengisi yang wajib {0} untuk melengkapi proses pendaftaran akun E-Wallet Anda.",
  "w9_registration_form" : "Formulir Pendaftaran W9",
  "w9_submit_error" : "Ada kesalahan",
  "w9_submit_error_description" : "Kesalahan terjadi. Coba lagi beberapa menit.",
  "w9_submitted" : "W9 Berhasil Dikirim",
  "w9_submitted_description" : "Informasi pajak W9 Anda berhasil dikirim untuk ditinjau.",
  "ward" : "Divisi",
  "welcome" : "Selamat Datang!",
  "world_wide_shipping_document" : "Dokumen Pengiriman Seluruh Dunia",
  "year" : "Tahun",
  "yearly_commissions_summary" : "Ringkasan Komisi Tahunan",
  "yes" : "Ya",
  "your_testimonial" : "Testimoni Anda"
}