{
  "15_gel_boxes_description" : "Includes:\n15 Boxes of Prime Gel",
  "1_pack_description" : "Includes:\n1 Bulk Bag of Shake (Chocolate or Vanilla)\n1 Bottle of Energy",
  "2_pack_description" : "Includes:\n2 Bulk Bags of Shake (Chocolate or Vanilla)\n2 Bottles of Energy",
  "2_pack_gel_description" : "Includes:\n2 Boxes of Prime Gel",
  "3_gel_boxes_description" : "Includes:\n3 Boxes of Prime Gel",
  "4_pack_description" : "Includes:\n4 Bulk Bags of Shake (Chocolate or Vanilla)\n4 Bottles of Energy",
  "4_pack_gel_description" : "Includes:\n4 Boxes of Prime Gel",
  "6_gel_boxes_description" : "Includes:\n6 Boxes of Prime Gel",
  "8_pack_gel_description" : "Includes:\n8 Boxes of Prime Gel",
  "Active" : "액티브",
  "Cycled" : "팀커미션",
  "Ending" : "종료",
  "New" : "신규",
  "Starting" : "스타팅",
  "active" : "액티브",
  "active_cycle_volume" : "액티브 사이클 볼륨",
  "active_tripack_description" : "Includes:\n1 Box of Prime Gel\n1 Bulk Bag of Shake (Chocolate or Vanilla)\n1 Bottle of Energy",
  "add_address" : "주소 추가",
  "add_payment_method" : "결제 방법 추가",
  "add_shipping_address" : "주문 추정액을 가져오려면 배송 주소 추가",
  "add_to_autodelivery" : "AutoDelivery에 추가",
  "add_to_cart" : "장바구니에 추가",
  "address_instructions" : "이 주소를 추가하려면 아래 정보를 입력하세요.",
  "address_line_1" : "주소 1",
  "address_line_2" : "주소 2",
  "all" : "전체",
  "amount" : "금액",
  "are_you_sure_customer_to_promoter" : "프로모터가 되시겠어요?",
  "as_shown_on_your_income_tax_return" : "소득세 신고서에 명시된 대로",
  "auto" : "자동 배치",
  "auto_delivery" : "오토 딜리버리",
  "auto_placement_description" : "AUTO를 선택하시면, 처음으로 후원하는 사람이 후원자와 같은 구간에 배치됩니다. 예를 들어, 귀하가 스폰서의 우측 구간에 배치되면 귀하가 개인적으로 처음 후원하는 사람이 귀하의 우측 구간에 배치됩니다.",
  "auto_placement_description_2" : "이후 새로운 프로모터는 판매량이 가장 적은 구간 외부에 배치됩니다.",
  "auto_placement_description_3" : "두 구간의 판매량이 동일한 경우, 새로운 프로모터는 구간 수가 가장 적은 구간의 외부에 배치됩니다.",
  "autodelivery_cancel" : "AutoDelivery 취소",
  "autodelivery_cancel_error" : "Failed to cancel your AutoDelivery, please contact support.",
  "autodelivery_cancel_success" : "Successfully cancelled your AutoDelivery.",
  "autodelivery_description" : "오토 딜리버리는 원하는 제품을 최대 12% 할인된 가격으로 구매하고 30일 마다 자동으로 배송되는 프로그램 입니다\n지금 오토 딜리버리에 가입하여 할인을 받으시고, 원하시는 키아리 제품을 매월 자동으로 배송 받아 보세요! 언제든 오토 딜리버리 제품을 변경하실 수 있습니다.",
  "autodelivery_disclaimer" : "오토 딜리버리 신청 전, 아래 내용을 반드시 숙지하신 후 주문 및 신청하여 주시기 바랍니다.\n\n1. '오토 딜리버리' 는 원하시는 제품을 등록하면 매월 자동으로 배송 받으실 수 있습니다.\n2. '오토 딜리버리' 신청 후 한도초과, 분실, 유효기간 만료 등 결제 실패 사유로 주문이 거절될 수 있으므로, 반드시 결제 수단을 확인해 주시기 바랍니다. 회사는 재결제를 시도할 수 있으나 이에 대한 의무 또는 책임이 없습니다.\n3. '일반 오토 딜리버리' 이용 중 주소 변경, 제품 변경, 결제정보 변경, 결제일 변경의 경우 다음 번 주문 결제일의 최소 5영업일 이전까지 변경해 주셔야 합니다. \n'오토 딜리버리' 의 신용카드 정보를 변경할 경우, 반드시 [주문 > 일반 오토 딜리버리]에서 결제 방법을 변경해 주셔야만 합니다. \n[내 계정 > 내 결제 방법] 에서 변경할 경우, '오토 딜리버리' 의 결제 정보는 변경되지 않습니다.\n4. '선결제 오토 딜리버리' 는 결제 완료 후 정보 변경이 불가하오니 신중히 등록해 주시기 바랍니다. \n5. '오토 딜리버리' 이용 중 해지를 원할 경우, 다음 번 주문 결제일의 최소 5영업일 이전까지 키아리코리아 공식 이메일(korea{'@'}quiari.com)로 통보해야 하며, 발송 시 본인의 아이디와 연락처 및 요청사항이 포함되어야 합니다. 이메일 접수 내용의 부족으로 인해 요청사항이 거절될 수 있으므로, 반드시 회신된 이메일을 확인하시기 바랍니다.\n6. '오토 딜리버리' 에 포함된 품목이 품절, 단종으로 인해 주문이 되지 않을 경우 배송 시 해당 내용이 표기되어 통지됩니다.\n7. 이 외 교환/반품/배송에 대한 사항은 키아리코리아의 회원 약관을 참고해 주시기 바랍니다. ",
  "autodelivery_faq_1" : "AutoDelivery란?",
  "autodelivery_faq_1_answer" : "An AutoDelivery order is a recurring monthly product shipment. By signing up for AutoDelivery, you can save up to 28% on your product purchase.",
  "autodelivery_faq_2" : "내 AutoDelivery 주문을 수정할 수 있나요?",
  "autodelivery_faq_2_answer" : "\"주문\"으로 이동하고 드롭다운 메뉴에서 \"내 AutoDelivery\"를 클릭하면 AutoDelivery를 편집할 수 있습니다. AutoDelivery 주문 시, 각 제품을 최대 5개(QuiAri 쉐이크 5개와 QuiAri 에너지 5개) 포함할 수 있습니다.",
  "autodelivery_faq_3" : "내 AutoDelivery 주문을 취소할 수 있나요?",
  "autodelivery_faq_3_answer" : "예, 가능합니다. AutoDelivery 주문을 취소하려면 포털에 로그인하고 \"주문\"을 클릭한 다음, \"내 AutoDelivery\"를 클릭하세요.",
  "autodelivery_faq_4" : "어떻게 하면 매월 무료로 AutoDelivery를 받을 수 있나요?",
  "autodelivery_faq_4_answer_1" : "You must be on AutoDelivery with at least 50 SV (Sales Volume)",
  "autodelivery_faq_4_answer_2" : "You must have 2 Personally Sponsored Customers on AutoDelivery within the last 30 days with orders generating 50 SV or more.",
  "autodelivery_faq_4_answer_3" : "You now qualify for FREE product!",
  "autodelivery_faq_4_answer_4" : "Once all criteria has been met, QuiAri’s system reviews your Customers’ AutoDelivery orders generating 50 SV or more within the last 30 days and takes the average of their totals. The result is the product credit you will receive. Please note that the total credit cannot exceed $118.80 USD and shipping, duties, VAT, or any applicable international products fees do not apply.",
  "autodelivery_faq_5" : "날짜를 변경하거나 내 AutoDelivery 주문을 취소할 수 있나요? ",
  "autodelivery_faq_5_answer" : "예, 가능합니다. 날짜를 변경하거나 AutoDelivery 주문을 취소하려면 포털에 로그인하고 \"주문\"을 클릭한 다음, \"내 AutoDelivery\"를 클릭하세요.",
  "autodelivery_faq_6" : "How does Prepaid AutoDelivery work?",
  "autodelivery_faq_6_answer" : "Go to “Order” in the Navigation Bar and select “My AutoDelivery.” You can choose to pre-pay your AutoDelivery for a period of 3, 6, or 9 months in advance and save up to 12% on your total product order. Your Prepaid AutoDelivery will be processed and billed to your credit or debit card today for the monthly services. Prepaid AutoDelivery is not eligible for returns or refunds beyond our 30-Day Return Policy from the date Prepaid AutoDelivery is set. Your monthly Prepaid AutoDelivery volume will cycle every 30 days until your AutoDelivery expires. Please note that you must also pre-pay for your products 3, 6, or 9 months in advance to receive Prepaid AutoDelivery. You will receive an email when it is time to renew your Prepaid AutoDelivery. Please note that Prepaid AutoDelivery does not automatically renew. You must go through the Portal (to “Order” in the Navigation Bar) and repeat the proces for signing up for Prepaid AutoDelivery.",
  "autodelivery_faq_7" : "Is Prepaid AutoDelivery refundable and can I make any changes once processed?",
  "autodelivery_faq_7_answer" : "Prepaid AutoDelivery is not refundable. Your products are eligible for return under our standard 30-Day Return Policy. Once your Prepaid AutoDelivery is processed, no changes can be made to your order, term length, or AutoDelivery date.",
  "autodelivery_header_1" : "다음 AutoDelivery 예약은",
  "autodelivery_header_2" : "AutoDelivery를 취소하려면 지원 팀에 문의하거나 'AutoDelivery 취소' 버튼을 클릭하세요.",
  "autodelivery_modify_payment_description" : "오토 딜리버리 프로그램에 대해 궁금하신 점이 있으시다면 FAQ 메뉴를 확인해 보시거나, 고객지원팀 korea{'@'}quiari.com / 02-6205-1900 으로 연락 주시기 바랍니다.",
  "autodelivery_totals" : "오토 딜리버리 합계",
  "back_to_shipping" : "뒤로가기",
  "bag" : "봉",
  "basic_pack_description" : "Includes:\n1 Box of Prime Gel\n1 Bulk Bag of Shake (Chocolate or Vanilla)\n1 Bottle of Energy",
  "become_a_promoter" : "프로모터 되기",
  "billing_address" : "청구 주소",
  "billing_email_address" : "청구 이메일 주소",
  "binary_leg" : "바이너리 구간",
  "binary_placement_options" : "바이너리 배치 옵션",
  "binary_placement_update_description" : "기본 바이너리 배치가 {placement}(으)로 업데이트되었습니다. 등록하는 새로운 프로모터는 이 새로운 설정에 따라 배치됩니다.",
  "binary_placement_updated" : "바이너리 배치 업데이트됨",
  "bonus_product" : "{num} {month}의 보너스 제품",
  "bonus_product_body" : "좋은 소식! 보너스 제품 바우처*는 최초 구매 후 30일 이내에 여기에서 사용할 수 있습니다. 받게 될 바우처 수는 구매한 프로모터 패키지에 따라 결정됩니다. 궁금한 점은 에 문의하세요. ",
  "bonus_product_disclaimer" : "*1바우처 = QuiAri 쉐이크와 QuiAri 에너지 1개월분이며, 매월 1개 바우처만 사용할 수 있습니다. 1회 제공 옵션은 추가 수수료 교환 후 사용할 수 있습니다. 가격에는 배송비, 관세, VAT 또는 해당하는 모든 국제 제품 수입 수수료가 포함되어 있지 않습니다.",
  "bonus_product_title" : "보너스 제품",
  "bonus_product_voucher" : "보너스 제품 바우처",
  "bonuses" : "보너스",
  "both" : "둘 다",
  "bottle" : "병",
  "bug_report" : "시스템 오류",
  "builder_pack_description" : "Includes:\n4 Boxes of Prime Gel\n4 Bulk Bags of Shake (Chocolate or Vanilla)\n4 Bottles of Energy",
  "business_name" : "상호 / 불인정 법인명",
  "cancel" : "취소",
  "capped" : "캡",
  "card_number" : "카드 번호",
  "carrier" : "운송업체",
  "carrier_tracking_number" : " 택배 운송장번호",
  "change_password" : "암호 변경",
  "change_primary_address" : "기본 주소 변경",
  "change_product_selection" : "주문 제품 변경",
  "checkout" : "결제",
  "checkout_autodelivery_discount" : "오토 딜리버리 할인",
  "checkout_estimated_shipping_and_handling" : "배송비",
  "checkout_review_order" : "주문 검토",
  "checkout_shipping_estimate" : "(배송에 {min}~{max}영업일 소요)",
  "checkout_tax" : "부가세",
  "chocolate" : "초콜릿",
  "choose_individual_products" : "개별 제품 선택",
  "choose_option_below" : "옵션 선택",
  "choose_package_items_total" : "(총 {amount} 선택)",
  "choose_products" : "제품 선택",
  "city" : "도시",
  "click_link_for_schedule" : "Click the link for the schedule.",
  "click_to_download" : "클릭하여 다운로드",
  "close" : "닫기",
  "commission" : "커미션",
  "commission_history" : "커미션 내역",
  "commission_rank" : "커미션 등급",
  "commission_rank_history" : "직급 내역",
  "commissions" : "커미션",
  "commissions_faq_1" : "팀 커미션이란?",
  "commissions_faq_10" : "빠른 시작 보너스는 어떻게 받나요?",
  "commissions_faq_10_answer_1" : "프로모터는 개인적으로 후원하는 프로모터의 초기 제품 팩 주문에 따라 최대 $200 USD의 빠른 시작 보너스를 받습니다.\n",
  "commissions_faq_10_answer_2" : "1팩 - $20 USD",
  "commissions_faq_10_answer_3" : "2팩 - $40 USD",
  "commissions_faq_10_answer_4" : "4팩 - $80 USD",
  "commissions_faq_10_answer_5" : "10팩 - $200 USD",
  "commissions_faq_10_answer_6" : "QuiAri 쉐이크(28일) - $7.50 USD",
  "commissions_faq_10_answer_7" : "QuiAri 쉐이크(14일) - $3.75 USD",
  "commissions_faq_10_answer_8" : "QuiAri 에너지 - $3.75 USD",
  "commissions_faq_10_answer_9" : "5일 샘플 - $1.50 USD",
  "commissions_faq_11" : "매칭 보너스는 어떻게 받나요?",
  "commissions_faq_11_answer" : "등급이 올라감에 따라 QuiAri는 팀 교육 및 성장에 대한 매칭 보너스로 보상합니다. 귀하의 인정 등급에 따라 개인 후원 라인의 레벨 1~7에서 획득한 팀 커미션의 최대 80%를 얻으세요.",
  "commissions_faq_12" : "라이프스타일 보너스는 어떻게 받나요?",
  "commissions_faq_12_answer_1" : "자격을 갖추어야 하며 지난 30일 동안의 커미션 등급에 따라 수여됩니다.  히어로~레전드 등급의 경우 매월 1일에 그룹 판매량을 확인하고 15일에 지급합니다. 다이아몬드~퍼플 다이아몬드 등급의 경우 이전 2개월을 평가합니다.",
  "commissions_faq_12_answer_2" : "히어로: $500 USD",
  "commissions_faq_12_answer_3" : "레전드: $1,000 USD",
  "commissions_faq_12_answer_4" : "다이아몬드: $1,500 USD",
  "commissions_faq_12_answer_5" : "그린 다이아몬드: $2,500 USD",
  "commissions_faq_12_answer_6" : "퍼플 다이아몬드: $5,000 USD",
  "commissions_faq_12_answer_7" : "Grand Purple Diamond: $6,000 USD",
  "commissions_faq_12_answer_8" : "Crown Purple Diamond: $7,500 USD",
  "commissions_faq_13" : "스피드 보너스는 어떻게 받나요?",
  "commissions_faq_13_answer_1" : "Shake & Energy Only Packages",
  "commissions_faq_13_answer_10" : "Product Packages",
  "commissions_faq_13_answer_11" : "8 Pack: 60 Days to earn unlimited Speed Bonuses",
  "commissions_faq_13_answer_12" : "4 Pack: 30 Days to earn unlimited Speed Bonuses",
  "commissions_faq_13_answer_13" : "2 Pack: 14 Days to earn unlimited Speed Bonuses",
  "commissions_faq_13_answer_2" : "Founders Pack: 90 Days to earn unlimited Speed Bonuses",
  "commissions_faq_13_answer_3" : "4 Pack: 60 Days to earn unlimited Speed Bonuses",
  "commissions_faq_13_answer_4" : "2 Pack: 30 Days to earn unlimited Speed Bonuses",
  "commissions_faq_13_answer_5" : "1 Pack: 14 Days to earn unlimited Speed Bonuses",
  "commissions_faq_13_answer_6" : "Gel Only Packages",
  "commissions_faq_13_answer_7" : "Builder Pack: 60 Days to earn unlimited Speed Bonuses",
  "commissions_faq_13_answer_8" : "Standard Pack: 30 Days to earn unlimited Speed Bonuses",
  "commissions_faq_13_answer_9" : "Basic Pack: 14 Days to earn unlimited Speed Bonuses",
  "commissions_faq_14" : "사이클 보너스는 어떻게 받나요?",
  "commissions_faq_14_answer_1" : "그룹 판매량(GSV)이 누적되면 좌측과 우측 구간에 100 GSV가 매칭될 때마다 팀 커미션이 적립되며, 이 사이클이 무제한 수준으로 반복됩니다. 귀하의 등급에 따라 사이클 금액이 결정됩니다.",
  "commissions_faq_14_answer_10" : "다이아몬드: $17.50 USD",
  "commissions_faq_14_answer_11" : "그린 다이아몬드: $17.50 USD",
  "commissions_faq_14_answer_12" : "퍼플 다이아몬드: $20 USD",
  "commissions_faq_14_answer_13" : "Grand Purple Diamond: $20 USD",
  "commissions_faq_14_answer_14" : "Crown Purple Diamond: $20 USD",
  "commissions_faq_14_answer_2" : "스타: $10 USD",
  "commissions_faq_14_answer_3" : "라이징 스타: $10 USD",
  "commissions_faq_14_answer_4" : "슈팅 스타: $12.50 USD",
  "commissions_faq_14_answer_5" : "락 스타: $12.50 USD",
  "commissions_faq_14_answer_6" : "슈퍼 스타: $12.50 USD",
  "commissions_faq_14_answer_7" : "챔피온: $15 USD",
  "commissions_faq_14_answer_8" : "히어로: $15 USD",
  "commissions_faq_14_answer_9" : "레전드: $17.50 USD",
  "commissions_faq_15" : "자격이 없는 경우 내 커미션은 어떻게 되나요?",
  "commissions_faq_16" : "판매량(SV)이 소멸되나요?",
  "commissions_faq_16_answer_1" : "예, 60일 동안 활동이 없으면 판매량이 소멸됩니다. 직접 제품을 구매하거나 25 개인 판매량(PSV)의 최소 요구 사항을 충족하는 고객에게 제품을 판매하면 활성 상태가 유지됩니다.",
  "commissions_faq_16_answer_2" : "활성 상태를 유지하려면 매월 최소 25 개인 판매량을 달성해야 합니다.",
  "commissions_faq_17" : "등급 승급 보너스는 어떻게 받나요?",
  "commissions_faq_17_answer_1" : "등급이 올라갈 때마다 일회성 보너스를 받습니다(라이징 스타 이상). 챔피언부터 레전드 등급까지는 2개월 연속 유지해야 자격을 유지할 수 있습니다. 그린 다이아몬드와 퍼플 다이아몬드는 3개월 연속 유지해야 합니다.",
  "commissions_faq_17_answer_10" : "그린 다이아몬드: $12,500 USD",
  "commissions_faq_17_answer_11" : "퍼플 다이아몬드: $25,000 USD",
  "commissions_faq_17_answer_12" : "Grand Purple Diamond: $27,500 USD",
  "commissions_faq_17_answer_13" : "Crown Purple Diamond: $30,000 USD",
  "commissions_faq_17_answer_2" : "라이징 스타: $50 USD",
  "commissions_faq_17_answer_3" : "슈팅 스타: $100 USD",
  "commissions_faq_17_answer_4" : "락 스타: $250 USD",
  "commissions_faq_17_answer_5" : "슈퍼 스타: $500 USD",
  "commissions_faq_17_answer_6" : "챔피온: $1,250 USD",
  "commissions_faq_17_answer_7" : "히어로: $2,500 USD",
  "commissions_faq_17_answer_8" : "레전드: $5,000 USD",
  "commissions_faq_17_answer_9" : "다이아몬드: $7,500 USD",
  "commissions_faq_18" : "고객 보너스는 어떻게 받나요?",
  "commissions_faq_18_answer" : "고객 보너스는 모든 개인 후원 고객의 초기 주문 및 재주문에 대한 판매량(SV)의 20%를 기준으로 계산됩니다.",
  "commissions_faq_19" : "고객도 계보 트리에 적용되나요?",
  "commissions_faq_19_answer" : "아니요, 트리에는 적용되지 않습니다.",
  "commissions_faq_1_answer" : "팀 커미션은 QuiAri 보상 플랜의 중요한 요소이며, 두 개의 구간이 있는 바이너리 트리에서 계산됩니다 (좌측과 우측). 바이너리 트리 내에서 성공적으로 구축한 그룹 판매량(GSV)에 따라 보상을 받게 됩니다.",
  "commissions_faq_2" : "팀 커미션은 어떻게 계산되나요?",
  "commissions_faq_20" : "고객의 판매량(SV)이 계보 트리에 적용되나요?",
  "commissions_faq_20_answer" : "예. 시스템이 귀하를 최소 75 PSV(개인 판매량)의 활성 상태라고 판단하면 고객 구매와 관련된 판매량은 QuiAri 포털에서 입력하신 바이너리 설정(좌측, 우측, 자동)에 따라 배치됩니다. 따라서 개인 후원 고객의 팀 커미션을 극대화할 수 있습니다.",
  "commissions_faq_2_answer_1" : "각 제품 패키지에는 판매량이라는 포인트 값이 있습니다. 조직 내에서 제품이 판매될 때마다 전체 업라인에 대한 판매량이 생성됩니다.",
  "commissions_faq_2_answer_2" : "이 포인트가 누적되면 팀 커미션을 받게 됩니다. 프로모터는 좌측과 우측 구간 모두에 100 SV가 누적될 때마다 순환합니다.",
  "commissions_faq_2_answer_3" : "지급되지 않은 그룹 판매량은 이월됩니다.",
  "commissions_faq_3" : "팀 커미션을 받을 자격은 어떻게 얻나요?",
  "commissions_faq_3_answer" : "자격을 갖추려면 매월 최소 25 PSV의 활성 상태인 좌측 및 우측 구간 모두에 한 명 이상의 개인 후원 프로모터가 있어야 합니다. 락 스타 이상은 75 PSV입니다.",
  "commissions_faq_4" : "내가 구매한 내역도 커미션 자격에 반영되나요?",
  "commissions_faq_4_answer" : "귀하의 개인 구매는 활성 상태가 되는 데 기여하지만, 커미션을 받을 자격을 얻으려면 좌측 및 우측 구간에 2명의 활성 프로모터를 개인적으로 후원해야 합니다.",
  "commissions_faq_5" : "QuiAri 보상 플랜으로 얼마나 수익을 올릴 수 있을까요?",
  "commissions_faq_5_answer" : "QuiAri 사업 기회는 무한한 잠재적 수입원을 제공합니다. 그러나 QuiAri는 재정적 성공을 보장하지는 않습니다. QuiAri와 함께 성공한다는 것은 노력, 근면, 기술, 끈기, 능력 및 리더십이 필요한 성공적인 영업 노력의 결과입니다. 귀하의 수입은 이러한 자질을 얼마나 잘 발휘하느냐에 달려 있습니다.",
  "commissions_faq_6" : "월간 팀 커미션 적립 액수에 상한이 있나요?",
  "commissions_faq_6_answer_1" : "챔피온: $5,000 USD/주",
  "commissions_faq_6_answer_2" : "히어로: $10,000 USD/주",
  "commissions_faq_6_answer_3" : "레전드: $15,000 USD/주",
  "commissions_faq_6_answer_4" : "다이아몬드: $20,000 USD/주",
  "commissions_faq_6_answer_5" : "그린 다이아몬드: $25,000 USD/주",
  "commissions_faq_6_answer_6" : "퍼플 다이아몬드: $50,000 USD/주",
  "commissions_faq_6_answer_7" : "Grand Purple Diamond: $50,000 USD/week",
  "commissions_faq_6_answer_8" : "Crown Purple Diamond: $50,000 USD/week",
  "commissions_faq_6_comp_plan" : "자세한 내용은 QuiAri의 보상 플랜을 참조하세요.",
  "commissions_faq_7" : "각 제품 패키지와 제품에 연결된 판매량(SV)은 무엇인가요?",
  "commissions_faq_7_answer_1" : "Shake & Energy Packs",
  "commissions_faq_7_answer_10" : "Founders Pack: 600 SV",
  "commissions_faq_7_answer_11" : "Builder Pack: 400 SV",
  "commissions_faq_7_answer_12" : "Standard Pack: 200 SV",
  "commissions_faq_7_answer_13" : "Basic Pack: 100 SV",
  "commissions_faq_7_answer_14" : "Gel Only Packs",
  "commissions_faq_7_answer_15" : "8 Pack: 360 SV",
  "commissions_faq_7_answer_16" : "4 Pack: 180 SV",
  "commissions_faq_7_answer_17" : "2 Pack: 90 SV",
  "commissions_faq_7_answer_18" : "Build Your Own Packs",
  "commissions_faq_7_answer_19" : "Shake Bag: 50 SV",
  "commissions_faq_7_answer_2" : "QuiAri 쉐이크: 50 SV",
  "commissions_faq_7_answer_20" : "Prime Gel Box: 45 SV",
  "commissions_faq_7_answer_21" : "Energy Bottle: 25 SV",
  "commissions_faq_7_answer_3" : "QuiAri 에너지: 25 SV",
  "commissions_faq_7_answer_4" : "5일 샘플: 10 SV",
  "commissions_faq_7_answer_5" : "프로모터 제품 패키지(한 번만 구입 가능)",
  "commissions_faq_7_answer_6" : "1팩 - 75 SV",
  "commissions_faq_7_answer_7" : "2팩 - 150 SV",
  "commissions_faq_7_answer_8" : "4팩 - 300 SV",
  "commissions_faq_7_answer_9" : "7팩 - 500 SV",
  "commissions_faq_8" : "판매량은 어떻게 적립하나요?",
  "commissions_faq_8_answer" : "판매량을 적립하려면 매월 최소 25 PSV를 창출하여 활성 상태를 유지해야 합니다. 락 스타 이상은 75 PSV 이상 창출해야 합니다.",
  "comp_plan" : "보상 플랜",
  "company_name" : "회사명",
  "compensation_plan" : "보상 플랜",
  "confirm" : "확인",
  "confirm_new_password" : "새 암호 확인",
  "confirm_password" : "암호 확인",
  "contact_us" : "문의하기",
  "copied" : "복사됨",
  "copied_successfully" : "성공적으로 복사했습니다!",
  "copy_link" : "링크 복사",
  "copy_video_url" : "Copy Video URL",
  "corporate_announcements" : "회사 공지",
  "cost" : "금액",
  "country" : "국가",
  "current_commission_rank" : "현재 커미션 직급",
  "current_password" : "현재 암호",
  "currently_have_no_customers" : "현재 고객이 없습니다",
  "customer_id" : "커스터머 회원번호",
  "customer_info_1" : "전 세계 사람들이 QuiAri 제품과 사랑에 빠져 일생일대의 변화를 체험하고 있습니다! 그리고 이 사람들은 QuiAri 제품을 홍보하고 판매가 이루어질 때마다 수익도 올리고 있습니다. 가장 빠르게 성장하는 글로벌 재택 비즈니스 기회를 놓치지 마세요.",
  "customer_info_2" : "QuiAri 프로모터가 되시면 부업 또는 전업 근로자와 같은 소득을 올리고 무료 제품을 얻을 수 있는 다양한 방법이 있습니다.",
  "cycle" : "팀커미션",
  "dashboard" : "대시보드",
  "dashboard_business_app" : "QuiAri 비즈니스 앱",
  "dashboard_business_app_description" : "지금 다운로드하여 수입을 추적하고, 고객과 잠재 고객을 등록하고, 제품을 구매하고, QuiAri 뉴스 등 최신 정보를 얻고, 이동 중에 비즈니스를 관리하세요.",
  "dashboard_business_opportunity" : "QuiAri 비즈니스 기회 프레젠테이션",
  "dashboard_business_opportunity_info" : "Direct people on your Team to the Business Opportunity Presentation. Check social media {'@'}QuiAriOfficial or your email for the schedule.",
  "dashboard_current_month" : "이번 달",
  "dashboard_download_now" : "지금 다운로드",
  "dashboard_follow_social_media" : "당사의 소셜 미디어 계정을 팔로우 하시고 새로운 소식을 가장 먼저 받아 보세요! ",
  "dashboard_get_paid_in_5" : "{0} 를 공유하여\n자신의 팀에게 동기를 부여하고 영감을 주고, 팀을 성장시켜 보세요!",
  "dashboard_getting_started" : "시작하기",
  "dashboard_live_feed" : "라이브 피드",
  "dashboard_my_commissions" : "커미션",
  "dashboard_my_qualifications" : "볼륨",
  "dashboard_purple_diamond_guide" : "따라하기 쉬운 {0} 정상에 도달할 방법을 배워보세요.",
  "dashboard_qualified" : "유자격",
  "dashboard_recent_orders" : "최근 주문",
  "dashboard_self_replicated_site" : "개인 웹사이트 링크",
  "dashboard_share_your_story" : "내 스토리 공유",
  "dashboard_stay_plugged_in" : "SNS",
  "dashboard_steps" : "이러한 간단한 단계를 따라 다음에 대한 방법을 알아보세요:",
  "dashboard_steps_1" : "성공을 위해 마음가짐을 다시 프로그래밍하는 법",
  "dashboard_steps_2" : "초대 질의 사항을 통달하는 법",
  "dashboard_steps_3" : "자신의 팀에 대한 복제 문화(Culture Of Duplication)를 구축하는 법",
  "dashboard_steps_4" : "자신의 전망에 대한 후속 조치를 취하는 법",
  "dashboard_steps_5" : "이야기할 사람들이 부족해지지 않는 법",
  "dashboard_steps_6" : "올바르게 시작하는 법",
  "dashboard_testimonial" : " 여러분의 의견을 기다립니다!",
  "dashboard_testimonial_description" : "당신의 인생을 바꾼 기회나 제품이 있나요? 스토리를 공유하시면 라이브 피드와 소셜 미디어에 소개될 기회를 드립니다!",
  "dashboard_year_to_date" : "올해 초부터 현재까지",
  "date" : "날짜",
  "date_earned" : "기간검색",
  "date_joined" : "가입일자",
  "ddu_disclaimer" : "가격에는 배송 시 부과될 수 있는 세금, 관세가 포함되어 있지 않습니다.",
  "delete" : "삭제",
  "disclaimers" : "Disclaimers",
  "discount" : "할인",
  "district" : "지역",
  "documents" : "자료실",
  "download" : "Download",
  "earned_on" : "후원수당 발생일",
  "edit" : "편집",
  "edit_address" : "주소 편집",
  "email_address" : "이메일 주소",
  "email_address_or_member_id" : "이메일 주소 또는 프로모터 번호",
  "email_receipt" : "이메일 수령",
  "emails" : "이메일",
  "employer_identification_number" : "고용주 식별 번호",
  "empty_cart" : "빈 장바구니",
  "ending_with" : "접미사",
  "energy_bottle_description" : "Includes:\n1 Bottle of Energy  (60 servings)",
  "energy_single_serve_description" : "Includes:\n1 Bag of Energy  (60 servings)",
  "enter_login_details" : "로그인 하시려면 아래에 해당 정보를 입력하세요.",
  "error" : "오류",
  "estimated_shipping_and_handling" : "예상 배송 및 취급",
  "event_description" : "이벤트 설명",
  "ewallet_account" : "전자 지갑 계정 정보",
  "ewallet_notice" : "전자 지갑 계정을 설정하려면 다음 양식을 작성해야 합니다. {0}",
  "ewallet_setup_notice" : "전자 지갑 계정은 최초 커미션을 받게 되면 5영업일 후 자동으로 설정됩니다. 이 한 번의 프로세스로 가장 높은 수준의 안전과 보안이 보장됩니다. 계정이 활성화되면 당일 지불이 제공하는 특별한 혜택을 모두 누릴 수 있습니다!",
  "exempt_payee_code" : "수취인 코드 면제(해당하는 경우)",
  "exemption_from_fatca_reporting_code" : "FATCA 보고 코드에서 면제(해당하는 경우)",
  "exemptions" : "면제",
  "existing_monthly_autodelivery" : "You already have a Monthly AutoDelivery currently active on your account. You cannot set up a Prepaid AutoDelivery until you cancel your AutoDelivery.",
  "existing_prepaid_autodelivery" : "You already have a Prepaid AutoDelivery in progress. You cannot set up autodelivery at this time.",
  "expiration" : "만료",
  "expiration_month" : "만료 월",
  "expiration_year" : "만료 연도",
  "expired_on" : "만료 날짜",
  "expires" : "만료",
  "extend_prepaid_autodelivery" : "선결제 오토 딜리버리 연장",
  "faqs" : "FAQs",
  "fast_start" : "패스트스타트 보너스",
  "fast_start_bonus" : "패스트스타트 보너스",
  "fda_notice" : "이러한 설명은 FDA에 의해 평가되지 않았습니다. 이러한 제품은 질병을 진단, 치료, 치유 또는 예방하기 위한 것이 아닙니다.",
  "feature_request" : "기능 요청",
  "federal_tax" : "연방세",
  "federal_tax_classification" : "연방세 분류",
  "feedback" : "건의하기",
  "field_required" : "이 필드는 필수입니다",
  "first_name" : "이름",
  "fitness" : "Fitness",
  "forgot_password" : "비밀번호를 잊으셨습니까?",
  "founders_pack_description" : "Includes:\n6 Boxes of Prime Gel\n5 Bags of Chocolate Shake (Single-Serve)\n5 Bags of Vanilla Shake (Single-Serve)\n5 Bags of Energy (Single-Serve)",
  "free" : "무료",
  "free_tour_marketing_system" : "무료 투어 마케팅 시스템",
  "free_tour_subtitle" : "365일 24시간 작동하며 맞춤형 랜딩 페이지, 개인화된 마케팅 사이트, 실시간 보고 및 자동 응답기 후속 캠페인을 제공합니다. 리드를 생성하고 비즈니스에 착수하려면 아래 마케팅 페이지를 공유하세요.",
  "from" : "부터",
  "gear_store" : "기어 스토어",
  "genealogy" : "계보도",
  "general" : "일반",
  "general_faq_1" : "QuiAri 보상 플랜에 참여하려면 제품을 구매해야 하나요?",
  "general_faq_1_answer" : "개인 구매가 참여에 필수는 아니지만 활성 상태가 되는 데 도움이 됩니다.",
  "general_faq_2" : "팀에 새 프로모터를 어떻게 추가하나요?",
  "general_faq_2_answer_1" : "수익을 극대화하기 위해 잠재 고객은 팀의 좌측 또는 우측 구간에 자동으로 배치됩니다. 잠재 고객이 특정 구간에 배치되도록 변경하려는 경우 언제든 포털의 계보 페이지로 이동하여 좌측 또는 우측을 선택할 수 있습니다.",
  "general_faq_2_answer_2" : "계보 페이지에는 위치 열기를 클릭하여 잠재 고객을 쉽게 수동으로 배치할 수 있는 옵션도 있습니다.",
  "general_faq_3" : "내 다운라인에 있는 누군가를 실수로 잘못된 위치에 배치한 경우 올바른 위치로 이동할 수 있나요?",
  "general_faq_3_answer" : "판매가 이루어지면 커미션이 자동으로 귀하와 귀하의 전체 업라인에 적립됩니다. 따라서 등록이 완료되면 프로모터의 위치를 이동하거나 변경할 수 없습니다. 계속하기 전에 후원자 및 배치 선택이 정확한지 확인하세요.",
  "general_faq_4" : "내 QuiAri 계약 기간은 얼마나 되나요?",
  "general_faq_4_answer" : "QuiAri 계약 기간은 등록일로부터 일년입니다. 프로모터가 취소하지 않는 경우 비즈니스는 자동으로 갱신됩니다.",
  "general_faq_5" : "프로모터와 고객의 차이는 무엇인가요?",
  "general_faq_5_answer" : "고객은 QuiAri 제품을 구매하는 개인입니다. 프로모터는 QuiAri 보상 플랜에 참여하는 개인입니다.",
  "general_faq_6" : "더 이상 프로모터가 되고 싶지 않으면 어떻게 하나요?",
  "general_faq_6_answer" : "{email}에 문의하여 프로모터 계정을 비활성화할 수 있습니다. QuiAri 고객 계정으로 전환하여 계속 제품을 주문하고 업데이트를 받으실 수 있도록 당사 팀이 돕겠습니다.",
  "general_faq_7" : "무료로 제품을 받으려면 어떻게 하나요?",
  "general_faq_7_answer" : "\"2명 추천하면 무료\" 자격을 얻는 방법을 소개합니다.\n\n• AutoDelivery에 가입하고 최소 50 SV(판매량)를 달성합니다.\n• 최근 30일 이내에 AutoDelivery에 2명의 개인 후원 고객이 있어야 하고, 주문을 통해 50 SV 이상 달성해야 합니다.\n• 이제 무료 제품을 받을 자격을 갖추었습니다!\n\n모든 기준이 충족되면 QuiAri 시스템은 최근 30일 이내에 50 SV 이상 달성한 고객의 AutoDelivery 주문을 검토하고 합계의 평균을 도출합니다. 이 결과에 해당하는 제품 크레딧을 받게 됩니다. 총 제품 크레딧은 $118.80 USD를 초과할 수 없으며 배송, 관세, VAT 또는 해당되는 국제 제품 수수료는 적용되지 않습니다.",
  "general_inquiry" : "일반 문의",
  "generated_between" : "기간검색",
  "generated_on" : "주문일자",
  "get_social" : "소셜 공유",
  "get_social_info" : "소셜 미디어에서 QuiAri를 팔로우하고 매일 게시물을 공유하여 QuiAri에 대한 애정을 과시하세요.",
  "grand_total" : "총 합계",
  "health_and_fitness" : "건강과 피트니스",
  "hyperwallet_e_wallet" : "Hyperwallet 전자 지갑",
  "hyperwallet_faq_1" : "Hyperwallet® 전자 지갑은 무엇인가요?",
  "hyperwallet_faq_10" : "Hyperwallet® 전자 지갑을 사용하여 내 커미션에서 바로 AutoDelivery를 결제할 수 있나요?",
  "hyperwallet_faq_10_answer" : "예. 내 계정에서 기본 결제 방법으로 Hyperwallet® 전자 지갑을 선택하여 AutoDelivery를 결제할 수 있습니다.",
  "hyperwallet_faq_11" : "내 Hyperwallet® 전자 지갑 암호를 잊은 경우 어떻게 찾나요?",
  "hyperwallet_faq_11_answer_1" : "암호를 찾으려면 {0}(으)로 이동하여 \"암호 분실\"을 클릭한 후, 계정이 활성화되었을 때 QuiAri에 입력한 이메일 주소를 입력하세요.",
  "hyperwallet_faq_11_answer_2" : "Hyperwallet® 전자 지갑 계정에 대한 질문이 있는 경우, Hyperwallet® 전화 1.604.638.6657 또는 미국 수신자 부담 전화 1.877.546.8220(월~금, 8am ~ 8pm PT, 토~일 8am ~ 5pm PT)으로 문의하세요. Hyperwallet® 웹사이트의 {0} 양식을 사용하여 지원 팀에 이메일을 보낼 수도 있습니다.",
  "hyperwallet_faq_1_answer" : "Hyperwallet® 전자 지갑은 프로모터가 전 세계 거의 어디에서나 24시간 온라인으로 커미션을 받고 액세스하고 관리할 수 있는 글로벌 결제 시스템입니다.",
  "hyperwallet_faq_2" : "QuiAri가 Hyperwallet® 전자 지갑을 사용하여 커미션을 지불하는 이유는 무엇인가요?",
  "hyperwallet_faq_2_answer" : "QuiAri는 어디에서나 프로모터가 커미션을 빠르고 쉽고 효율적으로 지급 받을 수 있도록 보장하고자 합니다.",
  "hyperwallet_faq_3" : "Hyperwallet® 전자 지갑 계정은 어떻게 개설하나요?",
  "hyperwallet_faq_3_answer" : "첫 번째 커미션을 받은 후 포털의 커미션 페이지에 명시된 필수 정보를 입력해야 합니다. 필수 정보 작성을 완료하시면 5영업일 이내에 자동으로 Hyperwallet® 전자 지갑 계정이 설정됩니다. 다음으로, QuiAri에서 보내는 확인 이메일, 그리고 계정 활성화 방법을 알려주는 Hyperwallet®의 이메일을 받게 됩니다. 적립한 모든 커미션은 귀하의 Hyperwallet® 전자 지갑 계정으로 즉시 입금됩니다. 참고: 소액($3.30 USD)의 월 수수료가 발생합니다.",
  "hyperwallet_faq_4" : "내 Hyperwallet® 전자 지갑 계정에서 어떻게 커미션을 인출하나요?",
  "hyperwallet_faq_4_answer" : "Hyperwallet® 전자 지갑 계정을 사용하면 은행 계좌로 직접 커미션을 입금하거나 송금하거나 QuiAri 브랜드 Visa® 직불 카드에 커미션을 예치할 수 있습니다(요청 시 가능한 경우에 한해).",
  "hyperwallet_faq_5" : "내 Hyperwallet® 전자 지갑 계정을 통해 QuiAri-branded Visa® 직불 카드를 받을 수 있나요?",
  "hyperwallet_faq_5_answer" : "예, 가능합니다! QuiAri 브랜드 Visa® 직불 카드는 185개 이상의 국가에서 사용할 수 있으며, Visa®가 사용되는 어디에서나 Hyperwallet® 전자 지갑 계정에 예치된 커미션으로 바로 결제할 수 있습니다.",
  "hyperwallet_faq_6" : "QuiAri 브랜드 Visa® 직불 카드는 어떻게 신청하나요?",
  "hyperwallet_faq_6_answer" : "커미션을 받고 Hyperwallet® 전자 지갑 계정을 설정하면 QuiAri 브랜드 Visa® 직불 카드를 신청할 수 있습니다. $10 USD만 부담하시면 전 세계 여러 국가에서 카드를 사용할 수 있습니다.",
  "hyperwallet_faq_7" : "Hyperwallet® 전자 지갑으로 송금할 수 있나요?",
  "hyperwallet_faq_7_answer" : "예, 커미션으로 받은 돈을 전 세계 거의 모든 곳으로 송금할 수 있습니다. 송금은 215개 이상의 국가에서 지원됩니다.",
  "hyperwallet_faq_8" : "적립한 커미션에 대한 취급 수수료가 있나요?",
  "hyperwallet_faq_8_answer" : "Hyperwallet® 전자 지갑 계정에 커미션이 예치될 때마다 소액($0.40 USD)의 수수료가 공제됩니다.",
  "hyperwallet_faq_9" : "Hyperwallet® 전자 지갑은 내 은행 계좌로 직접 예치를 지원하나요?",
  "hyperwallet_faq_9_answer" : "예. 현재 거의 50개 국가에서 직접 예치가 지원됩니다.",
  "i_agree" : "동의",
  "if_diferent_from_above" : "위와 다른 경우",
  "in_transit" : "배송 중",
  "inbox" : "수신함",
  "income_disclosure_statement" : "소득 공시서",
  "individual_items" : "개별 품목",
  "interior_number" : "상세주소",
  "international_product_import_fee" : "국제 제품 수입 수수료",
  "international_promoters" : "국제 프로모터",
  "international_w9_fields_error" : "계정을 업데이트하는 동안 오류가 발생했습니다. 지원 팀에 문의하세요.",
  "international_w9_fields_info" : "전자 지갑 계정 정보를 설정하려면 아래 필드를 작성하세요.",
  "invalid_card" : "잘못된 카드",
  "items" : "품목",
  "its_go_time_video" : "It's Go Time Video",
  "join_date" : "가입일자",
  "join_url" : "가입 URL",
  "joined_on" : "가입일자",
  "language" : "언어",
  "language_settings" : "언어 설정",
  "larger_orders_description" : "대량 주문은 {0}에 이메일을 보내세요",
  "last_name" : "성",
  "launch_plan" : "10-4-2 출시 계획",
  "launch_plan_info" : "상상도 못한 규모로 QuiAri 비즈니스를 키우기 위한 중요한 단계를 알아보세요.",
  "lead_capture_link" : "리드 캡처 페이지 링크",
  "left" : "좌측 볼륨",
  "left_bottom" : "좌측 하단",
  "left_leg" : "좌측 레그",
  "left_placement_description" : "좌측 배치 옵션을 선택한 경우, 개인적으로 후원하는 모든 프로모터는 좌측 구간 하단 외부의 다음 사용 가능한 위치에 배치됩니다.",
  "leg_count" : "레그 수",
  "legal" : "법률",
  "lesser_leg_volume" : "더 적은 구간 판매량",
  "lesser_volume_leg" : "소실적 레그(LVL)",
  "lifestyle" : "라이프스타일",
  "lifestyle_bonus" : "라이프스타일 보너스",
  "limit_product" : "주문당 {amount}개 품목으로 제한",
  "list_account_numbers" : "계정 번호 나열",
  "live_opp_pres_english" : "화요일 오전 11시, 오후 8시 동부 표준시\n목요일 오후 8시(동부 표준시)\n토요일 오전 11시(동부 표준시)\n일요일 오후 8시(동부 표준시)",
  "live_opp_pres_french" : "Monday, Wednesday, Friday\n3 PM EST",
  "live_opp_pres_german" : "Tuesday & Thursday\n2 PM EST",
  "live_opp_pres_hindi" : "Monday, Tuesday, Thursday, Friday, Saturday\n10 AM EST",
  "live_opp_pres_kannada" : "Monday, Wednesday, Friday\n11:30 AM EST / 9 PM IST",
  "live_opp_pres_south_africa" : "목요일\n1:00 PM EST",
  "live_opp_pres_spanish" : "월요일, 수요일, 금요일\n오전 10시(동부 표준시)\n오후 10시(동부 표준시)",
  "live_opp_pres_vietnamese" : "Monday & Wednesday\n8:30 AM EST",
  "live_opportunity_presentations" : "Invite Prospects to attend our LIVE Opportunity Presentations happening daily in multiple languages.",
  "live_opportunity_presentations_title" : "LIVE Opportunity Presentations",
  "live_presentation_schedules" : "Live Presentation Schedules",
  "live_purple_diamond_english" : "Tuesday 8:30 PM EST\nSaturday 3 PM EST",
  "live_purple_diamond_french" : "Saturday\n1 PM EST",
  "live_purple_diamond_guide_training_title" : "LIVE Purple Diamond Guide Training",
  "live_purple_diamond_guide_trainings" : "Invite Promoters to attend our LIVE Purple Diamond Guide Trainings happening daily in multiple languages.",
  "live_purple_diamond_hindi" : "Wednesday\n10 AM EST",
  "live_purple_diamond_spanish" : "Saturday\n12:30 PM EST\nTuesday\n12 PM EST",
  "live_purple_diamond_vietnamese" : "Friday 8:30 AM EST",
  "llc_c_corporation" : "C 주식회사",
  "llc_proprietary" : "독점",
  "llc_s_corporation" : "S 주식회사",
  "llc_tax_classification" : "LLC 세금 분류",
  "location" : "위치",
  "log_out" : "로그아웃",
  "login" : "접속",
  "love" : "사랑",
  "mailing_address" : "우편 주소",
  "make_this_my_default_address" : "내 기본 주소로 사용",
  "make_this_my_default_payment_method" : "내 기본 결제 방법으로 사용",
  "manage_autodelivery" : "AutoDelivery 관리",
  "maqui" : "마키",
  "matching_bonus" : "매칭 보너스",
  "medical_and_drug_claims" : "QuiAri Medical and Drug Claims",
  "member_id" : "회원번호",
  "message" : "메시지",
  "mobile" : "모바일 알림",
  "month" : "월",
  "my_account" : "내 계정",
  "my_addresses" : "내 주소",
  "my_autodelivery" : "일반 오토 딜리버리",
  "my_cart" : "내 장바구니",
  "my_customers" : "커스터머",
  "my_notifications" : "내 알림",
  "my_order" : "내 주문",
  "my_payment_methods" : "내 결제 방법",
  "my_profile" : "내 프로필",
  "my_promoter" : "내 프로모터",
  "my_promoters" : "프로모터",
  "my_ranks" : "직급",
  "my_shipping_addresses" : "내 배송 주소",
  "my_team" : "나의 그룹",
  "my_vouchers" : "내 바우처",
  "name" : "성명",
  "name_on_card" : "카드의 이름",
  "need_help" : "도움이 필요하신가요?\n키아리 고객센터로 연락 주십시오. \nkorea{'@'}quiari.com \n02-6205-1900\n운영시간: 평일(월-금) 오전 10시 - 오후 7시 \n점심시간: 오후 12시 - 오후 1시",
  "new" : "NEW",
  "new_message" : "새로운 메시지",
  "new_password" : "새 암호",
  "next" : "다음",
  "no" : "아니요",
  "no_autodelivery" : "AutoDelivery 없음",
  "no_commission_during_this_period" : "이 기간 동안 커미션 직급을 얻지 못했습니다.",
  "no_commissions_earned" : "아직 커미션을 받지 못했습니다.",
  "no_payment_method_selected" : "선택한 결제 방법이 없습니다.",
  "no_ranks_earned_during_this_period" : "이 기간 동안 달성한 직급이 없습니다.",
  "no_recognition_ranks_during_this_period" : "이 기간 동안 인정 등급을 얻지 못했습니다.",
  "no_shipping_address_selected" : "선택한 배송 주소가 없습니다.",
  "no_tracking_information_available" : "추적할 정보가 없습니다.",
  "no_volume_earned_during_this_period" : "이 기간 동안 얻은 판매량이 없습니다.",
  "non_qualified" : "Non-Qualified",
  "not_applicable" : "해당 없음",
  "notification_preferences" : "알림 설정",
  "notifications_autodelivery_emails" : "오토 딜리버리 업데이트 이메일 받기",
  "notifications_rank_advancement_emails" : "직급 승급 이메일 받기",
  "notifications_user_joined_emails" : "신규 커스터머/프로모터 이메일 받기",
  "num_months" : "{amount}개월",
  "only_autodelivery" : "오토 딜리버리",
  "oops" : "죄송합니다!",
  "open" : "열기",
  "opportunity" : "기회",
  "opportunity_presentation" : "기회 프레젠테이션",
  "opportunity_presentation_speaker_notes" : "기회 프레젠테이션 발표자 노트",
  "optional" : "선택 사항",
  "order_date" : "주문일",
  "order_details" : "주문 세부 사항",
  "order_history" : "내 주문내역",
  "order_id" : "주문번호",
  "order_now" : "주문하기",
  "order_num" : "주문번호",
  "order_number" : "주문 #{id}",
  "order_placed_on" : "{date}에 완료",
  "order_summary" : "주문 요약",
  "order_tracking" : "주문 추적",
  "ordering_shipping_and_returns" : "주문, 배송 및 반품",
  "ordering_shipping_and_returns_faq_1" : "QuiAri는 전 세계로 제품을 배송하나요?",
  "ordering_shipping_and_returns_faq_1_answer" : "물론이죠. 전 세계 거의 모든 곳으로 제품을 배송합니다.",
  "ordering_shipping_and_returns_faq_2" : "내 QuiAri 제품은 언제 받을 수 있을까요?",
  "ordering_shipping_and_returns_faq_2_answer" : "주문은 1~2영업일 이내에 출고됩니다. 제품이 최대한 빠르게 도착할 수 있도록 전 세계 여러 배송업체를 이용합니다. 배송 기간은 영업일 기준 3~10일입니다. 주문 추적과 관련하여 질문이 있는 경우 지원 팀에 문의하세요.",
  "ordering_shipping_and_returns_faq_3" : "반품 정책은 어떻게 되나요?",
  "ordering_shipping_and_returns_faq_3_answer_1" : "QuiAri는 주문일로부터 30일 동안 모든 프로모터 및 고객에게 판매된 제품에 대한 반품 정책을 적용합니다. 미개봉 및 재판매 가능한 제품의 경우, 원래 구매 가격 100%에서 10%의 재입고 수수료를 제외한 금액이 환불됩니다.",
  "ordering_shipping_and_returns_faq_3_answer_2" : "개봉했거나 부분적으로 사용했거나 손상된 제품의 경우, 원래 구매 가격의 50%가 환불됩니다. 어떤 반품이든 배송 및 취급 요금, 세금, 관세는 환불되지 않습니다. 전체 반품 정책은 정책 및 절차를 참조하세요.",
  "ordering_shipping_and_returns_faq_3_answer_3" : null,
  "ordering_shipping_and_returns_faq_4" : "QuiAri는 제품 교환을 허용하나요?",
  "ordering_shipping_and_returns_faq_4_answer" : "어떤 종류의 제품 교환도 허용하지 않습니다.",
  "ordering_shipping_and_returns_faq_5" : "제품이 손상된 상태로 도착하면 어떻게 되나요?",
  "ordering_shipping_and_returns_faq_5_answer_1" : "배송 중 발생하는 손상에 대한 책임은 배송업체에 있습니다. 손상된 상품을 수령한 고객은 다음 절차를 따라야 합니다.",
  "ordering_shipping_and_returns_faq_5_answer_2" : "배송 수락",
  "ordering_shipping_and_returns_faq_5_answer_3" : "손상 설명",
  "ordering_shipping_and_returns_faq_5_answer_4" : "배송 업체에 이의 제기",
  "ordering_shipping_and_returns_faq_5_answer_5" : "24시간 이내에 QuiAri의 지원 부서({0})에 고지",
  "ordering_shipping_and_returns_faq_6" : "QuiAri의 배송비와 기간은 어떻게 되나요?",
  "ordering_shipping_and_returns_faq_6_answer" : "배송 중 발생하는 손상에 대한 책임은 배송업체에 있습니다. 손상된 상품을 수령한 프로모터 또는 고객은 다음 절차를 따라야 합니다.",
  "orders" : "주문",
  "other" : "기타",
  "p65_site" : "www.P65Warnings.ca.gov",
  "packages" : "Packages",
  "paid_on" : "지급일",
  "password" : "비밀번호",
  "password_updated" : "암호가 업데이트되었습니다!",
  "payment" : "결제",
  "payment_issue" : "결제 방법에 문제가 있었습니다.",
  "payment_method" : "결제 방법",
  "payment_method_instructions" : "이 결제 방법을 추가하려면 아래 정보를 입력하세요.",
  "payment_method_required" : "결제 방법 필수",
  "payment_method_required_description" : "결제 방법을 선택해야 합니다",
  "personally_sponsored_rank_history" : "추천인 직급 내역",
  "phone_number" : "연락처",
  "placed_on" : "주문일자",
  "placing_order" : "주문하는 중...",
  "policies_and_procedures" : "정책 및 절차",
  "postal_code" : "우편 번호",
  "prepaid_autodelivery" : "선결제 오토 딜리버리",
  "prepaid_autodelivery_description" : "오토 딜리버리는 원하는 제품을 최대 12% 할인된 가격으로 구매하고 30일 마다 자동으로 배송되는 프로그램 입니다.\n지금 오토 딜리버리에 가입하여 할인을 받으시고, 원하시는 키아리 제품을 매월 자동으로 배송 받아 보세요! 언제든 오토 딜리버리 제품을 변경하실 수 있습니다.",
  "prepaid_months_remaining" : "{amount} Prepaid Months Remaining",
  "prepaid_no_refund_description" : "\"선결제 오토 딜리버리\" 는 주문 후 주소 또는 결제정보 변경이 불가합니다.\n이에 상기 주문 내역을 신중히 확인하였으며, '오토 딜리버리' 주문 진행에 동의합니다.",
  "previous" : "이전",
  "previous_month_rank" : "지난 달 등급",
  "price" : "금액",
  "primary" : "기본",
  "primary_address" : "기본 주소",
  "prime_gel_description" : "Includes:\n1 Box of Prime Gel (30 servings)",
  "prime_gel_only_packs" : "프라임 팩",
  "priority_shipping" : "우선 배송",
  "product" : "제품",
  "product_brochure" : "제품 브로셔",
  "product_day_supply" : "{num}일분",
  "product_launch_plan_booklet" : "10-4-2 출시 계획(소책자)",
  "product_month_supply" : "{num}개월분",
  "product_pdfs" : "제품 PDF",
  "products" : "제품",
  "products_faq_1" : "QuiAri 제품에 대한 추가 정보는 어디에서 찾을 수 있나요?",
  "products_faq_10" : "QuiAri 에너지가 체중 감소에 도움이 될까요?",
  "products_faq_10_answer_1" : "QuiAri 독점 성분의 시너지 작용이 체중 감소를 촉진하고 에너지를 높이는 데 도움을 줍니다.",
  "products_faq_10_answer_2" : "마키 베리는 다른 슈퍼 과일의 최대 5배에 달하는 항산화 성분을 함유한, 새롭게 1위로 등극한 슈퍼 과일입니다. MaquiX®는 마키의 천연 성분을 강화한 고농축 유기농 추출물입니다.",
  "products_faq_10_answer_3_1" : "녹차 추출물",
  "products_faq_10_answer_3_2" : "건강한 식단과 운동을 병행하면 녹차 추출물이 체중 감량을 시작하는 데 도움이 될 수 있습니다.",
  "products_faq_10_answer_4_1" : "에너지 블렌드",
  "products_faq_10_answer_4_2" : "발열을 통한 체중 감량의 비결이 담긴 QuiAri만의 에너지 블렌드는 칼로리와 지방을 태우는 데 기여하여 체중 감량 효율을 높입니다.",
  "products_faq_11" : "에너지 블렌드는 어떻게 작용할까요?",
  "products_faq_11_answer_1" : "QuiAri의 에너지 블렌드는 신체를 이상적인 지방 연소 모드로 유지하는 데 도움을 주는 우수한 성분들을 조합한 것입니다.",
  "products_faq_11_answer_2_1" : "계피 껍질",
  "products_faq_11_answer_2_2" : "소화기 건강을 돕고 염증을 줄이는 데 도움",
  "products_faq_11_answer_3_1" : "카이엔 페퍼",
  "products_faq_11_answer_3_2" : "신진대사 촉진, 식욕 억제, 소화기 건강에 도움",
  "products_faq_11_answer_4_1" : "흑후추",
  "products_faq_11_answer_4_2" : "항산화제 함유 및 영양소 흡수 촉진",
  "products_faq_11_answer_5_1" : "생강 뿌리",
  "products_faq_11_answer_5_2" : "원활한 소화 촉진 및 염증 퇴치에 기여",
  "products_faq_12" : "QuiAri 에너지에는 얼만큼의 에너지가 들어있나요?",
  "products_faq_12_answer" : "QuiAri 에너지는 가장 깨끗하고 건강한 피로 회복제입니다! 커피 생두 추출물, MaquiX™, 녹차 추출물이 함유된 QuiAri 에너지는 커피 한두잔에 해당하는 150mg의 천연 에너지를 담고 있습니다. 하루 종일 지치지 않는 지구력을 경험하세요!",
  "products_faq_13" : "몇회 분량의 QuiAri 에너지를 받게 되나요?",
  "products_faq_13_answer" : "1회 제공 팩(병 또는 봉)에 한달 분량의 태블릿이 담겨 있습니다.",
  "products_faq_14" : "마키가 무엇인가요?",
  "products_faq_14_answer" : "칠레 파타고니아 지역의 청정한 산에서만 발견되는 마키 베리는 수세기 전부터 영양이 풍부하고 건강에 유익한 열매로 알려져 왔습니다. 마키 베리는 이전에 알려진 다른 슈퍼 과일보다 최대 5배 높은 항산화력을 자랑합니다.",
  "products_faq_15" : "MaquiX™는 무엇인가요?",
  "products_faq_15_answer" : "QuiAri는 세계 최고의 마키 베리 연구 기관과 협력하여 마키 베리의 효능을 최대 10배 높인 독점적인 고농축 유기농 추출물인 MaquiX®를 개발했습니다.",
  "products_faq_16" : "90일 킥스타트 챌린지는 무엇인가요?",
  "products_faq_16_answer_1" : "90일 킥스타트 챌린지는 외모와 기분을 빠르게 바꿀 수 있는 2단계 라이프스타일 변화 프로그램입니다.",
  "products_faq_16_answer_2" : "1단계: 아침에 가장 먼저 맛있는 QuiAri 쉐이크를 마신다",
  "products_faq_16_answer_3" : "2단계: QuiAri 에너지 보충제를 섭취하고 하루를 알차게 보낼 에너지를 얻는다",
  "products_faq_16_answer_4" : "다 됐습니다. 챌린지 끝! 단 90일 만에 건강과 에너지 수준이 새로운 차원으로 올라갈 것입니다.",
  "products_faq_17" : "질병이 있거나 약을 복용 중인 경우에도 QuiAri 제품을 사용할 수 있나요?",
  "products_faq_17_answer" : "질병이 있거나 약을 복용 중인 경우 QuiAri 제품을 사용하기 전에 의사와 상담하세요.",
  "products_faq_18" : "QuiAri를 홍보할 때 제품에 대해 어떻게 설명해야 할까요?",
  "products_faq_18_answer" : "{0}에서 확인하세요.",
  "products_faq_19" : "추천 프로모터 ID 없이 QuiAri 제품을 구매할 수 있나요?",
  "products_faq_19_answer" : "제품을 구매하려면 추천 프로모터 ID가 필요합니다. QuiAri를 추천한 프로모터가 번호를 알려주지 않은 경우 직접 물어보세요. 프로모터 ID가 없다면? {0}에 연락하여 주문에 대한 지원을 받으세요.",
  "products_faq_1_answer" : "{0}에서 모든 QuiAri 제품에 대해 자세히 알아보세요.",
  "products_faq_2" : "QuiAri 쉐이크는 언제 마셔야 하나요?",
  "products_faq_20" : "QuiAri 제품이 마음에 들어서 QuiAri 프로모터가 되고 싶은데 어떻게 하면 되나요?",
  "products_faq_20_answer" : "프로모터가 되기는 쉽습니다. 무료로 고객 포털에 가입하세요. QuiAri 비즈니스를 구축하기 시작하는 데 필요한 모든 것, 자체 복제 마케팅 웹사이트, 포털, 모바일 앱 등을 즉시 전달 받으실 수 있습니다.",
  "products_faq_21" : "제품은 어떻게 사용하나요?",
  "products_faq_21_answer_1" : "1단계: 아침에 가장 먼저 맛있는 QuiAri 쉐이크를 마신다",
  "products_faq_21_answer_2" : "Step 2: Take 1-2 QuiAri Energy supplements and get the energy you need to conquer your day",
  "products_faq_21_answer_3" : "Step 3: Take 1-2 delicious Gel Packets throughout your day. Just rip and sip!",
  "products_faq_22" : "새 프로모터 팩의 가격은 얼마이고 무엇을 받게 될까요?",
  "products_faq_22_answer_1" : "새 프로모터 팩의 구성은 다음과 같습니다.",
  "products_faq_22_answer_10" : "QuiAri 쉐이크 4봉, QuiAri 에너지 4병",
  "products_faq_22_answer_11" : "7팩: $1199 USD (500 SV) 최고의 가격!",
  "products_faq_22_answer_12" : "6개월의 무제한 스피드 보너스",
  "products_faq_22_answer_13" : "QuiAri 쉐이크 7봉, QuiAri 에너지 7병",
  "products_faq_22_answer_14" : "",
  "products_faq_22_answer_15" : "",
  "products_faq_22_answer_16" : "",
  "products_faq_22_answer_17" : "",
  "products_faq_22_answer_18" : "",
  "products_faq_22_answer_19" : "",
  "products_faq_22_answer_2" : "1팩: $125 USD(75 SV)",
  "products_faq_22_answer_20" : "",
  "products_faq_22_answer_21" : "",
  "products_faq_22_answer_22" : "",
  "products_faq_22_answer_23" : "",
  "products_faq_22_answer_24" : "",
  "products_faq_22_answer_25" : "",
  "products_faq_22_answer_26" : "",
  "products_faq_22_answer_27" : "",
  "products_faq_22_answer_3" : "1개월의 무제한 스피드 보너스",
  "products_faq_22_answer_4" : "QuiAri 쉐이크 1봉, QuiAri 에너지 1병",
  "products_faq_22_answer_5" : "2팩: $250 USD(150 SV)",
  "products_faq_22_answer_6" : "2개월의 무제한 스피드 보너스",
  "products_faq_22_answer_7" : "QuiAri 쉐이크 2봉, QuiAri 에너지 2병",
  "products_faq_22_answer_8" : "4팩: $500 USD(300 SV)",
  "products_faq_22_answer_9" : "3개월의 무제한 스피드 보너스",
  "products_faq_23" : "스피드 보너스는 제품 패키지를 주문할 때마다 제공되나요?",
  "products_faq_23_answer_1" : "아닙니다. 스피드 보너스는 최초 제품 패키지 구매 시에만 제공됩니다.",
  "products_faq_23_answer_2" : "구매 시점으로부터 1년 이내에 바우처를 교환해야 합니다.",
  "products_faq_23_answer_3" : "바우처 금액은 1회 제공, 배송 관세, 판매세, VAT 또는 국제 수입 제품 수수료로 업그레이드하는 비용에는 적용되지 않습니다. 프로모터가 QuiAri 프로모터 포털에서 교환할 때 이 금액을 지불해야 합니다.",
  "products_faq_23_answer_4" : "",
  "products_faq_24" : "What Is QuiAri Prime?",
  "products_faq_24_answer_1" : "Our Prime gel is a delicious blend of scientifically proven, proprietary ingredients chosen specifically for their highly potent anti-aging antioxidant levels, nutritional profile, and tantalizing taste. In addition to Maqui berries, MaquiX®, S.O.D., Resveratrol, & Pterostilbene (our Youth X blend), our Prime gel is boosted with aloe vera, grapeseed, and green tea extracts for powerful repair from free radical damage, protection for cells against future harm, and reversing the signs of aging.",
  "products_faq_25" : "How Do I Take Prime?",
  "products_faq_25_answer_1" : "Just rip and sip! Take 1-2 delicious Gel Packets throughout your day.",
  "products_faq_2_answer" : "아침에 가장 먼저 QuiAri 쉐이크를 마시고 활기찬 하루를 시작하세요!",
  "products_faq_3" : "QuiAri 쉐이크를 마시면 체중 감량에 도움이 될까요?",
  "products_faq_3_answer_1" : "QuiAri 쉐이크는 체중 감량을 돕는 작용을 하는 독점 성분으로 구성되어 있습니다.",
  "products_faq_3_answer_2" : "마키 베리는 다른 슈퍼 과일의 최대 5배에 달하는 항산화 성분을 함유한, 새롭게 1위로 등극한 슈퍼 과일입니다. MaquiX®는 마키 베리의 천연 성분을 강화한 고농축 유기농 추출물입니다.",
  "products_faq_3_answer_3" : "유청이 들어간 QuiAri 쉐이크 1회분에는 16g의 단백질이 포함되어 있어 식욕 억제와 체중 관리 등에 도움이 됩니다!",
  "products_faq_4" : "QuiAri 쉐이크의 칼로리는 얼마나 되나요?",
  "products_faq_4_answer" : "QuiAri 쉐이크 1회분은 단 120칼로리입니다.",
  "products_faq_5" : "QuiAri 쉐이크는 글루텐 프리인가요?",
  "products_faq_5_answer" : "예, QuiAri 쉐이크는 글루텐 프리입니다.",
  "products_faq_6" : "QuiAri 쉐이크에 설탕이 들어있나요?",
  "products_faq_6_answer" : "QuiAri 쉐이크는 설탕이 들어있지 않습니다.",
  "products_faq_7" : "QuiAri 쉐이크 1봉은 몇 회분인가요?",
  "products_faq_7_answer" : "1봉이 28회분으로, 한달 분량의 쉐이크 믹스가 들어있습니다.",
  "products_faq_8" : "그린스 블렌드에는 어떤 녹색 채소가 사용되나요?",
  "products_faq_8_answer" : "QuiAri 쉐이크는 체중 관리와 신진대사 촉진에 유익한 강력한 녹색 채소를 활용합니다.",
  "products_faq_8_answer_1_1" : "시금치",
  "products_faq_8_answer_1_2" : "건강한 노화와 적정한 혈압 유지에 도움",
  "products_faq_8_answer_2_1" : "클로렐라",
  "products_faq_8_answer_2_2" : "건강한 노화를 지원하고 면역 체계를 강화",
  "products_faq_8_answer_3_1" : "브로콜리 새싹 추출물",
  "products_faq_8_answer_3_2" : "피부 건강에 도움",
  "products_faq_8_answer_4_1" : "케일",
  "products_faq_8_answer_4_2" : "체중 감량을 돕고 항산화제와 비타민 C 보충",
  "products_faq_8_answer_5_1" : "알팔파",
  "products_faq_8_answer_5_2" : "건강한 신진대사를 지원",
  "products_faq_8_answer_6_1" : "스피루리나",
  "products_faq_8_answer_6_2" : "다양한 영양소와 풍부한 단백질로 전반적인 건강 증진",
  "products_faq_9" : "QuiAri 에너지는 언제 섭취하나요?",
  "products_faq_9_answer" : "Take 1 tablet two times daily. Drink at least 8 glasses of water daily. QuiAri Energy is most effective when paired with QuiAri Shake and QuiAri Prime Gel.",
  "profile_name_validation_message" : "이름은 100자 미만이어야 합니다",
  "promoter_details" : "프로모터 정보",
  "promoter_id" : "프로모터 회원번호",
  "promoter_package_kickstart_description" : "한 사람이 킥스타트 챌린지를 시작하고, 4주 분량의 제품을 받아 보기에 가장 이상적인 선택입니다.",
  "promoter_upgrade" : "귀하의 계정이 프로모터로 업그레이드되었습니다.",
  "purple_diamond_guide" : "Purple Diamond 가이드로",
  "purple_diamond_guide_description" : "Follow the simple steps to reach the rank of Purple Diamond.",
  "purple_diamond_guide_training_slides" : "Purple Diamond Guide Training Slides",
  "qualifications" : "자격",
  "qualifications_active" : "액티브",
  "qualifications_join_date" : "가입일자",
  "qualifications_personal_sales_vol" : "PSV",
  "qualifications_previous_month_commission_rank" : "전월 커미션 직급",
  "qualifications_recognition_rank" : "인정 직급",
  "qualifications_speed_bonus_vol" : "Speed Bonus Volume",
  "qualified" : "유자격",
  "quantity" : "수량",
  "quiari_medical_and_drug_claims" : "QuiAri 의학 및 약물 청구",
  "quiari_mobile_app" : "키아리 모바일 앱 다운로드",
  "quiari_promoter_id" : "QuiAri 프로모터 ID",
  "quiari_swag_description" : "Get your SWAG on! Gear up with everything you need for your business: Hats, activewear, shaker cups, car decals, and more!",
  "quiari_testimonial" : "QuiAri 사용 후기",
  "quiari_testimonial_info" : "아래 필드를 작성하여 성공 스토리 또는 QuiAri의 다른 프로모터에게 영감을 줄 메시지를 공유하세요!",
  "rank" : "직급",
  "rank_advancement" : "직급달성 보너스",
  "rank_and_bonuses" : "직급 및 보너스",
  "rank_champion" : "Champion",
  "rank_crown_purple_diamond" : "Crown Purple Diamond",
  "rank_diamond" : "Diamond",
  "rank_grand_purple_diamond" : "Grand Purple Diamond",
  "rank_green_diamond" : "Green Diamond",
  "rank_hero" : "Hero",
  "rank_history" : "직급 내역",
  "rank_legend" : "Legend",
  "rank_promoter" : "프로모터",
  "rank_purple_diamond" : "Purple Diamond",
  "rank_qualification" : "등급 자격",
  "rank_qualification_faq_1" : "각 등급을 어떻게 달성하나요",
  "rank_qualification_faq_1_answer_1" : "등급별로 커미션 월 내에 더 적은 판매량 구간에서 획득해야 하는 정해진 판매량이 있습니다.",
  "rank_qualification_faq_1_answer_2" : "보상 플랜",
  "rank_qualification_faq_2" : "내 커미션 등급과 인정 등급의 차이는 무엇인가요?",
  "rank_qualification_faq_2_answer_1" : "커미션 등급은 현재 귀하가 지급 받는 등급입니다. 커미션 월의 판매량(SV) 및 기타 QuiAri 보상 플랜 요건에 따라 결정됩니다.",
  "rank_qualification_faq_2_answer_2" : "인정 등급은 현재까지 달성하신 등급 중 가장 높은 등급입니다.",
  "rank_qualification_faq_3" : "수수료 등급 평가는 언제 이루어지나요?",
  "rank_qualification_faq_3_answer" : "커미션 등급은 지난 달을 기준으로 매월 1일에 평가됩니다. 월말 결산은 UTC(협정 세계시) 자정에 계산되는 점을 주의하세요.",
  "rank_rising_star" : "Rising Star",
  "rank_rock_star" : "Rock Star",
  "rank_shooting_star" : "Shooting Star",
  "rank_star" : "스타",
  "rank_super_star" : "Super Star",
  "reason" : "이유",
  "recognition" : "인정",
  "recognition_rank" : "인정 직급",
  "recover" : "복구",
  "recover_account" : "계정 복구",
  "recover_account_description" : "QuiAri에 로그인하는 데 사용하는 이메일 주소를 입력하세요. 입력된 주소로 복구 프로세스를 안내하는 이메일이 전송됩니다.",
  "recover_invalid_email" : "이 복구 시도에 대해 잘못된 이메일 주소가 지정되었습니다.",
  "recover_max_limit_reached" : "최대 복구 시도 제한에 도달했습니다. 24시간 후 다시 시도하세요.",
  "recover_successful" : "암호 재설정 지침이 포함된 이메일이 전송되었습니다.",
  "redeem_now" : "지금 교환",
  "redeem_voucher" : "바우처 교환",
  "redeemable_on" : "교환 가능일",
  "redeemed_on" : "교환일",
  "refund" : "반품",
  "refund_processed" : "{date}에 처리된 {amount} 환불",
  "remove" : "제거",
  "remove_all" : "모두 제거",
  "reorder" : "재주문",
  "reports" : "볼륨/직급",
  "required" : "필수",
  "reset" : "재설정",
  "resources" : "회원 리소스",
  "results" : "결과",
  "review_order" : "주문 검토",
  "review_order_8" : "결제 검토\n(원)단위로 변경",
  "review_package" : "주문 제품 확인",
  "review_products" : "주문 구성품",
  "right" : "우측 볼륨",
  "right_bottom" : "우측 하단",
  "right_leg" : "우측 레그",
  "right_placement_description" : "우측 배치 옵션을 선택한 경우, 개인적으로 후원하는 모든 프로모터는 우측 구간 하단 외부의 다음 사용 가능한 위치에 배치됩니다.",
  "sales" : "판매볼륨",
  "sales_receipt" : "Sales Receipt",
  "sales_reciept" : "판매 영수증",
  "sales_volume" : "볼륨",
  "sales_volume_amount" : "{amount} 판매량",
  "sales_volume_left" : "판매량 좌측",
  "sales_volume_right" : "판매량 우측",
  "sample_cards" : "샘플 카드",
  "sampler_pack_description" : "개인용 QuiAri 쉐이크(파우치)와 QuiAri 에너지(팩) 5일분을 포함합니다.",
  "save" : "{amount} 절약",
  "save_autodelivery" : "오토딜리버리 저장",
  "save_changes" : "변경사항 저장",
  "savings" : "절감({amount}%)",
  "search" : "Search",
  "search_error" : "검색 오류",
  "see_instructions" : "지침 보기",
  "select" : "선택",
  "select_a_country_to_view_options" : "옵션을 보려면 국가 선택",
  "select_card" : "카드 선택",
  "select_language" : "언어 선택",
  "select_payment_type" : "결제 방법 유형 선택",
  "select_preferred_payment_method" : "선호하는 결제 방법 선택",
  "select_products" : "제품 선택",
  "self_replication_prefix" : "마이 웹사이트 ID",
  "self_replication_prefix_description" : "키아리 회원이라면 마이 웹사이트가 개별 제공됩니다. 마이 웹사이트 ID는 URL을 정하는 데 사용됩니다. 예를 들어 ID가\"quiarirocks\"이면, URL은 https://quiarirocks.quiari.com 입니다.",
  "sent" : "전송됨",
  "serving_bag" : "{amount}봉",
  "settings" : "설정",
  "setup_ewallet_account" : "전자 지갑 계정 설정",
  "shake_chocolate_description" : "Includes:\n1 Bulk Bag of Chocolate Shake (28 servings)",
  "shake_chocolate_single_description" : "Includes:\n1 Bag of Chocolate Shake (14 servings)",
  "shake_energy_packs" : "Shake & Energy Packs",
  "shake_energy_prime_packs" : "Shake, Energy, & Prime Gel Packs",
  "shake_vanilla_description" : "Includes:\n1 Bulk Bag of Vanilla Shake (28 servings)",
  "shake_vanilla_single_description" : "Includes:\n1 Bag of Vanilla Shake (14 servings)",
  "share" : "공유",
  "share_using_self_replicated_website" : "자체 복제 웹사이트로 QuiAri를 공유해 보세요.",
  "shipped_to" : "배송된 주소",
  "shipping_Rates_individual_1" : "개별 품목($50 USD 미만 주문)",
  "shipping_Rates_individual_2" : "개별 품목($50 USD 초과 주문)",
  "shipping_address" : "배송 주소",
  "shipping_address_and_billing_information" : "배송 주소 및 청구 정보",
  "shipping_address_create" : "새 배송 주소 생성",
  "shipping_address_required" : "배송 주소 필요",
  "shipping_address_required_description" : "배송 주소를 선택해야 합니다",
  "shipping_and_billing_information" : "배송 및 청구 정보",
  "shipping_and_billing_information_description" : "배송 및 청구 주소, 선호하는 결제 방법을 선택합니다.",
  "shipping_and_handling" : "배송비",
  "shipping_autodelivery" : "이 주소로 오토 딜리버리 배송지 변경하기",
  "shipping_estimate" : "6만원 미만 주문 시 배송비 4,000원이 발생됩니다. 주문하신 제품은 평균 3~5영업일 이내에 받아 보실 수 있습니다.",
  "shipping_information" : "배송 정보",
  "shop_now" : "바로 구매하기",
  "shopping_cart_1" : "QuiAri 쉐이크 & QuiAri 에너지 1개월분",
  "showing" : "표시",
  "sign_here" : "여기에 서명",
  "single_serve_upgrade_description" : "{amount} 추가하고 전체 주문을 1회 제공 팩으로 업그레이드하기",
  "social_media_best_practices" : "Social Media Best Practices",
  "social_security_number" : "주민등록번호",
  "speed_bonus" : "스피드 보너스",
  "speed_bonus_countdown" : "스피드 보너스 카운트다운",
  "sponsor" : "추천인",
  "sponsor_id" : "후원자 ID",
  "sponsor_link" : "후원자 링크",
  "sponsor_placement_description" : "후원인 위치는 배치 후에 변경하실 수 없습니다.",
  "sponsorship_sign_up" : "후원 가입",
  "sponsorship_sign_up_description" : "이메일이나 문자로 이 신청서 링크를 잠재 고객에게 보내거나 링크를 복사하여 신청서를 직접 작성하세요.",
  "sponsorship_sign_up_sponsor_id" : "이 잠재 고객의 후원자가 아니라면 아래 후원자 ID를 입력하세요",
  "standard_pack_description" : "Includes:\n2 Boxes of Prime Gel\n2 Bulk Bags of Shake (Chocolate or Vanilla)\n2 Bottles of Energy",
  "state_province" : "주/지방",
  "store_description" : "QuiAri 쉐이크와 QuiAri 에너지 최대 5개 선택",
  "subject" : "제목",
  "submit" : "제출",
  "submit_for_review" : "검토용 제출",
  "submitted" : "제출됨",
  "subtotal" : "공급가액",
  "support" : "지원",
  "support_email" : "support{'@'}quiari.com",
  "support_request" : "문의하기",
  "support_request_text" : "아래 항목을 작성해 주시면, 고객지원부에서 확인 후에 답변 드리겠습니다.",
  "swag_store" : "브랜드 아이템",
  "tablet_bottle" : "{amount}병(태블릿)",
  "tablet_single_serve_packets" : "1회 제공 팩 {amount}개({tablet_count} 태블릿)",
  "tax_classification_c_corporation" : "C 주식회사",
  "tax_classification_individual" : "개인/개인사업자",
  "tax_classification_partnership" : "협력",
  "tax_classification_s_corporation" : "S 주식회사",
  "tax_classification_trust_or_estate" : "신탁/재산",
  "tax_id" : "세금 ID",
  "tax_payer_identification_number" : "세금 납부자 식별 번호",
  "taxes" : "세금",
  "taxes_and_duties" : "부가세",
  "team_commissions" : "팀 커미션",
  "text_copied" : "클립보드로 복사된 텍스트",
  "total" : "총 결제 금액",
  "total_commissions_summary" : "누적 커미션",
  "total_personal_sales_volume_by_month" : "월별 총 개인 판매량",
  "track_order" : "주문 추적",
  "training" : "교육",
  "try" : "도전",
  "try_love_share_launch_plan" : "Try. Love Share® 출시 계획",
  "try_love_share_launch_plan_description" : "QuiAri만의 간단 샘플 시스템으로 지금 바로 비즈니스를 시작하세요.",
  "type" : "유형",
  "unlimited_speed_bonuses" : "{num} {month} 무제한 스피드 보너스",
  "update" : "업데이트",
  "update_address" : "주소 업데이트",
  "update_address_info" : "이 주소를 관리하려면 아래 정보를 입력하세요.",
  "update_autodelivery" : "AutoDelivery 업데이트",
  "update_autodelivery_date" : "Update AutoDelivery Date",
  "update_password" : "암호 업데이트",
  "update_password_incorrect" : "잘못된 암호를 입력하셨습니다. 계속하려면 다시 입력하세요.",
  "update_password_not_match" : "입력하신 암호가 일치하지 않습니다. 확인하고 다시 시도하세요.",
  "update_password_text" : "로그인하려면 계정 암호를 업데이트하세요. 즉시 효력이 발생합니다.",
  "update_payment_method" : "결제 방법 업데이트",
  "update_payment_method_instructions" : "이 결제 방법을 관리하려면 아래 정보를 입력하세요.",
  "us_based_promoters" : "미국 소재 프로모터",
  "vanilla" : "바닐라",
  "verify" : "확인",
  "videos" : "동영상",
  "view_cart" : "장바구니 보기",
  "view_details" : "상세 내역",
  "view_international_numbers" : "국제 번호 보기",
  "view_qualifications" : "자격 보기",
  "view_world_wide_shipping_document" : "배송 예상 시간과 비용을 보려면 {0} 문서를 참조하세요.",
  "volume" : "볼륨",
  "volume_history" : "그룹 주문",
  "volume_history_by_month" : "이번 달 주문 내역",
  "volume_history_by_year" : "연간 볼륨 정보",
  "volume_history_summary_by_month" : "월별 수량 요약",
  "volume_history_summary_by_year" : "연도별 수량 요약",
  "volume_needed_for_next_rank" : "다음 직급에 필요한 볼륨:",
  "volume_summary_by_month" : "월별 수량 요약",
  "volume_summary_by_year" : "연도별 수량 요약",
  "w9_and_instructions_pdf" : "W-9 양식 및 지침 PDF",
  "w9_certification" : "인증",
  "w9_certification_1" : "위증 시 처벌을 받는 조건으로, 다음을 증명합니다.",
  "w9_certification_2" : "이 양식에 표기된 숫자는 정확한 납세자 식별 번호입니다(또는 번호가 발급될 때까지 대기하는 중). 그리고",
  "w9_certification_3" : "다음과 같은 이유로 보충 세금 공제 대상이 아닙니다.",
  "w9_certification_4" : "제가 보충 세금 공제 면제 대상이거나",
  "w9_certification_5" : "IRS(국세청)로부터 모든 이자 또는 배당금을 신고하지 않아 보충 세금 공제 대상이라는 통지를 받은 적이 없습니다.",
  "w9_certification_6" : "IRS에서 저에게 더 이상 보충 세금 공제 대상이 아니라고 통보했습니다. 그리고",
  "w9_certification_7" : "저는 미국 시민 또는 기타 미국 사람입니다(아래 정의). 그리고",
  "w9_certification_8" : "이 양식(있는 경우)에 입력된 FATCA 코드는 제가 FATCA 신고에서 면제되는 것이 옳다는 사실을 나타냅니다.",
  "w9_certification_9" : "인증 지침. 세금 신고서에 모든 이자 및 배당금을 신고하지 않아 현재 보충 세금 공제 대상이라는 IRS의 통지를 받은 경우, 위의 항목 2를 지워야 합니다. 부동산 거래의 경우 항목 2는 적용되지 않습니다. 납부한 담보 대출 이자, 담보 재산의 취득 또는 포기, 채무 면제, 개인 퇴직 저축(IRA)에 대한 기여, 일반적으로 이자 및 배당금 이외의 지불의 경우 인증서에 서명할 필요는 없지만 정확한 TIN을 제출해야 합니다. 나중에 II부 지침을 참조하세요.",
  "w9_form" : "IRS W-9 양식",
  "w9_notice" : "전자 지갑 계정 가입 절차를 완료하려면 필수 {0}을 작성해야 합니다.",
  "w9_registration_form" : "W9 등록 양식",
  "w9_submit_error" : "문제가 발생했습니다.",
  "w9_submit_error_description" : "오류가 발생했습니다. 잠시 후 다시 시도하세요.",
  "w9_submitted" : "W9 성공적으로 제출됨",
  "w9_submitted_description" : "W9 세금 정보를 검토용으로 제출했습니다.",
  "ward" : "와드",
  "welcome" : "환영합니다!",
  "world_wide_shipping_document" : "전 세계 배송 문서",
  "year" : "연도",
  "yearly_commissions_summary" : "연 커미션",
  "yes" : "예",
  "your_testimonial" : "귀하의 사용 후기"
}