{
  "15_gel_boxes_description" : null,
  "1_pack_description" : "",
  "2_pack_description" : "",
  "2_pack_gel_description" : "",
  "3_gel_boxes_description" : null,
  "4_pack_description" : "",
  "4_pack_gel_description" : "",
  "6_gel_boxes_description" : null,
  "8_pack_gel_description" : "",
  "Active" : "چالاك",
  "Cycled" : "خولاندنەوە",
  "Ending" : "کۆتایی پێهێنان",
  "New" : "نوێ",
  "Starting" : "دەسپێکردن",
  "active" : "چالاك",
  "active_cycle_volume" : "قەبارەی خولانەوەی چالاک",
  "active_tripack_description" : "Includes:\n1 Box of Prime Gel\n1 Bulk Bag of Shake (Chocolate or Vanilla)\n1 Bottle of Energy",
  "add_address" : "زیادكردنی ناونیشان",
  "add_payment_method" : "زیادکردنی شێوەی پارەدان",
  "add_shipping_address" : "ناونیشانێکی ناردن زیاد بکە بۆ وەرگرتنی پێشبینی داواکاریەکەت",
  "add_to_autodelivery" : "زیادکردن بۆ ‎AutoDelivery",
  "add_to_cart" : "زیادکردن بۆ عەرەبانە",
  "address_instructions" : "زانیاری خوارەوە بنووسە بۆ زیادکردنی ئەم ناونیشانە.",
  "address_line_1" : "هێڵی ناونیشانی 1",
  "address_line_2" : "هێڵی ناونیشانی 2",
  "all" : "هەموو",
  "amount" : "بڕ",
  "are_you_sure_customer_to_promoter" : "ئایا دڵنیایت لەوەى دەتەوێت ببیەت بە برەودار؟",
  "as_shown_on_your_income_tax_return" : "هەروەک لە گەڕاندنەوەی باجی داهاتت نیشاندراوە",
  "auto" : "خودکار",
  "auto_delivery" : "‎AutoDelivery",
  "auto_placement_description" : "ئەگەر AUTO‎ هەڵبژێردرێت، یەکەم کەس کەوا سپۆنسەری دەکەیت دەخرێتە یەکەم پێگە هاوشێوەی سپۆنسەرەکەت. بۆ نموونە، ئەگەر تۆ لە لای قاچی ڕاستی سپۆنسەرەکەت بیت، یەکەم کەس کەوا سپۆنسەری دەکەیت دەخرێت لای قاچی ڕاستی تۆ.",
  "auto_placement_description_2" : "دواتر هەر برەودەرێکی نوێ دەخرێتە دەرەوەی قاچەکە کە بڕی Sales‎ Volume‎ فرۆشی هەیە.",
  "auto_placement_description_3" : "ئەگەر Sales ‎Volume‎ هاوشێوە بێت لەگەڵ هەردووک قاچ، برەودەرە نوێیەکە دەخرێتە دەرەوەی قاچەکە کە کەمترین بڕی قاچی هەیە.",
  "autodelivery_cancel" : "ڕەتكردنەوەی ‎AutoDelivery",
  "autodelivery_cancel_error" : "",
  "autodelivery_cancel_success" : "",
  "autodelivery_description" : "بڕی 10% پاشەکەوت بکە لە ڕێگەی خۆتۆمارکردن بۆ AutoDelivery‎ و با بەرهەمە گەیەنراوەکانی QuiAri‎ ـیت هەموو مانگێك خۆیان بگەیەنرێن. دەتوانیت داواکاری AutoDelivery‎ ـیت هەموو کاتێک نوێ بکەیتەوە یان دەستکاری بکەیت.",
  "autodelivery_disclaimer" : "AutoDelivery‎ تۆ خودکارانە شی دەکرێتەوە و مانگانە بۆ کارتی کرێدیت یان دێبیتەکەت دەنێردرێت تا خزمەتگوزاریەکە ڕەت دەکەیتەوە. دەتوانیت AutoDelivery‎ ـی خۆت بژار بکەیت لە ڕێگەی چوون بۆ 'داواکاریەکان' و کرتەکردن لە سەر 'My ‎AutoDelivery' ‎لە پێرستە داکێشەکە. دەتوانییت هەموو کاتێک ڕەتی بکەیتەوە لە ڕێگەی پەیوەندی کردن بە تیمی پشتیوانی ئێمە لە ڕێگەی پەیوەندیکردن بە 18134138120+‎.",
  "autodelivery_faq_1" : "ئایا AutoDelivery‎ چیە؟",
  "autodelivery_faq_1_answer" : "An AutoDelivery order is a recurring monthly product shipment. By signing up for AutoDelivery, you can save up to 28% on your product purchase.",
  "autodelivery_faq_2" : "ئایا دەتوانم داواکاری AutoDelivery‎ ـم بژار بکەم؟",
  "autodelivery_faq_2_answer" : "دەتوانیت AutoDelivery‎ ـی خۆت بژار بکەیت لە ڕێگەی چوون بۆ \"داواکاریەکان\" و کرتەکردن لە سەر \"My ‎AutoDelivery‎\" لە پێرستە داکێشەکە. داواکاری AutoDelivery‎ ـەکەت دەکرێت تا 5 لە هەر یەک لە بەرھەمەکان لەخۆ بگرێت - 5 QuiAri Shake‎ و 5 QuiAr‎i Energy‎.",
  "autodelivery_faq_3" : "ئایا دەتوانم داواکاری AutoDelivery‎ ـم ڕەت بکەمەوە؟",
  "autodelivery_faq_3_answer" : "بەڵێ، دەتوانیت. بۆ ڕەتکردنەوەی داواکاری AutoDelivery‎ ـیت، بڕۆ ناو پۆرتاڵەکەت، کرتە لە سەر \"داواکاریەکان\" ئینجا لە سەر \"My AutoDelivery‎\" بکە.",
  "autodelivery_faq_4" : "چۆن بۆ هەموو مانگێک AutoDelivery‎ ـی خۆم وەردەگرم؟",
  "autodelivery_faq_4_answer_1" : "Divê hûn bi kêmî ve 50 SV (Hejmara Firotanê) di AutoDelivery de bin.",
  "autodelivery_faq_4_answer_2" : "Divê hûn di nav 30 rojên dawî de 2 Xerîdarên Kesane yên Sponsorkirî li ser AutoDelivery hebin bi fermanên ku 50 SV an zêdetir çêdikin.",
  "autodelivery_faq_4_answer_3" : "Tu niha ji bo hilbera BELAŞ tê bidîtin!",
  "autodelivery_faq_4_answer_4" : "Piştî ku hemî pîvan hatin bicîh kirin, pergala QuiAri fermanên Xweseriya Xweserî ya Xerîdarên we yên ku di nav 30 rojên dawî de 50 SV an jî zêdetir çêdikin dinirxîne û navgîniya tevahîya wan digire. Encam krediya hilberê ye ku hûn ê bistînin. Ji kerema xwe not bikin ku krediya giştî nikare ji 118,80 $ USD derbas bibe û barkirin, peywir, VAT, an xercên hilberên navneteweyî yên guncan derbas nabe.",
  "autodelivery_faq_5" : "Can I change the date or cancel my AutoDelivery order? ",
  "autodelivery_faq_5_answer" : "Yes, you can. To change the date or cancel your AutoDelivery order, login to your Portal, click on \"Orders,\" then \"My AutoDelivery.\"",
  "autodelivery_faq_6" : "How does Prepaid AutoDelivery work?",
  "autodelivery_faq_6_answer" : "Go to “Order” in the Navigation Bar and select “My AutoDelivery.” You can choose to pre-pay your AutoDelivery for a period of 3, 6, or 9 months in advance and save up to 12% on your total product order. Your Prepaid AutoDelivery will be processed and billed to your credit or debit card today for the monthly services. Prepaid AutoDelivery is not eligible for returns or refunds beyond our 30-Day Return Policy from the date Prepaid AutoDelivery is set. Your monthly Prepaid AutoDelivery volume will cycle every 30 days until your AutoDelivery expires. Please note that you must also pre-pay for your products 3, 6, or 9 months in advance to receive Prepaid AutoDelivery. You will receive an email when it is time to renew your Prepaid AutoDelivery. Please note that Prepaid AutoDelivery does not automatically renew. You must go through the Portal (to “Order” in the Navigation Bar) and repeat the proces for signing up for Prepaid AutoDelivery.",
  "autodelivery_faq_7" : "Is Prepaid AutoDelivery refundable and can I make any changes once processed?",
  "autodelivery_faq_7_answer" : "Prepaid AutoDelivery is not refundable. Your products are eligible for return under our standard 30-Day Return Policy. Once your Prepaid AutoDelivery is processed, no changes can be made to your order, term length, or AutoDelivery date.",
  "autodelivery_header_1" : "AutoDelivery‎ـی داهاتووت خشتەی بۆ دانراوە بۆ",
  "autodelivery_header_2" : "ئەگەر دەتەوێت AutoDelivery‎ ـی خۆت ڕەت بکەیتەوە، تکایە پەیوەندی بە پشتیوانی بکە یان کرتە لە سەر دوگمەی 'ڕەتكردنەوەی ‎AutoDelivery' بکە.",
  "autodelivery_modify_payment_description" : null,
  "autodelivery_totals" : null,
  "back_to_shipping" : "",
  "bag" : "کیس | کیسەکان",
  "basic_pack_description" : "Includes:\n1 Box of Prime Gel\n1 Bulk Bag of Shake (Chocolate or Vanilla)\n1 Bottle of Energy",
  "become_a_promoter" : "ببە بە برەودەر",
  "billing_address" : "ناونیشانی پسوولەکردن",
  "billing_email_address" : "ناونیشانی ئیمەیلی پسوولەکردن",
  "binary_leg" : "قاچی دوانەیی",
  "binary_placement_options" : "بژاردەکانی دیاریکردنی دوانەیی",
  "binary_placement_update_description" : "دیاریکردنی دوانەیی بنەڕەتیت نوێکراوەتەوە بۆ {placement}. هەر برەودەرێکی نوێ کە بەشداری دەکات بەگوێرەى ئەم دۆخە نوێیە شوێنی دیاری دەکرێت.",
  "binary_placement_updated" : "دیاریکردنی دوانەیی نوێكراوەتەوە",
  "bonus_product" : "{num} {month} ی بەرھەمی بەخشش",
  "bonus_product_body" : "هەواڵێکی خۆش - پسوولەی بەرھەمی بەخششت* لێرە بەردەست دەبێت بۆ داواکردنەوە لە ماوەی 30 ڕۆژ لە کڕینی سەرەتا. ژمارەی ئەو پسوولانەی وەریدەگریت دەوەستێتە سەر پاکەتی برەودەر کە کڕیوتە. ئەگەر هەر پرسیارێکت هەیە، تکایە پەیوەندی بکە ",
  "bonus_product_disclaimer" : "*یەک پسوولە = 1 مانگ دابینکردنی ‎QuiAri Shake‎ و QuiAri Energy‎ و تەنها دەگرێت یەک پسوولە بۆ هەر مانگێک بەکاربێت. بژاردەی یەکجار پێشکەشکردن بەردەست دەبێت لەگەڵ وەرگرتنەوەی کرێیەتی زیادە. نرخەکان ناردن، ڕسومات، باجی زێدەبەها یان هەر تێچوویەکی تری هاوردەکردنی بەرھەمی نێودەوڵەتی ناگرێتەوە.",
  "bonus_product_title" : "بەرھەمی بەخشش",
  "bonus_product_voucher" : "پسوولەی بەرھەمی بەخشش",
  "bonuses" : "بەخششەکان",
  "both" : "هەردووک",
  "bottle" : "بوتڵ | بوتڵەکان",
  "bug_report" : "ڕاپۆرتی کێشە",
  "builder_pack_description" : "Includes:\n4 Boxes of Prime Gel\n4 Bulk Bags of Shake (Chocolate or Vanilla)\n4 Bottles of Energy",
  "business_name" : "ناوی بزنس / ناوی قەوارەی رەتکراوە",
  "cancel" : "ڕەتکردنەوە",
  "capped" : "قەپاغدار",
  "card_number" : "ژمارەی کارت",
  "carrier" : "هەڵگر",
  "carrier_tracking_number" : "ژمارەی بەدواداچوونی هەڵگر",
  "change_password" : "گۆڕینی نهێنوشە",
  "change_primary_address" : null,
  "change_product_selection" : "گۆڕینی دەسنیشانکردنی بەرھەم",
  "checkout" : "دەرچوون",
  "checkout_autodelivery_discount" : "داشکانی 10%ی ‎AutoDelivery",
  "checkout_estimated_shipping_and_handling" : "ناردن و گەیاندن",
  "checkout_review_order" : "پێداچوونەوەی داواکاری",
  "checkout_shipping_estimate" : "(تکایە ماوەی {min}-{max} ڕۆژی بازرگانی چاوەڕوان بە بۆ گەیاندن)",
  "checkout_tax" : "باج",
  "chocolate" : "شوکوڵاتە",
  "choose_individual_products" : "بەرهەمە کەسییەکان هەڵبژێرە",
  "choose_option_below" : "Choose Option Below",
  "choose_package_items_total" : "(کۆی {amount} هەڵبژێرە)",
  "choose_products" : null,
  "city" : "شار",
  "click_link_for_schedule" : "Click the link for the schedule.",
  "click_to_download" : "کرتە بکە بۆ دابەزاندن",
  "close" : "داخستن",
  "commission" : "عمولە",
  "commission_history" : "مێژووی عمولە",
  "commission_rank" : "ڕیزبەندی عمولە",
  "commission_rank_history" : "مێژووی ڕیزبەندی عمولە",
  "commissions" : "عمولەکان",
  "commissions_faq_1" : "ئایا Team‎ Commissions‎ چیە؟",
  "commissions_faq_10" : "ئایا چۆن Fast Start Bonus‎ بەدەست دێنم؟",
  "commissions_faq_10_answer_1" : "برەودەرەکان دەتوانن Fast Start Bonus‎ێک بەدەست بێنن تا $200 بۆ هەر داواکاریەکی پاکەتی بەرھەمی سەرەتایی سپۆنسەرکراو:\n",
  "commissions_faq_10_answer_2" : "1 Pack - $20 USD",
  "commissions_faq_10_answer_3" : "2 Pack - $40 USD",
  "commissions_faq_10_answer_4" : "4 Pack - $80 USD",
  "commissions_faq_10_answer_5" : "10 Pack - $200 USD",
  "commissions_faq_10_answer_6" : "QuiAri Shake (28 Day) - $7.50 USD",
  "commissions_faq_10_answer_7" : "QuiAri Shake (14 Day) - $3.75 USD",
  "commissions_faq_10_answer_8" : "QuiAri Energy - $3.75 USD",
  "commissions_faq_10_answer_9" : "5 Day Sampler - $1.50 USD",
  "commissions_faq_11" : "ئایا چۆن Matching Bonus‎ بەدەست دێنم؟",
  "commissions_faq_11_answer" : "کاتێک لە پلەبەندی بەرز بەرەوپێش دەچیت، QuiAri‎ پاداشتت دەکات بە Matching Bonus‎ بۆ ڕاهێنان و گەشەپێدانی تیمەکەت. تا ڕێژەی 80%ی Team Commissions‎ بەدەست بێنە کە لە ئاستی 1-7ی هێڵی کەسیت بۆ سپۆنسەرکردن بەدەست هات بێت، لە سەر بنەمای پلەبەندیت.",
  "commissions_faq_12" : "چۆن Lifestyle Bonus‎ بەدەست دێنم؟",
  "commissions_faq_12_answer_1" : "پێویستە شایستە بیت و لە سەر بنەمای پلەبەندیت لە ماوەی 30ی ڕۆژی ڕابردوو دەدرێت. بۆ پلەبەندیەکانی Hero - Legend‎، ئێمە سەیری قەبارەی Group Sales Volume‎ دەکەین لە یەکەمینی هەموو مانگێک و لە 15ی مانگ پێتی دەدەین. بۆ پلەبەندی Diamond، Purple Diamond‎، ئێمە هەڵسەنگاندن بۆ 2 مانگی ڕابردوو دەکەین.",
  "commissions_faq_12_answer_2" : "Hero: $500‎ دۆلار",
  "commissions_faq_12_answer_3" : "Legend: $1,000‎ دۆلار",
  "commissions_faq_12_answer_4" : "Diamond: $1,500‎ دۆلار",
  "commissions_faq_12_answer_5" : "Green Diamond: $2,500‎ دۆلار",
  "commissions_faq_12_answer_6" : "Purple Diamond: $5,000‎ دۆلار",
  "commissions_faq_12_answer_7" : null,
  "commissions_faq_12_answer_8" : null,
  "commissions_faq_13" : "چۆن Speed Bonus‎ بەدەست دێنم؟",
  "commissions_faq_13_answer_1" : "Shake & Energy Only Packages",
  "commissions_faq_13_answer_10" : "Product Packages",
  "commissions_faq_13_answer_11" : "8 Pack: 60 Days to earn unlimited Speed Bonuses",
  "commissions_faq_13_answer_12" : "4 Pack: 30 Days to earn unlimited Speed Bonuses",
  "commissions_faq_13_answer_13" : "2 Pack: 14 Days to earn unlimited Speed Bonuses",
  "commissions_faq_13_answer_2" : "Founders Pack: 90 Days to earn unlimited Speed Bonuses",
  "commissions_faq_13_answer_3" : "4 Pack: 60 Days to earn unlimited Speed Bonuses",
  "commissions_faq_13_answer_4" : "2 Pack: 30 Days to earn unlimited Speed Bonuses",
  "commissions_faq_13_answer_5" : "1 Pack: 14 Days to earn unlimited Speed Bonuses",
  "commissions_faq_13_answer_6" : "Gel Only Packages",
  "commissions_faq_13_answer_7" : "Builder Pack: 60 Days to earn unlimited Speed Bonuses",
  "commissions_faq_13_answer_8" : "Standard Pack: 30 Days to earn unlimited Speed Bonuses",
  "commissions_faq_13_answer_9" : "Basic Pack: 14 Days to earn unlimited Speed Bonuses",
  "commissions_faq_14" : "ئایا چۆن Cycle Bonus‎ بەدەست دێنم؟",
  "commissions_faq_14_answer_1" : "کاتێک کەوا قەبارەی ‎Group Sales Volume ‎(GSV) کۆ دەکەیتەوە ئەوە ‎Team Comission ێک تەدویر پێدەکەیت و بەدەستیدێنێت بۆ هەموو 100 ‎GSV ـیەکی هاوتای قاچی چەپ و قاچی ڕاستت بۆ ئاستی بێسنوور. پلەبەندیەکەت ئەو بڕە دیاری دەکات کە تەدویری پێدەکەیت:",
  "commissions_faq_14_answer_10" : "Diamond: $17.50 دۆلار",
  "commissions_faq_14_answer_11" : "Green Diamond: $17.50 دۆلار",
  "commissions_faq_14_answer_12" : "Purple Diamond: $20 دۆلار",
  "commissions_faq_14_answer_13" : null,
  "commissions_faq_14_answer_14" : null,
  "commissions_faq_14_answer_2" : "Star: $10 دۆلار",
  "commissions_faq_14_answer_3" : "Rising Star: $10 دۆلار",
  "commissions_faq_14_answer_4" : "Shooting Star: $12.50 دۆلار",
  "commissions_faq_14_answer_5" : "Rock Star: $12.50 دۆلار",
  "commissions_faq_14_answer_6" : "Super Star: $12.50 دۆلار",
  "commissions_faq_14_answer_7" : "Champion: $15 دۆلار",
  "commissions_faq_14_answer_8" : "Hero: $15 دۆلار",
  "commissions_faq_14_answer_9" : "Legend: $17.50 دۆلار",
  "commissions_faq_15" : "چی بە سەر عمولەکانم دێت ئەگەر شایستە نەبم؟",
  "commissions_faq_16" : "ئایا Sales Volume (SV)‎ دەفەوتێت؟",
  "commissions_faq_16_answer_1" : "بەڵێ، Sales Volume‎ فرۆشتنت لە دوای 60 رۆژی بێ چالاکی نامێنێت. تۆ چالاک دەبیت لە ڕێگەی کڕینی بەرھەم یان خۆت یان بەرھەم بە کڕیارەکانت دەفرۆشت کە کەمترین داواکاری 25 ‎Sales Volume Personal (PSV)‎ تێدایە.",
  "commissions_faq_16_answer_2" : " مانگبۆ ئەوەی چالاک بمێنیتەوە، پێویستە بەلایەنی کەم هەموو مانگێک 25 Sales Volume Personal‎‎ رهەم بێنیت.",
  "commissions_faq_17" : "چۆن ‎Rank Advancement Bonuses بەدەست دێنم؟",
  "commissions_faq_17_answer_1" : "هەموو جارێک پلەبەندیت لە پێشەوە دەبێت ئەوە بەخششی یەک جارە بەدەست بێنە (Rising Star‎ و سەرووتر). لە Champion‎ تا Legend‎، پێویستە 2 مانگی لەدوای یەک هەمان پلەبەندیت هەبێت بۆ ئەوەی شایستە بیت. بۆ Green Diamond‎ و Purple Diamond‎، پێویستە 3 مانگی لەدوای یەک هەمان پلەبەندیت هەبێت بۆ ئەوەی شایستە بیت.",
  "commissions_faq_17_answer_10" : "Green Diamond: $12.500‎ دۆلار",
  "commissions_faq_17_answer_11" : "Purple Diamond: $25.000‎ دۆلار",
  "commissions_faq_17_answer_12" : null,
  "commissions_faq_17_answer_13" : null,
  "commissions_faq_17_answer_2" : "Rising Star: $50 دۆلار",
  "commissions_faq_17_answer_3" : "Shooting Star: $100 دۆلار",
  "commissions_faq_17_answer_4" : "Rock Star: $250 دۆلار",
  "commissions_faq_17_answer_5" : "Super Star: $500‎ دۆلار",
  "commissions_faq_17_answer_6" : "Champion: $1.250 دۆلار",
  "commissions_faq_17_answer_7" : "Hero: $2.500‎ دۆلار",
  "commissions_faq_17_answer_8" : "Legend: $5.000‎ دۆلار",
  "commissions_faq_17_answer_9" : "Diamond: $7.500‎ دۆلار",
  "commissions_faq_18" : "چۆن Customer Bonus‎ بەدەست دێنم؟",
  "commissions_faq_18_answer" : "برەودەرەکان ڕێژەی 10%ی گشت داواکاریە سەرەتاییەکانی کڕیاری کەسی و دووبارە داواکردنەوە بەدەست دێنن.",
  "commissions_faq_19" : "Do Customers Go Into The Genealogy Tree?",
  "commissions_faq_19_answer" : "No, they are not placed in the Tree.",
  "commissions_faq_1_answer" : "Team Comissions‎ لایەنێکی گرنگی پلانی قەرەبووکردنەوەی QuiAri‎ و لە درەختی دوانەییەوە هەژمار دەکرێن، کە دوو قاچی هەیە: قاچێکی چەپ و قاچێکی ڕاست. لە سەر بنەمای بنیاتنانی سەرکەوتووانە ‎Sales Volume Group(GSV)‎ لەناو درەختی دوانەیی قەرەبوو دەکرێیتەوە.",
  "commissions_faq_2" : "چۆن Team Comissions‎ هەژمار دەکرێت؟",
  "commissions_faq_20" : "Does the Customer's Sales Volume (SV) go into the Genealogy Tree?",
  "commissions_faq_20_answer" : "Yes. Once the system determines you are Active with a minimum of 75 PSV (Personal Sales Volume), then the Sales Volume associated with the Customer purchase will be placed according to your binary settings (Left, Right, Auto) in your QuiAri Portal. This will allow you to maximize Team commissions from your Personally Sponsored Customers.",
  "commissions_faq_2_answer_1" : "هەموو پاکەتێکی بەرھەم خاڵێکی بەهای پێی دەوترێت Sales Volume‎. هەموو جارێک بەرھەمێک لە ناو ڕێکخراوەکەت دەفرۆشرێت، ئەمە ‎Sales Volume بۆ تەواوی خاوەنی بزنسەکە دروست دەکات.",
  "commissions_faq_2_answer_2" : "کاتێک ئەم خاڵانە کۆ دەبنەوە، ئەوە تۆ ‎Team ‎Comissions بەدەست دێنیت. هەر جارێک کە برەودەر تەدویر دەکات بڕی 100 SV‎ لە قاچی چەپ و قاچی ڕاستیان کۆ دەبێتەوە.",
  "commissions_faq_2_answer_3" : "هەر Sales Volume Group‎ نەدراو بۆ پێشەوە دەچێت.",
  "commissions_faq_3" : "چۆن شایستەی وەرگرتنی ‎Team Comissions دەبم؟",
  "commissions_faq_3_answer" : "بۆ ئەوەی شایستە بیت، پێویستە بە لایەنی کەم یەک برەودەری سپۆنسەرکراوی کەسییت لە هەردووک قاچی چەپ و قاچی ڕاستت هەبێت کە ACTIVE‎ بە لایەنی کەمی 25 PSV ‎بۆ هەر مانگێک.",
  "commissions_faq_4" : "ئایا کڕینەکانی خۆم لە مەرجەکانی عمولە هەژمار دەکرێت؟",
  "commissions_faq_4_answer" : "کڕینە کەسیەکانی خۆت بەرەو ACTIVE‎ چالاک بوون هەژمار دەکرێن، بەڵام پێویستە بە شێوەی کەسی سپۆنسەری 2 برەودەری چالاک بکەیت لە قاچەکانی چەپ و ڕاستت بۆ ئەوەی شایستەی بەدەست هێنانی عمولە بیت.",
  "commissions_faq_5" : "دەتوانم چەند پارە کۆ بکەمەوە بە پلانی قەرەبو کردنەوەی QuiAri‎؟",
  "commissions_faq_5_answer" : "تکایە سەرنجی ئەوە بدە دەرفەتی بزنسی QuiAri‎ داهاتی بێسنوور پێشکەش دەکات. بەڵام، QuiAri‎ هیچ گەرەنتیەکی سەركەوتنی دارایی نادات. سەرکەوتن لەگەڵ QuiAri تەنها بەهۆی هەوڵە سەركەوتووەکانی فرۆشتنەوە دەبێت، کە پێویستی بە کاری زۆر، کۆشش، کارامەیی، بەردەوامی، لێهاتوویی و سەرکردایەتی هەیە. داهاتەکەت بەگوێرەی ئەوە دەبێت چەندە بە باشی ئەم لێهاتوویانە بەکاردێنیت.",
  "commissions_faq_6" : "ئایا سنوورداریەکم لە سەر دەسکەوتی مانگانەی ‎Team Comissions هەیە؟",
  "commissions_faq_6_answer_1" : "Champion: $5,000 USD‎ /هەفتە",
  "commissions_faq_6_answer_2" : "Hero: $10,000 USD‎ /هەفتە",
  "commissions_faq_6_answer_3" : "Legend: $15,000 USD‎ /هەفتە",
  "commissions_faq_6_answer_4" : "Diamond: $20,000 USD‎ /هەفتە",
  "commissions_faq_6_answer_5" : "Green Diamond: $25,000 USD‎ /هەفتە",
  "commissions_faq_6_answer_6" : "Purple Diamond: $50,000 USD‎ /هەفتە",
  "commissions_faq_6_answer_7" : null,
  "commissions_faq_6_answer_8" : null,
  "commissions_faq_6_comp_plan" : "بۆ زانیاری تکایە سەیری پلانی پاداشتی QuiAri‎ بکە",
  "commissions_faq_7" : "‎Sales Volume (SV) پەیوەندی بە هەر یەک لە پاکەتی بەرھەم و خودی بەرھەم چیە",
  "commissions_faq_7_answer_1" : "Shake & Energy Packs",
  "commissions_faq_7_answer_10" : "Founders Pack: 600 SV",
  "commissions_faq_7_answer_11" : "Builder Pack: 400 SV",
  "commissions_faq_7_answer_12" : "Standard Pack: 200 SV",
  "commissions_faq_7_answer_13" : "Basic Pack: 100 SV",
  "commissions_faq_7_answer_14" : "Gel Only Packs",
  "commissions_faq_7_answer_15" : "8 Pack: 360 SV",
  "commissions_faq_7_answer_16" : "4 Pack: 180 SV",
  "commissions_faq_7_answer_17" : "2 Pack: 90 SV",
  "commissions_faq_7_answer_18" : "Build Your Own Packs",
  "commissions_faq_7_answer_19" : "Shake Bag: 50 SV",
  "commissions_faq_7_answer_2" : "QuiAri Shake‎: 50 ‎SV",
  "commissions_faq_7_answer_20" : "Prime Gel Box: 45 SV",
  "commissions_faq_7_answer_21" : "Energy Bottle: 25 SV",
  "commissions_faq_7_answer_3" : "QuiAri Energy‎: 25 ‎SV",
  "commissions_faq_7_answer_4" : "5-Day Sampler: 10 SV",
  "commissions_faq_7_answer_5" : "پاکەتی بەرھەمی برەودەر (تەنها کڕینی یەک جارە)",
  "commissions_faq_7_answer_6" : "1 پاکەت - 75 ‎SV",
  "commissions_faq_7_answer_7" : "2 پاکەت - 150 ‎SV",
  "commissions_faq_7_answer_8" : "4 پاکەت - 300 ‎SV",
  "commissions_faq_7_answer_9" : "7 پاکەت - 500 ‎SV",
  "commissions_faq_8" : "چۆن Sales Volume‎ کۆ دەکەمەوە؟",
  "commissions_faq_8_answer" : "بۆ کۆکردنەوەی Sales Volume‎ ، پێویستە چالاک بیت لە ڕێگەی بەرهەم هێنانی لایەنی کەمی 25 ‎PSV ـی مانگانە.",
  "comp_plan" : "پلانی پاداشتکردن",
  "company_name" : "ناوی كۆمپانیا",
  "compensation_plan" : "پلانی پاداشتکردن",
  "confirm" : "دڵنیاکردنەوە",
  "confirm_new_password" : "دڵنیاکردنەوەی نهێنوشەی نوێ",
  "confirm_password" : "دڵنیاکردنەوەی نهێنوشە",
  "contact_us" : "Contact Us",
  "copied" : "کۆپی کرا",
  "copied_successfully" : "Bi serkeftî hate kopî kirin",
  "copy_link" : "لینكی کۆپی",
  "copy_video_url" : "Copy Video URL",
  "corporate_announcements" : "ڕاگەیاندنی کۆمپانیا",
  "cost" : "تێچوو",
  "country" : "وڵات",
  "current_commission_rank" : "ڕیزبەندیی عمولەی ئێستا",
  "current_password" : "نهێنوشەی ئێستا",
  "currently_have_no_customers" : "لە کاتی ئێستادا هیچ کڕیارێکت نیە",
  "customer_id" : "ناسنامەی کڕیار",
  "customer_info_1" : "خەڵکی لە سەرانسەری جیهان حەز بە بەرهەمەکانی QuiAri‎ دەکەن و ئەنجامی سەرسووڕهێنەریان لەگەڵیدا هەیە! هەمان ئەو کەسانەش پارەیان پێدەدرێت بۆ برەودان بە بەرهەمەکانی ‎QuiAri و دەستبەجێ دوای هەر فرۆشتنێک پارەیان پێدەدرێت. پەیوەندی بە دەرفەتی بزنسی بنیاتنراو لە سەر ماڵەوەی #1ی خێرا گەشەکردووی جیھانی بکە.",
  "customer_info_2" : "وەک برەودەرێکی QuiAri‎، چەندین شێوازی جیاواز هەن بۆ بەدەست هێنانی داهاتی بەشی یان فول تایم و بەرهەمی بەخۆڕاییش.",
  "cycle" : "سووڕ",
  "dashboard" : "داشبۆرد",
  "dashboard_business_app" : "ئەپلیکەیشنی بزنسی ‎QuiAri",
  "dashboard_business_app_description" : "ئێستا دایبەزێنە بۆ بەدواداچوونی دەستکەوتەکانت، کڕیارەکان و کڕینی بەرهەمەکان تۆمار بکە، ئاگاداری تازەترین بە لە ڕێگەی هەواڵەكانی QuiAri‎، و بزنسەکەت بەڕێوە ببە",
  "dashboard_business_opportunity" : "نمایشی دەرفەتی بزنسی ‎QuiAri",
  "dashboard_business_opportunity_info" : "Direct people on your Team to the Business Opportunity Presentation. Check social media {'@'}QuiAriOfficial or your email for the schedule.",
  "dashboard_current_month" : "مانگی ئێستا",
  "dashboard_download_now" : "ئێستا دایبەزێنە",
  "dashboard_follow_social_media" : "",
  "dashboard_get_paid_in_5" : "",
  "dashboard_getting_started" : "دەست پێکردن",
  "dashboard_live_feed" : "فیدی ڕاستەوخۆ",
  "dashboard_my_commissions" : "عمولەکانی من",
  "dashboard_my_qualifications" : "لێهاتووییەكانی من",
  "dashboard_purple_diamond_guide" : "",
  "dashboard_qualified" : "شایستە",
  "dashboard_recent_orders" : "داواکاریەکانی ئەم دواییانە",
  "dashboard_self_replicated_site" : "",
  "dashboard_share_your_story" : "چیرۆکەکەت هاوبەش بکە",
  "dashboard_stay_plugged_in" : "",
  "dashboard_steps" : "",
  "dashboard_steps_1" : "",
  "dashboard_steps_2" : "",
  "dashboard_steps_3" : "",
  "dashboard_steps_4" : "",
  "dashboard_steps_5" : "",
  "dashboard_steps_6" : "",
  "dashboard_testimonial" : " دەمانەوێت بۆچوونت ببیستین!",
  "dashboard_testimonial_description" : "ئایا دەرفەت یان بەرهەمەکان ژیانی تۆیان گۆڕیوە؟ چیرۆکەکەت هاوبەش بکە بۆ دەرفەتێک تا لە سەر فیدی ڕاستەوخۆ و سۆشیال میدیای ئێمە دابنرێت!",
  "dashboard_year_to_date" : "ساڵ تا ئەمڕۆ",
  "date" : "ڕێکەوت",
  "date_earned" : "ڕێکەوتی بەدەست هێنان",
  "date_joined" : "ڕێکەوتی پەیوەندیكردن",
  "ddu_disclaimer" : "نرخەکان باج، باجی گومرگی و ڕسومات ناگرێتەوە کە ڕەنگە لە کاتی گەیاندن هەڵسەنگاندنی بۆ بکرێت.",
  "delete" : "سڕینەوە",
  "disclaimers" : "Disclaimers",
  "discount" : null,
  "district" : "District",
  "documents" : "بەڵگەنامەکان",
  "download" : "Download",
  "earned_on" : "دەستکەوتووە لە",
  "edit" : "بژارکردن",
  "edit_address" : "بژاركردنی ناونیشان",
  "email_address" : "ناونیشانی ئیمەیل",
  "email_address_or_member_id" : null,
  "email_receipt" : "وەرگری ئیمەیل",
  "emails" : "ئیمەیل",
  "employer_identification_number" : "ژمارەی ناساندنی خاوەنکار",
  "empty_cart" : "عەرەبانەی بەتاڵگالیسکەی دەستی",
  "ending_with" : "کۆتای بە",
  "energy_bottle_description" : "Includes:\n1 Bottle of Energy  (60 servings)",
  "energy_single_serve_description" : "Includes:\n1 Bag of Energy  (60 servings)",
  "enter_login_details" : null,
  "error" : "هەڵە",
  "estimated_shipping_and_handling" : "ناردن و گەیاندنی پێشبینیکراو",
  "event_description" : "وەسفی پێشهات",
  "ewallet_account" : "زانیاری ئەژمێری جزدانی ئەلیکترۆنی",
  "ewallet_notice" : "بۆ سێتەپکردنی ئەژمێری جزدانی ئەلیکترۆنیت پێویستە ئەم فۆرمەی خوارەوە پڕ بکەیتەوە: {0}",
  "ewallet_setup_notice" : "ئەژمێری جزدانی ئەلیکترۆنیت خودکارانە لە ماوەی 5 ڕۆژی بازرگانی ئامادە دەبێت دوای ئەوەی 1ـەم عمولەت بەدەست دێنیت. ئەم پرۆسە یەک جارەیە بەرزترین ئاستی سەلامەتی و ئارامیت پێدەدات. کاتێک ئەژمێرەکەت چالاک دەکرێت، دەتوانیت چێژ لە گشت سوودەکانت وەربگریت کە Same Day Pay پێشکەشی کردووە!",
  "exempt_payee_code" : "کۆدی لێخۆشبوونی وەرگری پارە (ئەگەر هەبێت)",
  "exemption_from_fatca_reporting_code" : "لێخۆشبوون لە کۆدی ڕاپۆرتکردنی FATCA‎ (ئەگەر هەبێت)",
  "exemptions" : "لێخۆشبوون",
  "existing_monthly_autodelivery" : "",
  "existing_prepaid_autodelivery" : "",
  "expiration" : "بەسەرچوون",
  "expiration_month" : "مانگی بەسەرچوون",
  "expiration_year" : "ساڵی بەسەرچوون",
  "expired_on" : "بەسەر چووە لە",
  "expires" : "بەسەر دەچێت",
  "extend_prepaid_autodelivery" : null,
  "faqs" : "FAQs",
  "fast_start" : "دەستپێكردنی خێرا",
  "fast_start_bonus" : "‎Fast Start Bonus",
  "fda_notice" : "ئەم ڕوونکردنەوانە لە لایەن بەڕێوەبردنی خۆراک و دەرمان هەڵسەنگاندنیان بۆ نەکراوە. ئەم بەرهەمانە بۆ مەبەستی دەسنیشانکردن، چارەسەر، چاک بوونەوە یان ڕێگری کردن لە نەخۆشی دروست نەکراون.",
  "feature_request" : "داواكاری تایبەتمەندی",
  "federal_tax" : "باجی فیدراڵی",
  "federal_tax_classification" : "پۆلێنی باجی فیدراڵی",
  "feedback" : "فیدباک",
  "field_required" : "ئەم خانەیە داواکراوە",
  "first_name" : "ناوی یەکەم",
  "fitness" : "Fitness",
  "forgot_password" : "نهێنوشەت بیرچووە؟",
  "founders_pack_description" : "Includes:\n6 Boxes of Prime Gel\n5 Bags of Chocolate Shake (Single-Serve)\n5 Bags of Vanilla Shake (Single-Serve)\n5 Bags of Energy (Single-Serve)",
  "free" : "بەخۆڕایی",
  "free_tour_marketing_system" : "Free Tour Marketing System",
  "free_tour_subtitle" : "لە ماوەی ٢٤ کاتژمێری شەو و رۆژ و ٣٦٥ رۆژی ساڵ دا ئیش دەکات بۆ ئیوە، و لاپەڕەکانی ئێنتێرنێتی گشتی، ماڵپەڕەکانی مارکێتینگی تاکەکەسی کراوە، راپۆرت کردنی هاوکات، و کەمپەینێکی خۆ وەڵآم دەرەوەی بەدواداچوون ئامادە دەکات.لاپەڕەکانی ماڕکێتینگی خوارەوە هاوبەش بکە تا یارمەتی بدەی کە پێشکەوتن و رێبەرایەتی دروست بکەی و زوو ئیش وکاری خۆت دەست پێبکەی.  ",
  "from" : "لە",
  "gear_store" : "‎Gear Store",
  "genealogy" : "‎Genealogy",
  "general" : "گشتی",
  "general_faq_1" : "ئایا پێویست دەکات بەرھەم بکڕم بۆ بەشداریکردن لە پلانی پاداشتکردنی QuiAri‎؟",
  "general_faq_1_answer" : "کڕینە کەسییەکان پێویست نین بۆ بەشداری کردن، بەڵام یارمەتیت دەدەن لە بەدەستهێنانی دۆخی ACTIVE‎.",
  "general_faq_2" : "چۆن برەودەرێک بۆ تیمەکەم زیاد دەکەم؟",
  "general_faq_2_answer_1" : "کڕیارە پێشبینیکراوەکان خودکارانە دەخرینە لای قاچی چەپ یان ڕاستی تیمەکەت بۆ زیادکردنی دەستکەوتەکان. ئەگەر دەتەوێت بیگۆڕیت تاوەکو کڕیارەکان بخرێنە سەر قاچێکی دیاریکراو، هەرکاتێک بتەوێت دەتوانیت بۆ لاپەڕەی Genealogy‎ ی پۆرتاڵەکەت بچیت و چەپ یان ڕاست هەڵبژێریت.",
  "general_faq_2_answer_2" : "هەروەها بژاردەت هەیە بە ئاسانی بە دەست کڕیارەکان بخەیتە لاپەڕەی Genealogy‎ لە ڕێگەی کرته کردن لە سەر پێگەیەکی کراوە.",
  "general_faq_3" : "ئەگەر بەرێکەوت کەسێکم خستە شوێنێکی هەڵەی داونلاین، ئایا دەتوانم بۆ شوێنە دروستەکەیان ببەم؟",
  "general_faq_3_answer" : "عمولەکان خودکارانە بە خۆت و ئەپلاینەکەت دەدرێن لەو کاتەی فرۆشتن ئەنجام دەدرێت. بەم شێوەیە، کاتێک تۆمارکردن تەواو دەبێت، شوێنی برەودەر ناکرێت بگوازرێتەوە یان بگۆڕدرێت. تکایە دڵنیا بە سپۆنسەرەکەت و دەسنیشانکردنەکانی شوێنت ووردن پێش ئەوەی بەردەوام بیت.",
  "general_faq_4" : "ئایا ڕێککەوتنی QuiAri‎ چیە؟",
  "general_faq_4_answer" : "ماوەی ڕێککەوتنی QuiAri‎ بریتیە لە یەک ساڵ لە ڕێکەوتی بەشداری کردنەوە. ئەگەر برەودەرێک ڕەتی نەکاتەوە، ئەوە بزنسەکەی خودکارانە نوێ دەکرێتەوە.",
  "general_faq_5" : "چ جیاوازییەک لەنێوان برەودەر و کڕیار؟",
  "general_faq_5_answer" : "کڕیار کەسێکە کە بەرهەمەکانی QuiAri‎ دەکڕێت. برەودەر کەسێکە کە بەشداری لە پلانی پاداشتی QuiAri‎ دەکات.",
  "general_faq_6" : "چی دەبێت ئەگەر هیچی تر نەمەوێت ببم بە برەودەر؟",
  "general_faq_6_answer" : "دەتوانیت پەیوەندی بە {email} بکەیت بۆ ناچالاك كردنی ئەژمێری برەودەرت. تیمەکەی ئێمە یارمەتیت دەدات لە گۆڕینی ئەژمێری کڕیاری QuiAri‎ تاوەکو بتوانیت بەردەوام بیت لە داواکردنی بەرهەمەکان و وەرگرتنی تازەکردنەوەکان.",
  "general_faq_7" : "How Do I Get My Products For Free?",
  "general_faq_7_answer" : "Here is how to qualify for “Refer 2 And It’s FREE?”\n\n• You must be on AutoDelivery with at least 50 SV (Sales Volume)\n• You must have 2 Personally Sponsored Customers on AutoDelivery within the last 30 days with orders generating 50 SV or more.\n• You now qualify for FREE product!\n\nOnce all criteria have been met, QuiAri’s system reviews your Customers’ AutoDelivery orders generating 50 SV or more within the last 30 days and takes the average of their totals. The result is the product credit you will receive. Please note that the total credit cannot exceed $118.80 USD and shipping, duties, VAT, or any applicable international product fees do not apply.",
  "general_inquiry" : "پرسی گشتی",
  "generated_between" : "دروستکراوە لە نێوان",
  "generated_on" : "دروستکراوە لە",
  "get_social" : "بە کۆمەڵایەتی بوون",
  "get_social_info" : "بە کۆی جیھان بڵێ چەندە QuiAri‎ خۆشت دەوێت لە ڕێگەی فۆڵۆوکردنی ئێمە لە سەر سۆشیال میدیا و هاوبەشکردنی پۆستەکانی ڕۆژانە.",
  "grand_total" : "کۆی گشتی",
  "health_and_fitness" : "Health and Fitness",
  "hyperwallet_e_wallet" : "جزدانی ئەلیکترۆنی هایپەرواڵت",
  "hyperwallet_faq_1" : "ئایا Hyperwallet® E-Wallet‎ چیە؟",
  "hyperwallet_faq_10" : "ئایا دەتوانم ڕاستەوخۆ AutoDelivery‎ لە عمولەکەم بدەم بە جزدانی ئەلیکترۆنی Hyperwallet®‎؟",
  "hyperwallet_faq_10_answer" : "بەڵێ. دەتوانیت AutoDelivery‎ ـی خۆت بدەیت لە ڕێگەی دەسنیشانکردنی Hyperwallet® E-Wallet‎ وەک شێوازی سەرەکی پارەدان لە ناو ئەژمێری من.",
  "hyperwallet_faq_11" : "چۆن نهێنوشەی جزدانی ئەلیکترۆنی ‎Hyperwallet® E-Walletەکەم دەگەڕێنمەوە ئەگەر وونم کرد یان لەبیرم چوو؟",
  "hyperwallet_faq_11_answer_1" : "بۆ گەڕاندنەوەی نهێنوشەکەت، بڕۆ بۆ{0} ، کرتە لە سەر \"لەبیرکردنی نهێنوشە\" بکە و ئینجا ئەو ناونیشانی ئیمەیلە بنووسە کە بە QuiAri‎ ـیتدا لە کاتی چالاککردنی ئەژمێرەکەت.",
  "hyperwallet_faq_11_answer_2" : "بۆ پرسیار دەربارەی ئەژمێری ‎Hyperwallet® E-Wallet، پەیوەندی بە Hyperwallet®‎ بکە بە ژمارە 1.604.638.6657‎ یان ه‎ێڵی بەخۆڕایی لە ناو ئەمریکا 1.877.546.8220‎ (دووشەم-هەینی، کاتژمێر 8ی بەیانی - 8ی ئێوارە، شەمە-یەك شەمە 8ی بەیانی -5ی ئێوارە بەکاتی پاسیفیک). هەروەها دەتوانیت ئیمەیل بۆ پشتیوانی Hyperwallet®‎ بنێریت بە بەکارهێنانی {0} لە وێبسایتەکەیان.",
  "hyperwallet_faq_1_answer" : "Hyperwallet® E-Wallet‎ سیستەمێکی پارەدانی جیھانیە کە ڕێگە بە برەودەرەکان دەدات بە ئۆنلاین عمولەکانیان وەربگرن، دەستیان پێ بگات و بەڕێوەی ببەن، لە 24ی کاتژمێری ڕۆژ، بە شیوەی ڤیرچوەڵ لە هەموو شوێنێکی جیھان.",
  "hyperwallet_faq_2" : "QuiAri‎ بۆچی Hyperwallet® E-Wallet‎ بەکاردێنێت بۆ دانی پارەی عمولەکان؟",
  "hyperwallet_faq_2_answer" : "دڵنیاکردنەوەی ئەوەی برەودەرەکانمان لە هەموو شوێنێک بە شێوازێکی خێرا، ئاسان و گونجاو پارەی عمولەکانیان وەردەگن، کە ئەمە ئەولەویەتێکی بەرزە.",
  "hyperwallet_faq_3" : "چۆن ئەژمێری Hyperwallet® E-Wallet‎ بکەمەوە؟",
  "hyperwallet_faq_3_answer" : "دوای ئەوەی یەکەم عمولەت بەدەست دێنیت، پێویستە زانیاری پێویستی سەرنجدراوی پۆرتاڵی لاپەڕەکەت تەواو بکەیت. کاتێک پڕکردنەوەی زانیاری پێویستت تەواوکرد، ئەژمێری Hyperwallet® E-Wallet‎ ـت خودکارانە لە ماوەی 5 ڕۆژی بازرگانی بۆت ئامادە دەکرێت. ئینجا ئیمەیلێکی دڵنیاکردنەوە لە QuiAri‎ وەردەگریت، لەگەڵ ئیمەیلێک لە Hyperwallet®‎ کە پێت دەڵێت چۆن دەتوانیت ئەژمێرەکەت چالاک بکەیت. گشت عمولە بەدەست هێنراوەکان دەستبەجێ دەچنە ئەژمێری Hyperwallet® E-Wallet‎ـی تۆ. تکایە سەرنجی ئەوە بدە: کرێیەکی مانگانەی بچووكی بڕی $3.30 جێبەجێ دەبێت.",
  "hyperwallet_faq_4" : "چۆن عمولەکانم لە ئەژمێری ‎Hyperwallet® E-Wallet وەردەگرم؟",
  "hyperwallet_faq_4_answer" : "بە ئەژمێرێکی بانكی Hyperwallet® E-Wallet‎، عمولەکان دەکرێت ڕاستەوخۆ بخرێتە سەر ئەژمێری بانكیت، بە گواستنەوەی بانکی بیکەیت یان - لە سەر داواكاری و بەگوێرەی بەردەست بوون - بخرێتە سەر کرێدیت کارتی Visa®‎ـی QuiAri‎.",
  "hyperwallet_faq_5" : "ئایا دەتوانم دێبیت کارتی Visa®‎ـی QuiAri‎ لە ڕێگەى ئەژمێری Hyperwallet® E-Wallet‎ بەدەست بێنم؟",
  "hyperwallet_faq_5_answer" : "بەڵێ، دەتوانیت! دێبیت کارتی Visa®‎ـی QuiAri‎ لە زیاتر لە 185 وڵات بەردەستە و ڕێگەت دەدات ڕاستەوخۆ لە عمولەکانی ئەژمێری Hyperwallet® E-Wallet‎ ـت پارە بدەیت لە هەر شوێنێک کەوا Visa®‎ پەسەند دەکرێت!",
  "hyperwallet_faq_6" : "چۆن دەتوانم داوای دێبیت کارتی Visa®‎ـی QuiAri‎ ـی بکەم؟",
  "hyperwallet_faq_6_answer" : "کاتێک عمولە بەدەست دێنیت و ئەژمێری Hyperwallet® E-Wallet‎ـت دروست دەکەیت، شایستەی داواکردنی دێبیت کارتی Visa®‎ـی ‎QuiAriـیت. کارتەکە لە چەندین وڵاتی سەرانسەری جیھان تەنها بەرامبەر بە $10 USD‎ بەردەستە.",
  "hyperwallet_faq_7" : "ئایا دەتوانم بە بەکارهێنانی ‎Hyperwallet® E-Wallet پارە بنێرم؟",
  "hyperwallet_faq_7_answer" : "بەڵێ، دەتوانیت پارەی عمولەکانت بە شێوەی ڤیرچوەڵ بۆ هەموو جیھان بنێریت. حەواڵەی بانکی لە زیاتر لە 215 وڵات پاڵپشتیکراون.",
  "hyperwallet_faq_8" : "ئایا تێچووی کارکردن لە سەر عمولە بەدەست هێنراوەکان هەیە؟",
  "hyperwallet_faq_8_answer" : "تێچوویەکی کەمی $.40 USD‎ هەیە کە دەبڕدرێت بۆ هەر جارێک کە عمولە بخرێتە سەر ئەژمێری Hyperwallet® E-Wallet‎ـت.",
  "hyperwallet_faq_9" : "ئایا Hyperwallet® E-Wallet‎ پشتیوانی لە دیپۆزیتی ڕاستەوخۆ بۆ ئەژمێری بانكیم دەکات؟",
  "hyperwallet_faq_9_answer" : "بەڵێ. دیپۆزیتی ڕاستەوخۆ لە کاتی ئێستادا لە نزیکەی 50 وڵات پشتیوانیکراوە.",
  "i_agree" : "من ڕازیم",
  "if_diferent_from_above" : "ئەگەر جیا بێت لەوەی سەرەوە",
  "in_transit" : "لە گواستنەوە",
  "inbox" : "ئینبۆکس",
  "income_disclosure_statement" : "ڕوونکردنەوەی ئاشکراکردنی داهات",
  "individual_items" : "ئایتمە کەسییەکان",
  "interior_number" : null,
  "international_product_import_fee" : "تێچووی هاوردەکردنی بەرھەمی نێودەوڵەتی",
  "international_promoters" : "برەودەرە جیهانیەکان",
  "international_w9_fields_error" : "هەڵەیەك ڕوویدا لە كاتی هەوڵدان بۆ نوێکردنەوەی ئەژمێرەکەت، تکایە پەیوەندی بە پشتیوانیەوە بکە.",
  "international_w9_fields_info" : "خانەکانی خوارەوە پڕ بکەوە بۆ سێتەپکردنی زانیاری ئەژمێری جزدانی ئەلیکترۆنیت.",
  "invalid_card" : "کارتی نادروست",
  "items" : "ئایتمەکان",
  "its_go_time_video" : "It's Go Time Video",
  "join_date" : "ڕێکەوتی پەیوەندی كردن",
  "join_url" : "URL‎ی پەیوەندیكردن",
  "joined_on" : "پەیوەندیكردووە لە",
  "language" : "زمان",
  "language_settings" : "ڕێکبەندەکانی زمان",
  "larger_orders_description" : "بۆ داواکاری گەورەتر، تکایە ئیمەیل بۆ {0} بکە",
  "last_name" : "ناوی کۆتایی",
  "launch_plan" : "10-4-2 پلانی بەکارخستن",
  "launch_plan_info" : "هەنگاوە گرنگەکان فێربە بۆ بنیاتنانی بزنسی QuiAri بۆ ئەو هەنگاوانەی هەرگیز مەزەندە نەکراون.",
  "lead_capture_link" : "Lead Capture Page Link",
  "left" : "چەپ",
  "left_bottom" : "چەپی خوارەوە",
  "left_leg" : "قاچی چەپ",
  "left_placement_description" : "ئەگەر بژاردەی دیاریکردنی LEFT‎ دەسنیشان بکرێت، گشت برەودەرە سپۆنسەرکراوە کەسیەکان دەخرێنە شوێنی بەردەستی دەرەوەی خوارەوەی قاچی چەپ.",
  "leg_count" : "ژمارەی قاچ",
  "legal" : "یاسایی",
  "lesser_leg_volume" : "Lesser Leg Volume",
  "lesser_volume_leg" : "Lesser Volume Leg",
  "lifestyle" : "Lifestyle",
  "lifestyle_bonus" : "‎Lifestyle Bonus",
  "limit_product" : "ئایتمەكانی {amount} بەگوڕەی داواکاری سنووردار بکە",
  "list_account_numbers" : "پۆلینی ژمارەی ئەژمێرەکان",
  "live_opp_pres_english" : "Tuesday 8 PM EST\nSunday 8 PM EST",
  "live_opp_pres_french" : "Monday, Wednesday, Friday, Saturday\n3 PM EST",
  "live_opp_pres_german" : "Tuesday & Thursday\n2 PM EST",
  "live_opp_pres_hindi" : "Monday, Tuesday, Thursday, Friday, Saturday\n10 AM EST",
  "live_opp_pres_kannada" : "Monday, Wednesday, Friday\n11:30 AM EST / 9 PM IST",
  "live_opp_pres_south_africa" : null,
  "live_opp_pres_spanish" : "Monday, Wednesday, Friday\n10 AM EST\n10 PM EST",
  "live_opp_pres_vietnamese" : "Monday & Wednesday\n8:30 AM EST",
  "live_opportunity_presentations" : "Invite Prospects to attend our LIVE Opportunity Presentations happening daily in multiple languages.",
  "live_opportunity_presentations_title" : "LIVE Opportunity Presentations",
  "live_presentation_schedules" : "Live Presentation Schedules",
  "live_purple_diamond_english" : "Tuesday 8:30 PM EST\nSaturday 3 PM EST",
  "live_purple_diamond_french" : "Saturday\n1 PM EST",
  "live_purple_diamond_guide_training_title" : "LIVE Purple Diamond Guide Training",
  "live_purple_diamond_guide_trainings" : "Invite Promoters to attend our LIVE Purple Diamond Guide Trainings happening daily in multiple languages.",
  "live_purple_diamond_hindi" : "Wednesday\n10 AM EST",
  "live_purple_diamond_spanish" : "Saturday\n12:30 PM EST\nTuesday\n12 PM EST",
  "live_purple_diamond_vietnamese" : "Friday 8:30 AM EST",
  "llc_c_corporation" : "کۆمپانیای C",
  "llc_proprietary" : "ساماندارانە",
  "llc_s_corporation" : "کۆكۆمپانیای S",
  "llc_tax_classification" : "پۆلێنی باجی ‎LLC",
  "location" : "شوێن",
  "log_out" : "چوونە دەرەوە",
  "login" : "چوونە ناوەوە",
  "love" : "خۆشەویستی",
  "mailing_address" : "ناونیشانی پۆستەیی",
  "make_this_my_default_address" : "ئەمە بکە بە ناونیشانی بنەڕەتیم",
  "make_this_my_default_payment_method" : "ئەمە بکە بە شێوەی پارەدانی بنەڕەتیم",
  "manage_autodelivery" : "بەڕێوەبردنی ‎AutoDelivery",
  "maqui" : "Maqui",
  "matching_bonus" : "‎Matching Bonus",
  "medical_and_drug_claims" : "QuiAri Medical and Drug Claims",
  "member_id" : "ناسنامەی ئەندام",
  "message" : "پەیام",
  "mobile" : "ئاگانامەی مۆبایل",
  "month" : "مانگ | مانگەکان",
  "my_account" : "ئەژمێری من",
  "my_addresses" : "ناونیشانەکانی من",
  "my_autodelivery" : "AutoDelivery‎ ـی من",
  "my_cart" : "عەرەبانەی من",
  "my_customers" : "کڕیارەکانی من",
  "my_notifications" : "ئاگانامەکانی من",
  "my_order" : "داواکاری من",
  "my_payment_methods" : "شێوازی پارەدانی من",
  "my_profile" : "پرۆفایلی من",
  "my_promoter" : "برەودەری من",
  "my_promoters" : "برەودەرەکانی من",
  "my_ranks" : "پلەبەندی من",
  "my_shipping_addresses" : "ناونیشانەکانی ناردنی من",
  "my_team" : "تیمی من",
  "my_vouchers" : "پسوولەکانی من",
  "name" : "ناو",
  "name_on_card" : "ناوی سەر كارت",
  "need_help" : null,
  "new" : "نوێ",
  "new_message" : "پەیامی نوێ",
  "new_password" : "نهێنوشەی نوێ",
  "next" : "داهاتوو",
  "no" : "نەخێر",
  "no_autodelivery" : "بێ ‎AutoDelivery",
  "no_commission_during_this_period" : "لەم ماوەیەدا هیچ پلەبەندیەکی عمولەت بەدەست نەهێناوە.",
  "no_commissions_earned" : "هێشتا هیچ عمولەیەکت بەدەست نەهێناوە.",
  "no_payment_method_selected" : "هیچ شێوازێکی پارەدان دەسنیشان نەکراوە",
  "no_ranks_earned_during_this_period" : "هیچ پلەبەندیەک لەم ماوەیەدا بەدەست نەهاتووە",
  "no_recognition_ranks_during_this_period" : "لەم ماوەیەدا هیچ پلەبەندیەکی ناسینەوەت بەدەست نەهێناوە.",
  "no_shipping_address_selected" : "هیچ ناونیشانێکی ناردن دەسنیشان نەکراوە",
  "no_tracking_information_available" : "هیچ زانیاریەکی بەدواداچوون بەردەست نیە",
  "no_volume_earned_during_this_period" : "هیچ قەبارەیەک لەم ماوەیەدا بەدەست نەهاتووە",
  "non_qualified" : "نا-شایستە",
  "not_applicable" : "جێبەجێ نابێت",
  "notification_preferences" : "خوازراوەکانی ئاگانامە",
  "notifications_autodelivery_emails" : "ئیمەیلی نوێکردنەوەی خود-گەیاندن وەربگرە",
  "notifications_rank_advancement_emails" : "Rank Advancementer ‎بردنی پلەبەندی وەربگرە",
  "notifications_user_joined_emails" : "ئیمەیلی کڕیار/برەودەری پەیوەندیكردوو وەربگرە",
  "num_months" : "{amount} Months",
  "only_autodelivery" : "تەنها ‎AutoDelivery",
  "oops" : "بەداخەوە!",
  "open" : "کراوە",
  "opportunity" : "دەرفەت",
  "opportunity_presentation" : "نمایشکردنی دەرفەت",
  "opportunity_presentation_speaker_notes" : "تێبینییەکانی قسەکەری نمایشکردنی دەرفەت",
  "optional" : "ئارەزوومەندانە",
  "order_date" : "ڕێکەوتی داواکاری",
  "order_details" : "زانیاریەکانی داواکاری",
  "order_history" : "مێژووی داواکاری",
  "order_id" : "ناسنامەی داواکاری",
  "order_now" : "ئێستا داوای بکە",
  "order_num" : "داواکاری #",
  "order_number" : "داواکاری #{id}",
  "order_placed_on" : "دانراوە لە {date}",
  "order_summary" : "پوختەی داواکاری",
  "order_tracking" : "بەدواداچوونی داواکاری",
  "ordering_shipping_and_returns" : "داواکردن، ناردن و گەڕانەوەکان",
  "ordering_shipping_and_returns_faq_1" : "ئایا QuiAri‎ بەرهەمەکان بۆ سەرانسەری جیھان دەنێرێت؟",
  "ordering_shipping_and_returns_faq_1_answer" : "بێ گومان. ئێمە بەرهەمەکان بە شێوەی ڤیرچوەڵ بۆ هەموو شوێنێکی جیھان دەنێرین.",
  "ordering_shipping_and_returns_faq_2" : "کەی بەرهەمەکانی QuiAri‎ـی خۆم وەردەگرم؟",
  "ordering_shipping_and_returns_faq_2_answer" : "داواکاریەکەت لە ماوەی 1-2 ڕۆژی بازرگانی کۆگاکانی ئێمە جێدەهێڵێت. چەندین دابینکەری ناردن لە سەرانسەری جیھان بەکاردێنین بۆ دڵنیاکردنی ئەوەی بەرهەمەکانت لە کاتی خۆیدا دەگەن. خێرایی ناردن لە نێوان 3-10 ڕۆژی بازرگانیە. ئەگەر هەر پرسیارێکت هەیە دەربارەی بەدواداچوونی داواكاریەکەت، تکایە پەیوەندی بە تیمی پشتیوانی ئێمە بە",
  "ordering_shipping_and_returns_faq_3" : "ئایا سیاسەتی گەڕاندنەوە چیە؟",
  "ordering_shipping_and_returns_faq_3_answer_1" : "QuiAri‎ سیاسەتی گەڕاندنەوەی 30ڕۆژ پێشکەش دەکات، لە دوای ڕێکەوتی داواکردن، بۆ ئەو بەرهەمانەی بە پێشکەشکاری ڕیکلام و کڕیارەکان فرۆشراون. پارەدانەوەی بەرهەمەکان کە نەکراونەتەوە و لە دۆخی داخراودان بە ڕێژەی %100 دەدرێنەوە بە نرخی ڕەسەنی کڕین، کەمتر لە ڕێژەی 10% ـی تێچووی کۆگاکردنەوە.",
  "ordering_shipping_and_returns_faq_3_answer_2" : "پارەدانەوە بۆ بەرهەمی کراوە، بەشێک بەکارهاتوو یان تێکشکاو بە ڕێژەی 50% نرخی خۆی دەبێت. تێچووەکانی ناردن و بارکردن، باج، ڕسومات و باجی گومرگ بۆ هیچ گەڕاندنەوەیەک نادرێتەوە. سەیری سیاسەت و ڕێکارەکانی ئێمە بکە بۆ زانیاری تەواو دەربارەی سیاسەتی گەڕاندنەوە.",
  "ordering_shipping_and_returns_faq_3_answer_3" : null,
  "ordering_shipping_and_returns_faq_4" : "ئایا QuiAri‎ ڕێگە بە ئالوگۆڕکردنی بەرھەم دەدات؟",
  "ordering_shipping_and_returns_faq_4_answer" : "ئێمە پەسەندی هیچ جۆرێکی ئالوگۆڕی بەرھەم نادەین.",
  "ordering_shipping_and_returns_faq_5" : "چی ئەگەر بەرهەمەکەم بە تێکشکاوی گەیشت؟",
  "ordering_shipping_and_returns_faq_5_answer_1" : "کۆمپانیای ناردن بەرپرسیارە لە تێشکان کە لە ماوەى ناردن ڕوو دەدات. کڕیارێک کەوا کەلوپەلی شکاو وەردەگرێت پێویستە پەیڕەوی ئەم ڕێکارە بکات:",
  "ordering_shipping_and_returns_faq_5_answer_2" : "پەسەندکردنی گەیاندن",
  "ordering_shipping_and_returns_faq_5_answer_3" : "تۆمارکردنی زیانەکان",
  "ordering_shipping_and_returns_faq_5_answer_4" : "پێشکەشکردنی داواکاریەک لە لای کۆمپانیای ناردن",
  "ordering_shipping_and_returns_faq_5_answer_5" : "لە ماوەی 24 کاتژمێر ئاگاداری بەشی پشتیوانی QuiAri ‎ـی ({0}) بکەوە.",
  "ordering_shipping_and_returns_faq_6" : "ڕێژە و کاتی ناردنی QuiAri ‎چین؟",
  "ordering_shipping_and_returns_faq_6_answer" : "کۆمپانیای ناردن بەرپرسیارە لە تێشکان کە لە ماوەى ناردن ڕوو دەدات. برەودەر یان کڕیارەکان کەوا کەلوپەلی شکاو وەردەگرن پێویستە پەیڕەوی ئەم ڕێکارە بکەن:",
  "orders" : "داواکاریەکان",
  "other" : "ئی تر",
  "p65_site" : "‎www.P65Warnings.ca.gov",
  "packages" : "",
  "paid_on" : "پارەدرا لە",
  "password" : "نهێنوشە",
  "password_updated" : "نهێنوشەکەت نوێکرایەوە!",
  "payment" : "پارەدان",
  "payment_issue" : "کێشەیەک لە شێوەی پارەدانت هەبوو.",
  "payment_method" : "شێوەی پارەدان",
  "payment_method_instructions" : "زانیاری خوارەوە بنووسە بۆ زیادکردنی ئەم شێوازەی پارەدان.",
  "payment_method_required" : "شێوەی پارەدان پێویستە",
  "payment_method_required_description" : "پێویستە شێوەیەکی پارەدان دەسنیشان بکرێت",
  "personally_sponsored_rank_history" : "مێژووی پلەبەندی سپۆنسەرکراوی کەسیی",
  "phone_number" : "ژمارە تەلەفۆن",
  "placed_on" : "دانراوە لە",
  "placing_order" : "دانانی داواکاری...",
  "policies_and_procedures" : "سیاسەت و ڕێکارەکان",
  "postal_code" : "کۆدی پۆستە",
  "prepaid_autodelivery" : "Prepaid AutoDelivery",
  "prepaid_autodelivery_description" : "Prepaid AutoDelivery is QuiAri's monthly delivery program. Much like a subscription-based service, Prepaid AutoDelivery is designed to bring Customers and Promoters the convenience of having their favorite QuiAri products delivered automatically each and every month. Here’s the GREAT News – Prepaid AutoDelivery also saves you an additional 10%-12% each month.",
  "prepaid_months_remaining" : "",
  "prepaid_no_refund_description" : null,
  "previous" : "پێشووتر",
  "previous_month_rank" : "پلەبەندی مانگی پێشووتر",
  "price" : "نرخ",
  "primary" : "سەرەکی",
  "primary_address" : null,
  "prime_gel_description" : "Includes:\n1 Box of Prime Gel (30 servings)",
  "prime_gel_only_packs" : "",
  "priority_shipping" : "ئەولەویەتی ناردن",
  "product" : "بەرهەم",
  "product_brochure" : "نامیلکەی بەرھەم",
  "product_day_supply" : "{num} ڕۆژ دابینکردنم",
  "product_launch_plan_booklet" : "10-4-2 پلانی بەکارخستن (نامیلکە)",
  "product_month_supply" : "{num} مانگ دابینکردن",
  "product_pdfs" : "PDF‎ـی بەرھەم",
  "products" : "بەرهەمەکان",
  "products_faq_1" : "ئایا دەتوانم لەكوێ زانیاری زیاتر دەربارەی بەرهەمەکانی QuiAri‎ بدۆزمەوە؟",
  "products_faq_10" : "ئایا QuiAri Energy‎ یارمەتیم دەدات لە لە دەستدانی کێش؟",
  "products_faq_10_answer_1" : "پێکهاتە تایبەتەکانی ئێمە بەیەکەوە کار دەکەن بۆ باشترکردنی لەدەستدانی كێش و یارمەتیدان لە باشترکردنی ووزە.",
  "products_faq_10_answer_2" : "ماکی بێری میوەی ژمارە 1ـە، کە 5 هێندەی میوەکانی تر دژەئۆکسێنەری تێدایە. MaquiX™‎ پوختەیەکی ئەندامی زۆر چڕە کە هێزی سروشتى ماکی بەرز دەکاتەوە.",
  "products_faq_10_answer_3_1" : "پوختەی چای سەوز",
  "products_faq_10_answer_3_2" : "پوختەی چای سەوز دەتوانێت یارمەتیدەر بێت لە دەستپێکردنی لەدەستدانی كێش کاتێک ئاوێتە دەکریت لەگەڵ ڕیجیمی خۆراکی تەندروست و وەرزشکردن.",
  "products_faq_10_answer_4_1" : "ئاوێتەکردنی ووزە",
  "products_faq_10_answer_4_2" : "خاڵی گرنگ لە لەدەستدانی كێش، ئاوێتەکردنی ووزەی بێھاوتای ئێمە یارمەتیت دەدات لە سووتاندنی کالۆری و چەوری بۆ لەدەستدانێکی ئەدا بەرزی کێش",
  "products_faq_11" : "ئاوێتەکردنی ووزەی ئێمە چیە؟",
  "products_faq_11_answer_1" : "ئاوێتەکردنی ووزەی ئێمە بەهێزكراو لە لایەن ئاوێتەی بەرزی ڕێکخەری پێکهاتەکان کە داڕێژراوە بۆ ئەوەی جەستەت لە شێوەیەکی نموونەیی سوتاندنی چەوری دابنێت.",
  "products_faq_11_answer_2_1" : "دارچین",
  "products_faq_11_answer_2_2" : "دەتوانێت یارمەتی تەندروستى هەرسکردن و یارمەتی کەمکردنەوەی هەوکردن بێت",
  "products_faq_11_answer_3_1" : "بیبەری سوور",
  "products_faq_11_answer_3_2" : "یارمەتی بەرزکردنەوەی مێتابۆلیزم دەدات، یارمەتی کەمکردنەوەی ئارەزووی خواردن دەدات، و یارمەتی تەندروستى هەرسکردن دەدات",
  "products_faq_11_answer_4_1" : "بیبەری ڕەش",
  "products_faq_11_answer_4_2" : "دژەئۆکسانی تێدایە و هەڵمژینی خۆراک باشتر دەکات",
  "products_faq_11_answer_5_1" : "ڕەگی زەنجەفیل",
  "products_faq_11_answer_5_2" : "هەرسکردنی تەندروست باشتر دەکات و یارمەتی ڕووبەڕوو بوونەوەی هەوکردن دەدات",
  "products_faq_12" : "ئایا QuiAri Energy‎ چەندم ووزە پێدەدات؟",
  "products_faq_12_answer" : "QuiAri Energy‎ پاکترین تەندروستترین بوژانەوەیە! بە یارمەتی پوختەی فاسۆلیای قاوەی سەوز، MaquiX™‎، و پوختەی چای سەوز، ‎QuiAri ‎Energy بڕی 150 ملگک لە ووزەی سروشتى پێشکەش دەکات - یەکسانە بە یەک تا دوو کوپ لە قاوە، بۆ بەرگەگرتنی درێژخایەنی تەواوی ڕۆژەکە!",
  "products_faq_13" : "چەندە ژەمی QuiAri Energy‎ وەردەگرم؟",
  "products_faq_13_answer" : "هەر بوتڵ یان کیسێکی پاکەتی یەک جارە حەبی بای یەک مانگ دابین دەکات.",
  "products_faq_14" : "ماکی چیە؟",
  "products_faq_14_answer" : "لە شاخە ڕەسەنەکانی ناوچەی پاتاگۆنیای چیلیە، ماکی بێری بۆ چەندین سەدەیە ناسراوە بۆ ئەوەی سوودی خۆراکی و تەندروستی هەبێت. ماکی تا 5 هێندەی هێزی دژەئۆکسان دەبەخشێت بەراورد بە هەر میوەیەکی تری ناسراوی پێشووتر.",
  "products_faq_15" : "ئایا MaquiX™‎ چیە؟",
  "products_faq_15_answer" : "QuiAri‎ هەماهەنگی لەگەڵ توێژەری باڵای ماکی بێری کردووە لە جیھان بۆ دروستكردنی MaquiX™‎، پوختەیەکی ئەندامی چڕی تایبەتە کە هێزی ماکی بێری بۆ 10 هێندە بەرز دەکاتەوە.",
  "products_faq_16" : "ئایا90-Day Kickstart Challenge‎ چیە؟",
  "products_faq_16_answer_1" : "90-Day Kickstart Challenge‎ گۆڕانکاریەکی 2 هەنگاوی شێوازی ژیانە کە یارمەتیت دەدات لەوەی خێرا هەست بە باشی بکەیت.",
  "products_faq_16_answer_2" : "هەنگاوی 1: لە بانی چێژ لە یەکەم QuiAri Shake‎ـی بەلەزەت وەربگرە",
  "products_faq_16_answer_3" : "هەنگاوی 2: تەواوکەری QuiAri Energy‎ ـی ئێمە وەربگرە و ووزەی پێویستت لە هێز بۆ ئەو ڕۆژە وەربگرە",
  "products_faq_16_answer_4" : "بەم شێوەیەیە - چاڵنجەکە تەواو. تەنها لە ماوەی 90 ڕۆژ ئاستی تەندروستى و ووزەی خۆت وەردەگریت بۆ گشت ئاستە نوێیەکان.",
  "products_faq_17" : "ئایا دەتوانم بەرهەمەکانی QuiAri‎ بەکاربێنم ئەگەر کێشەی پزیشکیم هەبێت یان دەرمان وەربگرم؟",
  "products_faq_17_answer" : "ئەگەر کێشەی پزیشکیت هەیە یان دەرمان وەردەگریت، تکایە ڕاوێژ بە پزیشکەکەت پێش بەکارهێنانی بەرهەمەکانی QuiAri‎.",
  "products_faq_18" : "دەتوانم چی بڵێم دەربارەی بەرهەمەکان لە کاتی برەودان بە QuiAri‎؟",
  "products_faq_18_answer" : "See {0}",
  "products_faq_19" : "ئایا دەتوانم بەرهەمەکانی QuiAri‎ بکڕم بێ گەڕانەوە بۆ ناسنامەی برەودەرەکە؟",
  "products_faq_19_answer" : "پێویستە سەیری ناسنامەی برەودەر بکەیت بۆ کڕینی بەرهەمەکان. ئەگەر ئەو برەودەرەی ئاڕاستەی کردیت بۆ QuiAri‎ ژمارەی خۆی بە تۆ نەدا، تکایە ڕاستەوخۆ پەیوەندیان پێوە بکە. ناسنامەی برەودەرت نیە؟ پەیوەندی بە {0} بکە بۆ یارمەتی لە بواری داواکاریەکەت.",
  "products_faq_1_answer" : "تکایە سەیری {0}ی ئێمە بکە دەربارەی گشت بەرهەمەکانی QuiAri‎.",
  "products_faq_2" : "کەی پێویستە QuiAri Shake‎ بخۆمەوە؟",
  "products_faq_20" : "چی دەبێت ئەگەر بەرهەمەکانی QuiAri‎ زۆر خۆش بوێت کە بمەوێت ببم بە برەودەری QuiAri‎؟",
  "products_faq_20_answer" : "بوون بە برەودەر ئاسانە. بەخۆڕایی لە پۆرتاڵی کڕیار خۆت تۆمار بکە. دەستبەجێ هەموو شتێک وەردەگریت کە پێویستتە بۆ دەستپێكردنی بنیاتنانی بزنسی QuiAri‎ ـیت: وێبسایتی بازاڕکردنی دووەمی خۆت، پۆرتاڵ، ئەپلیکەیشنی مۆبایل، و زیاتریش.",
  "products_faq_21" : "چۆن بەرهەمەکان بەکاردێنم؟",
  "products_faq_21_answer_1" : "هەنگاوی 1: لە بانی چێژ لە یەکەم QuiAri Shake‎ـی بەلەزەت وەربگرە",
  "products_faq_21_answer_2" : "Step 2: Take 1-2 QuiAri Energy supplements and get the energy you need to conquer your day",
  "products_faq_21_answer_3" : "Step 3: Take 1-2 delicious Gel Packets throughout your day. Just rip and sip!",
  "products_faq_22" : "پاکێجە نوێیەکانی برەودەر چەندی تێدەچێت و چیت دەست دەکەوێت؟",
  "products_faq_22_answer_1" : "پاکێجە نوێیەکانی برەودەر بەم شێوەیەن:",
  "products_faq_22_answer_10" : "4 کیس لە QuiAri Shake‎،ـ 4 بوتڵ لە ‎QuiAri ‎Energy",
  "products_faq_22_answer_11" : "7 پاکەت: $1199 USD (500 SV)‎ باشترین بەها!",
  "products_faq_22_answer_12" : "6 مانگ لە Speed Bonus ‎ـی بێسنوور",
  "products_faq_22_answer_13" : "7 کیس لە QuiAri Shake‎،ـ 7 بوتڵ لە QuiAri ‎Energy",
  "products_faq_22_answer_14" : "",
  "products_faq_22_answer_15" : "",
  "products_faq_22_answer_16" : "",
  "products_faq_22_answer_17" : "",
  "products_faq_22_answer_18" : "",
  "products_faq_22_answer_19" : "",
  "products_faq_22_answer_2" : "1 پاکەت: $125 ‎USD (75 SV)",
  "products_faq_22_answer_20" : "",
  "products_faq_22_answer_21" : "",
  "products_faq_22_answer_22" : "",
  "products_faq_22_answer_23" : "",
  "products_faq_22_answer_24" : "",
  "products_faq_22_answer_25" : "",
  "products_faq_22_answer_26" : "",
  "products_faq_22_answer_27" : "",
  "products_faq_22_answer_3" : "1 مانگ لە Speed Bonus ‎ـی بێسنوور",
  "products_faq_22_answer_4" : "1 کیس لە QuiAri Shake‎،ـ 1 بوتڵ لە ‎QuiAri ‎Energy",
  "products_faq_22_answer_5" : "2 پاکەت: $250 ‎USD (150 SV)",
  "products_faq_22_answer_6" : "2 مانگ لە Speed Bonus ‎ـی بێسنوور",
  "products_faq_22_answer_7" : "2 کیس لە QuiAri Shake‎،ـ 2 بوتڵ لە ‎QuiAri ‎Energy",
  "products_faq_22_answer_8" : "4 پاکەت: $500 ‎USD (300 SV)",
  "products_faq_22_answer_9" : "3 مانگ لە ‎Speed Bonus ـی بێسنوور",
  "products_faq_23" : "Are Speed Bonuses offered every time I order a Product Package?",
  "products_faq_23_answer_1" : "No. Speed Bonuses are offered only on initial Product Package purchases only.",
  "products_faq_23_answer_2" : "ماوەی 1 ساڵت هەیە بۆ کڕینی قەرەبووی پسوولەکان.",
  "products_faq_23_answer_3" : "تکایە سەرنجی ئەوە بدە کە بڕی پسوولە جێبەجێ نابێت بە سەر تێچووی بەرزكردنەوەی یەک پێدان، ڕسوماتی ناردن، باجی فرۆشراوەکان، باجی زێدەبەها، یان تێچووی هاوردەکردنی نێودەوڵەتی. پێویستە ئەمانە لە لایەن برەودەرەکە بدرێن لەو کاتەی قەرەبوویان دەکەنەوە لە پۆرتاڵی برەودەری QuiAri‎.",
  "products_faq_23_answer_4" : "",
  "products_faq_24" : "What Is QuiAri Prime?",
  "products_faq_24_answer_1" : "Our Prime gel is a delicious blend of scientifically proven, proprietary ingredients chosen specifically for their highly potent anti-aging antioxidant levels, nutritional profile, and tantalizing taste. In addition to Maqui berries, MaquiX®, S.O.D., Resveratrol, & Pterostilbene (our Youth X blend), our Prime gel is boosted with aloe vera, grapeseed, and green tea extracts for powerful repair from free radical damage, protection for cells against future harm, and reversing the signs of aging.",
  "products_faq_25" : "How Do I Take Prime?",
  "products_faq_25_answer_1" : "Just rip and sip! Take 1-2 delicious Gel Packets throughout your day.",
  "products_faq_2_answer" : "لە بەیانی سەرەتا QuiAri Shake‎ بخۆوە بۆ دەستپێکردنی ڕۆژەکەت بەدروستی!",
  "products_faq_3" : "ئایا وەرگرتنی QuiAri Shake‎ یارمەتیم دەدات لە لە دەستدانی کێش؟",
  "products_faq_3_answer_1" : "QuiAri Shake‎ تایبەتمەندیەکی ئاوێتەکردنی پێکهاتەکان بەکاردێنێت کە بەیەکەوە کار دەکەن بۆ پشتیوانیکردن لە لەدەستدانی كێش:",
  "products_faq_3_answer_2" : "ماکی بێری میوەی ژمارە 1ـە، کە 5 هێندەی میوەکانی تر دژەئۆکسێنەری تێدایە. MaquiX™‎ پوختەیەکی ئەندامی زۆر چڕە کە هێزی سروشتى ماکی بێری بەرز دەکاتەوە.",
  "products_faq_3_answer_3" : "تایبەتمەندی، QuiAri Shake‎ بڕی 16 گرام پرۆتینی تێدایە، کە یارمەتیت دەدات لە دامرکاندنەوەی ئارەزووی خواردنت و کۆنترۆڵی کێش و شتی زیاتریش!",
  "products_faq_4" : "بڕی چەند کالۆری لە QuiAri Shake‎ ـدا هەیە؟",
  "products_faq_4_answer" : "QuiAri Shake‎ تەنها 120 کالۆریە بۆ هەر ژەمێک.",
  "products_faq_5" : "ئایا QuiAri Shake‎ بێ گلوتینە؟",
  "products_faq_5_answer" : "بەڵێ، QuiAri Shake‎ بێ گلوتینە.",
  "products_faq_6" : "ئایا QuiAri Shake‎ شەکری تێدایە؟",
  "products_faq_6_answer" : "هیچ شەکرێک لە ناو QuiAri Shake‎ ـدا نیە.",
  "products_faq_7" : "چەندە ژەم لە ناو هەر کیسێکی QuiAri Shake‎ هەیە؟",
  "products_faq_7_answer" : "بە 28 ژەم، هەموو کیسێک بەشی یەک مانگ لە شەیک میکیسی تێدایە.",
  "products_faq_8" : "شتە سەوزەکانی ناو Greens Blend‎ چین؟",
  "products_faq_8_answer" : "QuiAri Shake‎ سوود لە شتە سەوزە بەھێزەکان وەردەگرێت بۆ کۆنترۆڵی کێشت و باشترکردنی مێتابۆلیزمت.",
  "products_faq_8_answer_1_1" : "سپیناغ",
  "products_faq_8_answer_1_2" : "پشتیوانی لە بەساڵاچوون و پەستانی باشی خوێن دەکات",
  "products_faq_8_answer_2_1" : "کلۆرێلا",
  "products_faq_8_answer_2_2" : "پشتیوانی لە بەساڵاچوون دەکات و سیستەمی بەرگری لەش باشتر دەکات",
  "products_faq_8_answer_3_1" : "پوختەی گیای برۆکۆلی",
  "products_faq_8_answer_3_2" : "پشتیوانی لە پێستی تەندروست دەکات",
  "products_faq_8_answer_4_1" : "قەرنابیت",
  "products_faq_8_answer_4_2" : "پشتیوانی لە لەدەستدانی كێش دەکات، و دژەئۆکسان و ڤیتامین سی دابین دەکات",
  "products_faq_8_answer_5_1" : "ئەلفالا",
  "products_faq_8_answer_5_2" : "پشتیوانی لە مێتابۆلیزمێکی تەندروست دەکات",
  "products_faq_8_answer_6_1" : "سپيرولينا",
  "products_faq_8_answer_6_2" : "پشتیوانی لە تەواوی تەندروستى دەکات لە ڕێگەی ژمارەیەک خوراک و پرۆتینی بەرز",
  "products_faq_9" : "کەی پێویستە QuiAri Energy‎ وەربگرم؟",
  "products_faq_9_answer" : "Take 1 tablet two times daily. Drink at least 8 glasses of water daily. QuiAri Energy is most effective when paired with QuiAri Shake and QuiAri Prime Gel.",
  "profile_name_validation_message" : "پێویستە ناوەکە لە 100 پیست کەمتر بێت",
  "promoter_details" : "زانیاریەکانی برەودەر",
  "promoter_id" : "ناسنامەی برەودەر",
  "promoter_package_kickstart_description" : "باشترین بژاردەیە بۆ 1 کەس بۆ دەستپێكردنی Kickstart Challenge‎ـەکەیان و بۆ 4 هەفتە بەرهەمی پێویستیان پێدەدات.",
  "promoter_upgrade" : "ئەژمێرەکەت بۆ برەودەر بەرز کرایەوە.",
  "purple_diamond_guide" : "Purple Diamond Guide",
  "purple_diamond_guide_description" : "Follow the simple steps to reach the rank of Purple Diamond.",
  "purple_diamond_guide_training_slides" : "Purple Diamond Guide Training Slides",
  "qualifications" : "تایبەتمەندیەکان",
  "qualifications_active" : "چالاك",
  "qualifications_join_date" : "ڕێکەوتی پەیوەندی كردن",
  "qualifications_personal_sales_vol" : "‎Personal Sales Volume",
  "qualifications_previous_month_commission_rank" : "پلەبەندی عمولەی مانگی ڕابردوو",
  "qualifications_recognition_rank" : "پلەبەندیی پێزانین",
  "qualifications_speed_bonus_vol" : "Speed Bonus Volume",
  "qualified" : "شایستە",
  "quantity" : "بڕ",
  "quiari_medical_and_drug_claims" : "QuiAri‎ پزیشكی و بانگەشەکانی پەیوەندیدار بە دەرمان",
  "quiari_mobile_app" : "",
  "quiari_promoter_id" : "ناسنامەی برەودەری ‎QuiAri",
  "quiari_swag_description" : "Get your SWAG on! Gear up with everything you need for your business: Hats, activewear, shaker cups, car decals, and more!",
  "quiari_testimonial" : "بڕوانامەی ‎QuiAri",
  "quiari_testimonial_info" : "خانەکانی خوارەوە پڕ بکەوە بۆ هاوبەشکردنی چیرۆكی سەركەوتنت یان پەیامی ئیلهامبەخشت بۆ برەودەرەکانی تری QuiAri!‎",
  "rank" : "پلە",
  "rank_advancement" : "Rank Advancement‎ ",
  "rank_and_bonuses" : "پلەبەندی و بەخششەکان",
  "rank_champion" : null,
  "rank_crown_purple_diamond" : null,
  "rank_diamond" : null,
  "rank_grand_purple_diamond" : null,
  "rank_green_diamond" : null,
  "rank_hero" : null,
  "rank_history" : "مێژووی پلەبەندی",
  "rank_legend" : null,
  "rank_promoter" : null,
  "rank_purple_diamond" : null,
  "rank_qualification" : "لێهاتوییەکانی پلەبەندی",
  "rank_qualification_faq_1" : "چۆن بە هەر یەک لەم پلەبەندیانە دەگەم؟",
  "rank_qualification_faq_1_answer_1" : "هەر پلەبەندیەک پێویستی بە Sales Volume‎ قەبارەی فرۆشتنە بۆ ئەوەی دەست بخرێت لە سەر قاچی قەبارەی Lesser Volume Leg‎ عمولەکە.",
  "rank_qualification_faq_1_answer_2" : "پلانی پاداشتکردن",
  "rank_qualification_faq_2" : "ئایا جیاوازی چیە لە نێوان پلەبەندی عمولەی من و پلەبەندیی پێزانین؟",
  "rank_qualification_faq_2_answer_1" : "پلەبەندی عمولە بریتیە لەو پلەبەندیەی کە لە کاتی ئێستادا دەیدەیت. ئەمە لە سەر بنەمای Sales Volume (SV)‎ و داواکاری پلانی پاداشتکردنی تری QuiAri‎ دەبێت لە ماوەی هەموو مانگێکی عمولە.",
  "rank_qualification_faq_2_answer_2" : "پلەبەندی پێزانین بریتیە لە بەرزترین پلەبەندی کە هەرگیز پێی نەگیشتوویت.",
  "rank_qualification_faq_3" : "کەی هەڵسەنگاندن بۆ پلەبەندیەکانی عمولە دەکرێت؟",
  "rank_qualification_faq_3_answer" : "پلەبەندیەکانی عمولە لە 1ی هەموو مانگێک هەڵسەنگاندنیان بۆ دەکرێت لە سەر بنەمای مانگی پێشووتر.",
  "rank_rising_star" : null,
  "rank_rock_star" : null,
  "rank_shooting_star" : null,
  "rank_star" : null,
  "rank_super_star" : null,
  "reason" : "هۆکار",
  "recognition" : "پێزانین",
  "recognition_rank" : "پلەبەندیی پێزانین",
  "recover" : "گەڕاندنەوە",
  "recover_account" : "ئەژمێری گەڕاندنەوە",
  "recover_account_description" : "ئەو ناونیشانی ئیمەیلە بنووسە کە بۆ چوونەناو QuiAri‎ بەکاری دێنیت. ئیمەیلێک بۆ ناونیشانی پێشکەشکراو دەنێردرێت کە ڕێنوێنیت دەکات لە ڕێگەى پرۆسەی گەڕاندنەوە.",
  "recover_invalid_email" : "ناونیشانی ئیمەیل نادروست بۆ ئەم هەوڵەی گەڕاندنەوە دیاریکرا.",
  "recover_max_limit_reached" : "زۆرترین ڕێژەی هەوڵی چاك بوونەوە درا. لە ماوەی 24 کاتژمێر دووبارە هەوڵدەوە.",
  "recover_successful" : "ئیمەیلێک بە ڕێنماییەکان ناردراوە بۆ ڕێککردنەوەی نهێنوشەکەت.",
  "redeem_now" : "ئێستا قەرەبووکردنەوە",
  "redeem_voucher" : "پسوولەی قەرەبووکردنەوە",
  "redeemable_on" : "قەرەبوو دەکرێتەوە لە",
  "redeemed_on" : "قەرەبووکراوایەوە لە",
  "refund" : "پارەدانەوە",
  "refund_processed" : "پارەدانەوەکە لە{date} تا {amount} درایەوە",
  "remove" : "لابردن",
  "remove_all" : "لابردنی هەموو",
  "reorder" : "ڕێکخستنەوە",
  "reports" : "ڕاپۆرتەکان",
  "required" : "داواکراو",
  "reset" : "ڕێککردنەوە",
  "resources" : "سەرچاوەکان",
  "results" : "ئەنجامکان",
  "review_order" : "پێداچوونەوەی داواکاری",
  "review_order_8" : "پێداچوونەوەی کۆی گشتی",
  "review_package" : null,
  "review_products" : null,
  "right" : "ڕاست",
  "right_bottom" : "خوارەوە لای ڕاست",
  "right_leg" : "قاچی ڕاست",
  "right_placement_description" : "ئەگەر بژاردەی دیاریکردنی ڕاست دەسنیشان بکرێت، گشت برەودەرە سپۆنسەرکراوە کەسیەکان دەخرێنە شوێنی بەردەستی دەرەوەی خوارەوەی قاچی ڕاست.",
  "sales" : "فرۆشتن",
  "sales_receipt" : "Sales Receipt",
  "sales_reciept" : "پسوولەی فرۆشتن",
  "sales_volume" : "‎Sales Volume",
  "sales_volume_amount" : "{amount} ‎Sales Volume",
  "sales_volume_left" : "Sales Volume‎ چەپ",
  "sales_volume_right" : "Sales Volume‎ ڕاست",
  "sample_cards" : "کارتەکانی نموونە",
  "sampler_pack_description" : "Includes a 5 day supply of QuiAri Shake (pouch) and QuiAri Energy (sachet) for personal use.",
  "save" : "هەڵگرتنی {amount}",
  "save_autodelivery" : "هەڵگرتنی ‎AutoDelivery",
  "save_changes" : "هەڵگرتنی گۆڕانکاریەکان",
  "savings" : "پاشەکەوتەکانی ({amount}%)",
  "search" : "Search",
  "search_error" : "هەڵەی گەڕان",
  "see_instructions" : "سەیری ڕێنماییەکان بکە",
  "select" : "دەسنیشانکردن",
  "select_a_country_to_view_options" : "وڵاتێک دەسنیشان بکە بۆ بینینی بژاردەکان",
  "select_card" : "کارت دەسنیشان بکە",
  "select_language" : "زمان دەسنیشان بکە",
  "select_payment_type" : "شێوازی جۆری پارەدان دیاری بکە",
  "select_preferred_payment_method" : "شێوازی خوازراوی پارەدان دیاری بکە",
  "select_products" : "بەرهەمەکان دەسنیشان بکە",
  "self_replication_prefix" : "پێشگری هاوشێوەی خود",
  "self_replication_prefix_description" : "پێشگری هاوشێوەکردنی خود بۆ دیاریکردنی URL‎ی وێبسایت بەکاردێت. بۆ نموونە، ئەگەر پێشگری هاوشێوەکردنی خود بریتی بێت لە \"quiarirocks\"‎، ئەوە URL‎ی وێبسایت بریتی دەبێت لە https://quiarirocks.quiari.com‎.",
  "sent" : "نێردرا",
  "serving_bag" : "{amount} کیسی پێشکەشکردن",
  "settings" : "ڕێكبەندەكان",
  "setup_ewallet_account" : "ئەژمێری جزدانی ئەلیکترۆنیت خۆت سێتەپ بکە",
  "shake_chocolate_description" : "Includes:\n1 Bulk Bag of Chocolate Shake (28 servings)",
  "shake_chocolate_single_description" : "Includes:\n1 Bag of Chocolate Shake (14 servings)",
  "shake_energy_packs" : "",
  "shake_energy_prime_packs" : "",
  "shake_vanilla_description" : "Includes:\n1 Bulk Bag of Vanilla Shake (28 servings)",
  "shake_vanilla_single_description" : "Includes:\n1 Bag of Vanilla Shake (14 servings)",
  "share" : "هاوبەشکردن",
  "share_using_self_replicated_website" : "Share QuiAri using your self-replicated website",
  "shipped_to" : "ناردن بۆ",
  "shipping_Rates_individual_1" : "ئایتمە کەسییەکان (داواکاری کەمتر لە $50 USD‎)",
  "shipping_Rates_individual_2" : "ئایتمە کەسییەکان (داواکاری زیاتر لە $50 USD‎)",
  "shipping_address" : "ناونیشانی ناردن",
  "shipping_address_and_billing_information" : "ناونیشانی ناردن و زانیاری پسوولەکردن",
  "shipping_address_create" : "ناونیشانی نوێی ناردن دروست بکە",
  "shipping_address_required" : "ناونیشانی ناردن پێویستە",
  "shipping_address_required_description" : "پێویستە ناونیشانێکی ناردن دەسنیشان بکرێت",
  "shipping_and_billing_information" : "زانیاری ناردن و پسوولەکردن",
  "shipping_and_billing_information_description" : "ناونیشانەکانی ناردن و پسوولەکردن دەسنیشان بکە، و لەگەڵ شێوازی خوازراوی پارەدان.",
  "shipping_and_handling" : "ناردن و گەیاندن",
  "shipping_autodelivery" : "Use this shipping address for my next AutoDelivery",
  "shipping_estimate" : "تکایە ماوەی 2-10 ڕۆژی بازرگانی چاوەڕوان بە بۆ گەیاندن. کاتەکانی ناردن دەکەوێتە سەر شوێنەکەت.",
  "shipping_information" : "زانیاری ناردن",
  "shop_now" : "Shop Now",
  "shopping_cart_1" : "1 مانگ دابینکردنی QuiAri Shake‎ و ‎QuiAri ‎Energy",
  "showing" : "نیشاندان",
  "sign_here" : "لێرە واژۆ بکە",
  "single_serve_upgrade_description" : "تەواوی داواکاریەکە بەرز بکەوە بۆ پاکەتی یەک جار پێشکەشکردن بۆ {amount} ی زیاتر",
  "social_media_best_practices" : null,
  "social_security_number" : "ژمارەی بیمەی کۆمەڵایەتی",
  "speed_bonus" : "‎Speed Bonus",
  "speed_bonus_countdown" : "ژماردنی پێچەوانەی ‎Speed Bonus",
  "sponsor" : "سپۆنسەر",
  "sponsor_id" : "ناسنامەی سپۆنسەر",
  "sponsor_link" : "لینكی سپۆنسەر",
  "sponsor_placement_description" : "Once Placed, Cannot Move as Calculations are made and Paid in Real Time",
  "sponsorship_sign_up" : "خۆ تۆمارکردنی سپۆنسەرکردن",
  "sponsorship_sign_up_description" : "لینكی ئەم داواکاریە بە ئیمەیل یان کورتە نامە بۆ کڕیارە پێشبینیکراوەکەت بنێرە یان لینكەکە کۆپی بکە بۆ ئەوەی خۆت داواکاریەکە پڕ بکەیتەوە.",
  "sponsorship_sign_up_sponsor_id" : "ئەگەر خۆت سپۆنسەری ئەم کڕیارە پێشبینیکراوە نیت، ناسنامەی سپۆنسەر لە خوارەوە بنووسە",
  "standard_pack_description" : "Includes:\n2 Boxes of Prime Gel\n2 Bulk Bags of Shake (Chocolate or Vanilla)\n2 Bottles of Energy",
  "state_province" : "هەرێم/پارێزگا",
  "store_description" : "تا 5 QuiAri Shakes‎ و 5 QuiAri Energy‎ هەڵبژێرە",
  "subject" : "بابەت",
  "submit" : "پێشکەشکردن",
  "submit_for_review" : "پێشكەشكردنی پێداچوونەوە",
  "submitted" : "پێشکەشکراو",
  "subtotal" : "کۆی لاوەکی",
  "support" : "پشتیوانی",
  "support_email" : "support{'@'}quiari.com",
  "support_request" : "داواكاری پشتیوانی",
  "support_request_text" : "خانەکانی خوارەوە پڕ بکەوە و نوێنەرایەتی پشتیوانی بە زووترین کاتی گونجاو وەڵام دەداتەوە.",
  "swag_store" : "‎Swag Store",
  "tablet_bottle" : "{amount} بوتڵی حەب",
  "tablet_single_serve_packets" : "{amount} ({tablet_count} قرص) حزمات الحصص المفردة",
  "tax_classification_c_corporation" : "کۆمپانیای C",
  "tax_classification_individual" : "تاک/تاکە خاوەن",
  "tax_classification_partnership" : "هاوبەشی",
  "tax_classification_s_corporation" : "كۆمپانیای S",
  "tax_classification_trust_or_estate" : "متمانە/خانووبەرە",
  "tax_id" : "ناسنامەی باج",
  "tax_payer_identification_number" : "ژمارەی ناساندنی باجدەر",
  "taxes" : "باجەكان",
  "taxes_and_duties" : "باج و ڕسومات",
  "team_commissions" : "‎Team Commissions",
  "text_copied" : "دەق بۆ کلیپۆرد کۆپی کرا",
  "total" : "کۆی گشتی بڕ",
  "total_commissions_summary" : "کۆی گشتی عمولە",
  "total_personal_sales_volume_by_month" : "کۆی گشتی Personal Sales Volume‎ بە پێی\r\n",
  "track_order" : "بەدواداچوون بۆ داواکاری",
  "training" : "ڕاهێنان",
  "try" : "هەوڵدان",
  "try_love_share_launch_plan" : "Try. Love. Share® Launch Plan",
  "try_love_share_launch_plan_description" : "Get your business off to a FAST START using our Simple Sample System.",
  "type" : "جۆر",
  "unlimited_speed_bonuses" : "{num} {month} Speed Bonus‎ی بێسنوور",
  "update" : "نوێکردنەوە",
  "update_address" : "نوێکردنەوەی ناونیشان",
  "update_address_info" : "زانیاری خوارەوە بنووسە بۆ بەڕێوەبردنی ئەم ناونیشانە.",
  "update_autodelivery" : "نوێکردنەوەی ‎AutoDelivery",
  "update_autodelivery_date" : "",
  "update_password" : "نوێكردنەوەی نهێنوشە",
  "update_password_incorrect" : "نهێنوشەیەکی هەڵەت نووسیوە، تکایە دووبارە بینووسەوە بۆ بەردەوام بوون.",
  "update_password_not_match" : "ئەو نهێنوشانەی نووسیت هاوتا نین. تكایە بیپشکنە و دووبارە هەوڵدەوە.",
  "update_password_text" : "بۆ چوونە ناوەوە نهێنوشەی ئەژمێرت نوێ بکەوە. ئەمە دەستبەجێ کارا دەبێت.",
  "update_payment_method" : "شێوەی پارەدان نوێ بکەوە",
  "update_payment_method_instructions" : "زانیاری خوارەوە بنووسە بۆ بەڕێوەبردنی ئەم شێوازەی پارەدانە.",
  "us_based_promoters" : "برەودەرانی ناو ئەمریکا",
  "vanilla" : "ڤانیلا",
  "verify" : "سەلماندن",
  "videos" : "Videos",
  "view_cart" : "سەیری عەرەبانە بکە",
  "view_details" : "سەیری زانیاریەکان بکە",
  "view_international_numbers" : "ژمارە نێودەوڵەتیەکان ببینە",
  "view_qualifications" : "لێهاتوییەکان ببینە",
  "view_world_wide_shipping_document" : "بۆ بینینی کات و ڕێژەی نزیکەیی ناردن، تکایە سەیری بەڵگەنامەی {0}ی ئێمە بکە.",
  "volume" : "قەبارە",
  "volume_history" : "مێژووی قەبارە",
  "volume_history_by_month" : "پوختەی مێژووی قەبارە بەگوێرەی مانگ",
  "volume_history_by_year" : "پوختەی مێژووی قەبارە بەگوێرەی ساڵ",
  "volume_history_summary_by_month" : "پوختەی قەبارە بەگوێرەی مانگ",
  "volume_history_summary_by_year" : "پوختەی قەبارە بەگوێرەی ساڵ",
  "volume_needed_for_next_rank" : "قەبارەی پێویست بۆ پلەبەندی داهاتوو:",
  "volume_summary_by_month" : "پوختەی قەبارە بەگوێرەی مانگ",
  "volume_summary_by_year" : "پوختەی قەبارە بەگوێرەی ساڵ",
  "w9_and_instructions_pdf" : "فۆرمی W-9 و ڕێنماییەکان بە شێوەی ‎PDF",
  "w9_certification" : "پشتڕاستکردنەوە",
  "w9_certification_1" : "بەگوێرەی سزاکانی سوێندی درۆ، من دووپاتی ئەوە دەکەمەوە کە:",
  "w9_certification_2" : "ژمارەی نیشاندراوی سەر ئەم فۆرمە ژمارەی ناساندنی دروستی باجدەری منە (یان من چاوەڕوانی ژمارەکەم تا بۆم دروست بکرێت)؛ و",
  "w9_certification_3" : "من ناکەومە ژێر لێبڕێنی یەدەگ چونکە:",
  "w9_certification_4" : "من بەخشراوم لە لێبڕینی یەدەگ، یان",
  "w9_certification_5" : "لە لایەن خزمەتگوزاری باجی داهاتی ناوخۆ (IRS‎) ئاگادار نەکراومەتەوە کە من دەبێت پابەندی لێبڕینی یەدەگ بم بەهۆی شکستهێنان لە ڕاپۆرتكردنی گشت سوودەکان و قازانج، یان",
  "w9_certification_6" : "‎IRS ئاگاداری منی کردۆتەوە کە من چی تر ناکەومە ژێر لێبڕینی یەدەگ؛ و",
  "w9_certification_7" : "من هاوڵاتیەکی ئەمریکیم یان کەسێکی تری ئەمریکیم (لە خوارەوە پێناسەکراوە)؛ و",
  "w9_certification_8" : "کۆدی FATCA‎ی نووسراوی خوارەوەی سەر ئەم فۆرمە (ئەگەر هەبێت) ئاماژەیە کە من بەخشراوم لە ڕاپۆرتکردنی FATCA‎ ڕاستە.",
  "w9_certification_9" : "ڕێنماییەکانی پشتڕاستکردنەوە. پێویستە چەوت لە ئایتمی 2ـی سەرەوە بدەیت ئەگەر لە لایەن ‎IRS ئاگادار کرابیتەوە کە تۆ لە کاتی ئێستادا دەکەویتە ژێر لێبڕینی یەدەگ چونکە شکستت هێناوە لە ڕاپۆرتكردنی گشت سوود و قازانجەکانی گەڕاندنەوەی باجت. بۆ حەواڵەکانی خانووبەرە، ئایتمی 2 جێبەجێ نابێت. بۆ سوودی بارمتەی خانووبەرەی دراو، بەدەستهێنان یان دەستبەردابوونی مولکی زامنکراو، ڕەتکردنەوەی قەرز، بەشداری لە ئامادەکاریەکی خانەنشینی کەسی (‎IRA)، بە شێوەیەکی گشتى، مووچەی جگە لە سوود و قازانج، تۆ پێویستە پشتڕاستکردنەوەکە واژۆ بکەیت بەڵام پێویستە TIN‎ی دروستی خۆت بنووسیت. سەیری ڕێنماییەکانی بەشی II بکە، دواتر.",
  "w9_form" : "فۆرمی ‎IRS W-9",
  "w9_notice" : "پێویستە {0}ی ناچاری پڕ بکەیتەوە بۆ ئەوەی ئەژمێری جزدانی ئەلیکترۆنیت تەواو بکەیت و خۆت لە پرۆسەکە تۆمار بکەیت.",
  "w9_registration_form" : "فۆرمی تۆمارکردنی ‎W9",
  "w9_submit_error" : "هەڵەیەك ڕوویدا",
  "w9_submit_error_description" : "هەڵەیەک ڕوویدا. تكایە لە ماوەیەكی كورت دووبارە هەوڵدەوە.",
  "w9_submitted" : "W9‎ سەرکەوتووانە پێشکەشکرا",
  "w9_submitted_description" : "زانیاری باجی W9 ‎ـت سەرکەوتووانە بۆ پێداچوونەوە پێشکەشکرا.",
  "ward" : "Ward",
  "welcome" : "بەخێربێیت!",
  "world_wide_shipping_document" : "بەڵگەنامەی ناردنی جیھانی",
  "year" : "ساڵ",
  "yearly_commissions_summary" : "پوختەی عمولەی ساڵانە",
  "yes" : "بەڵێ",
  "your_testimonial" : "گەواهینامەی تۆ"
}