{
  "15_gel_boxes_description" : null,
  "1_pack_description" : "Includes:\n1 Bulk Bag of Shake (Chocolate or Vanilla)\n1 Bottle of Energy",
  "2_pack_description" : "Includes:\n2 Bulk Bags of Shake (Chocolate or Vanilla)\n2 Bottles of Energy",
  "2_pack_gel_description" : "Includes:\n2 Boxes of Prime Gel",
  "3_gel_boxes_description" : null,
  "4_pack_description" : "Includes:\n4 Bulk Bags of Shake (Chocolate or Vanilla)\n4 Bottles of Energy",
  "4_pack_gel_description" : "Includes:\n4 Boxes of Prime Gel",
  "6_gel_boxes_description" : null,
  "8_pack_gel_description" : "Includes:\n8 Boxes of Prime Gel",
  "Active" : "Aktibo",
  "Cycled" : "Nagbisikleta",
  "Ending" : "Nagtatapos",
  "New" : "Bago",
  "Starting" : "Nagsisimula na",
  "active" : "Aktibo",
  "active_cycle_volume" : "Aktibong Cycle Volume",
  "active_tripack_description" : "Includes:\n1 Box of Prime Gel\n1 Bulk Bag of Shake (Chocolate or Vanilla)\n1 Bottle of Energy",
  "add_address" : "Idagdag ang Address",
  "add_payment_method" : "Magdagdag ng Paraan ng Pagbabayad",
  "add_shipping_address" : "Add a shipping address to get your order estimate",
  "add_to_autodelivery" : "Idagdag sa AutoDelivery",
  "add_to_cart" : "Idagdag Sa Cart",
  "address_instructions" : "Ilagay ang impormasyon sa ibaba upang idagdag ang address na ito.",
  "address_line_1" : "Linya para sa Address 1",
  "address_line_2" : "Linya para sa Address 2",
  "all" : "lahat",
  "amount" : "Halaga",
  "are_you_sure_customer_to_promoter" : "Sigurado ka bang nais mong maging isang Promoter?",
  "as_shown_on_your_income_tax_return" : "Tulad ng ipinakita sa iyong income tax return",
  "auto" : "Auto",
  "auto_delivery" : "AutoDelivery",
  "auto_placement_description" : "Kung napili ang AUTO, ang unang taong iyong na-sponsor ay mailalagay sa parehong leg ng iyong sponsor. Halimbawa, kung nakalagay ka sa kanang leg ng iyong sponsor, ang iyong unang personal na na-sponsor na tao ay mailalagay sa iyong kanang leg.",
  "auto_placement_description_2" : "Sinumang bagong Promoter pagkatapos ay mailalagay sa labas ng leg na may pinakamababang Sales Volume.",
  "auto_placement_description_3" : "Kung ang Sales Volume ay pareho sa magkabilang leg, ang bagong Promoter ay mailalagay sa labas ng leg na may pinakamababang leg count.",
  "autodelivery_cancel" : "Kanselahin ang  AutoDelivery",
  "autodelivery_cancel_error" : "Failed to cancel your AutoDelivery, please contact support.",
  "autodelivery_cancel_success" : "Successfully cancelled your AutoDelivery.",
  "autodelivery_description" : "Makatipid ng 10% ngayon sa pamamagitan ng pag-sign up para sa AutoDelivery at awtomatikong maihatid ang iyong mga paboritong produkto ng QuiAri buwan-buwan.\t Maaari mong i-update o i-edit ang iyong order ng AutoDelivery anumang oras.",
  "autodelivery_disclaimer" : "Awtomatikong mapoproseso ang iyong AutoDelivery at sisingilin sa iyong credit o debit card buwan-buwan hanggang sa kanselahin mo ang serbisyo. Maaari mong i-edit ang iyong AutoDelivery sa pamamagitan ng pagpunta sa \"Mga Order\" at pag-click sa \"Aking AutoDelivery\" sa drop down na menu. Maaari kang magkansela anumang oras sa pamamagitan ng pakikipag-ugnay sa aming Team ng Suporta sa {email} o pagtawag sa + 1-813-413-8120.",
  "autodelivery_faq_1" : "Ano ang AutoDelivery?",
  "autodelivery_faq_1_answer" : "An AutoDelivery order is a recurring monthly product shipment. By signing up for AutoDelivery, you can save up to 28% on your product purchase.",
  "autodelivery_faq_2" : "Maaari ko bang i-edit ang aking order ng AutoDelivery?",
  "autodelivery_faq_2_answer" : "Maaari mong i-edit ang iyong AutoDelivery sa pamamagitan ng pagpunta sa \"Mga Order\" at pag-click sa \"Aking AutoDelivery\" sa drop down na menu. Ang iyong order ng AutoDelivery ay maaaring magsama ng hanggang sa 5 ng bawat produkto - 5 QuiAri Shake at 5 QuiAri Energy.",
  "autodelivery_faq_3" : "Maaari ko bang kanselahin ang aking order ng AutoDelivery?",
  "autodelivery_faq_3_answer" : "Oo, maaari. Upang kanselahin ang iyong order ng AutoDelivery, mag-login sa iyong Portal, mag-click sa \"Mga Order,\" pagkatapos ay \"Aking AutoDelivery.\"",
  "autodelivery_faq_4" : "Paano ko makukuha ang aking AutoDelivery nang libre bawat buwan?",
  "autodelivery_faq_4_answer_1" : "Dapat ay nasa AutoDelivery ka na may hindi bababa sa 50 SV (Volume ng Benta)",
  "autodelivery_faq_4_answer_2" : "Dapat ay mayroon kang 2 Personal na Naka-sponsor na Customer sa AutoDelivery sa loob ng huling 30 araw na may mga order na bumubuo ng 50 SV o higit pa.",
  "autodelivery_faq_4_answer_3" : "Kwalipikado ka na ngayon para sa LIBRENG produkto!",
  "autodelivery_faq_4_answer_4" : "Kapag natugunan na ang lahat ng pamantayan, sinusuri ng system ng QuiAri ang mga order ng AutoDelivery ng iyong mga Customer na bumubuo ng 50 SV o higit pa sa loob ng huling 30 araw at kinukuha ang average ng kanilang mga kabuuan. Ang resulta ay ang credit ng produkto na matatanggap mo. Pakitandaan na ang kabuuang credit ay hindi maaaring lumampas sa $118.80 USD at ang pagpapadala, mga tungkulin, VAT, o anumang naaangkop na internasyonal na mga bayarin sa produkto ay hindi nalalapat.",
  "autodelivery_faq_5" : "Can I change the date or cancel my AutoDelivery order? ",
  "autodelivery_faq_5_answer" : "Yes, you can. To change the date or cancel your AutoDelivery order, login to your Portal, click on \"Orders,\" then \"My AutoDelivery.\"",
  "autodelivery_faq_6" : "How does Prepaid AutoDelivery work?",
  "autodelivery_faq_6_answer" : "Go to “Order” in the Navigation Bar and select “My AutoDelivery.” You can choose to pre-pay your AutoDelivery for a period of 3, 6, or 9 months in advance and save up to 12% on your total product order. Your Prepaid AutoDelivery will be processed and billed to your credit or debit card today for the monthly services. Prepaid AutoDelivery is not eligible for returns or refunds beyond our 30-Day Return Policy from the date Prepaid AutoDelivery is set. Your monthly Prepaid AutoDelivery volume will cycle every 30 days until your AutoDelivery expires. Please note that you must also pre-pay for your products 3, 6, or 9 months in advance to receive Prepaid AutoDelivery. You will receive an email when it is time to renew your Prepaid AutoDelivery. Please note that Prepaid AutoDelivery does not automatically renew. You must go through the Portal (to “Order” in the Navigation Bar) and repeat the proces for signing up for Prepaid AutoDelivery.",
  "autodelivery_faq_7" : "Is Prepaid AutoDelivery refundable and can I make any changes once processed?",
  "autodelivery_faq_7_answer" : "Prepaid AutoDelivery is not refundable. Your products are eligible for return under our standard 30-Day Return Policy. Once your Prepaid AutoDelivery is processed, no changes can be made to your order, term length, or AutoDelivery date.",
  "autodelivery_header_1" : "Naka-iskedyul ang iyong susunod na AutoDelivery sa",
  "autodelivery_header_2" : "Kung nais mong kanselahin ang iyong AutoDelivery, makipag-ugnay sa support o i-click ang ‘Kanselahin ang AutoDelivery’ na button.",
  "autodelivery_modify_payment_description" : null,
  "autodelivery_totals" : null,
  "back_to_shipping" : "Back to Shipping",
  "bag" : "bag | bags",
  "basic_pack_description" : "Includes:\n1 Box of Prime Gel\n1 Bulk Bag of Shake (Chocolate or Vanilla)\n1 Bottle of Energy",
  "become_a_promoter" : "Maging Isang Promoter",
  "billing_address" : "Address ng Pagsingil",
  "billing_email_address" : "Email Address para sa Pagsingil",
  "binary_leg" : "Binary Leg",
  "binary_placement_options" : "Pagpipilian na Binary Placement",
  "binary_placement_update_description" : "Ang iyong default na binary placement ay na-update sa {placement}. Ang sinumang mga bagong promoter na nagpatala ay maipupuwesto alinsunod sa bagong setting na ito.",
  "binary_placement_updated" : "Na-update na Binary Placement",
  "bonus_product" : "{num} {month} ng Bonus na Produkto",
  "bonus_product_body" : "Magandang Balita – ang iyong mga Voucher* para sa Bonus na Produkto ay maaaring ma-redeem dito sa loob ng 30 araw ng unang pagbili. Ang bilang ng mga Voucher na matatanggap mo ay nakabatay sa binili mong Promoter Package. Kung may anumang mga tanong ka, makipag-ugnay sa ",
  "bonus_product_disclaimer" : "*Isang Voucher = 1 buwang supply ng QuiAri Shake at QuiAri Energy at isang voucher lang ang magagamit sa bawat buwan. Ang mga opsyon na isahang timplahang pakete ay maaaring piliin kapag nag-redeem pero may dagdag na babayaran. Hindi kasama sa mga presyo ang pagpapadala, buwis, VAT o anumang naaangkop na mga bayarin sa internasyonal na pag-angkat ng produkto.",
  "bonus_product_title" : "Bonus na Produkto:",
  "bonus_product_voucher" : "Voucher para sa Bonus na Produkto",
  "bonuses" : "Mga Bonus",
  "both" : "Pareho",
  "bottle" : "bottle | bottles",
  "bug_report" : "Pag-uulat ng Bug",
  "builder_pack_description" : "Includes:\n4 Boxes of Prime Gel\n4 Bulk Bags of Shake (Chocolate or Vanilla)\n4 Bottles of Energy",
  "business_name" : "Pangalan ng Negosyo / Hindi Binigyang Pansin na Entity Name",
  "cancel" : "Kanselahin",
  "capped" : "Capped",
  "card_number" : "Number ng Card",
  "carrier" : "Carrier",
  "carrier_tracking_number" : "Numero ng Pagsubaybay sa Carrier",
  "change_password" : "Baguhin ang Password ",
  "change_primary_address" : null,
  "change_product_selection" : "Baguhin ang Pagpili ng Produkto",
  "checkout" : "Checkout",
  "checkout_autodelivery_discount" : "Diskuwento sa AutoDelivery",
  "checkout_estimated_shipping_and_handling" : "Pagpapadala at Pag-aasikaso (Shipping at Handling)",
  "checkout_review_order" : "Suriin ang Order",
  "checkout_shipping_estimate" : "Mangyaring maglaan ng {min} - {max} Araw ng Negosyo para sa paghahatid",
  "checkout_tax" : "Buwis",
  "chocolate" : "Tsokolate",
  "choose_individual_products" : "Pumili ng Indibidwal na mga Produkto",
  "choose_option_below" : "Choose Option Below",
  "choose_package_items_total" : "(Piliin ang kabuuang {amount})",
  "choose_products" : null,
  "city" : "Lungsod",
  "click_link_for_schedule" : "Click the link for the schedule.",
  "click_to_download" : "I-click para ma-Download",
  "close" : "Isara",
  "commission" : "Commission",
  "commission_history" : "Kasaysayan sa Komisyon",
  "commission_rank" : "Ranggo ng Komisyon:",
  "commission_rank_history" : "Historique du Classement des Commissions",
  "commissions" : "Mga Komisyon",
  "commissions_faq_1" : "Ano ang Team Commissions?",
  "commissions_faq_10" : "Paano ako makakakuha ng Fast Start Bonus?",
  "commissions_faq_10_answer_1" : "Kumikita ang mga tagataguyod ng isang Mabilis na Simula ng Bonus na hanggang sa $ 200 USD sa anumang paunang order ng Product Pack ng Personal na Na-sponsor na Tag-promosyon:",
  "commissions_faq_10_answer_2" : "1 Pack - $20 USD",
  "commissions_faq_10_answer_3" : "2 Pack - $40 USD",
  "commissions_faq_10_answer_4" : "4 Pack - $80 USD",
  "commissions_faq_10_answer_5" : "10 Pack - $200 USD",
  "commissions_faq_10_answer_6" : "QuiAri Shake (28 Day) - $7.50 USD",
  "commissions_faq_10_answer_7" : "QuiAri Shake (14 Day) - $3.75 USD",
  "commissions_faq_10_answer_8" : "QuiAri Energy - $3.75 USD",
  "commissions_faq_10_answer_9" : "5 Day Sampler - $1.50 USD",
  "commissions_faq_11" : "Paano ko makukuha ang Matching Bonus?",
  "commissions_faq_11_answer" : "Habang tumataas ang ranggo mo, gagantimpalaan ka ng QuiAri ng Matching Bonus para sa pagsasanay at pagpapalaki ng team mo. Kumita ng hanggang 80% ng Team Commissions na kinita sa level 1-7, ng iyong personal na linya na iniisponsoran, batay sa iyong ranggo ng pagkilala.",
  "commissions_faq_12" : "Paano ko makukuha ang Lifestyle Bonus?",
  "commissions_faq_12_answer_1" : "Dapat kang maging kwalipikado at iginagawad ito batay sa ranggo ng iyong komisyon sa loob ng nakaraang 30 araw. Para sa mga ranggong Hero – Legend, titingnan namin ang iyong Group Sales Volume sa unang araw ng bawat buwan, at babayaran ang bonus sa ika-15 ng buwan. Para sa mga ranggong Diamond – Purple Diamond, susuriin namin ang nakaraang dalawang buwan.",
  "commissions_faq_12_answer_2" : "Hero: $500 USD",
  "commissions_faq_12_answer_3" : "Legend: $1,000 USD",
  "commissions_faq_12_answer_4" : "Diamond: $1,500 USD",
  "commissions_faq_12_answer_5" : "Green Diamond: $2,500 USD",
  "commissions_faq_12_answer_6" : "Purple Diamond: $5,000 USD",
  "commissions_faq_12_answer_7" : null,
  "commissions_faq_12_answer_8" : null,
  "commissions_faq_13" : "Paano ko makukuha ang Speed Bonus?",
  "commissions_faq_13_answer_1" : "Shake & Energy Only Packages",
  "commissions_faq_13_answer_10" : "Product Packages",
  "commissions_faq_13_answer_11" : "8 Pack: 60 Days to earn unlimited Speed Bonuses",
  "commissions_faq_13_answer_12" : "4 Pack: 30 Days to earn unlimited Speed Bonuses",
  "commissions_faq_13_answer_13" : "2 Pack: 14 Days to earn unlimited Speed Bonuses",
  "commissions_faq_13_answer_2" : "Founders Pack: 90 Days to earn unlimited Speed Bonuses",
  "commissions_faq_13_answer_3" : "4 Pack: 60 Days to earn unlimited Speed Bonuses",
  "commissions_faq_13_answer_4" : "2 Pack: 30 Days to earn unlimited Speed Bonuses",
  "commissions_faq_13_answer_5" : "1 Pack: 14 Days to earn unlimited Speed Bonuses",
  "commissions_faq_13_answer_6" : "Gel Only Packages",
  "commissions_faq_13_answer_7" : "Builder Pack: 60 Days to earn unlimited Speed Bonuses",
  "commissions_faq_13_answer_8" : "Standard Pack: 30 Days to earn unlimited Speed Bonuses",
  "commissions_faq_13_answer_9" : "Basic Pack: 14 Days to earn unlimited Speed Bonuses",
  "commissions_faq_14" : "Paano ko makukuha ang Cycle Bonus?",
  "commissions_faq_14_answer_1" : "Habang nadadagdagan ang iyong Group Sales Volume (GSV) magsa-cycle ka at kikita ka ng Team Commission para sa bawat 100 GSV na naitugma sa iyong Kaliwa at Kanan na mga leg na walang antas na limitasyon. Nakabatay sa iyong ranggo ang halaga ng maaari mong mai-cycle:",
  "commissions_faq_14_answer_10" : "Diamond: $17.50 USD",
  "commissions_faq_14_answer_11" : "Green Diamond: $17.50 USD",
  "commissions_faq_14_answer_12" : "Purple Diamond: $20 USD",
  "commissions_faq_14_answer_13" : null,
  "commissions_faq_14_answer_14" : null,
  "commissions_faq_14_answer_2" : "Star: $10 USD",
  "commissions_faq_14_answer_3" : "Rising Star: $10 USD",
  "commissions_faq_14_answer_4" : "Shooting Star: $12.50 USD",
  "commissions_faq_14_answer_5" : "Rock Star: $12.50 USD",
  "commissions_faq_14_answer_6" : "Super Star: $12.50 USD",
  "commissions_faq_14_answer_7" : "Champion: $15 USD",
  "commissions_faq_14_answer_8" : "Hero: $15 USD",
  "commissions_faq_14_answer_9" : "Legend: $17.50 USD",
  "commissions_faq_15" : "Ano ang mangyayari sa mga komisyon ko kung hindi ako kwalipikado?",
  "commissions_faq_16" : "Nafa-flush ba ang Sales Volume (SV)?",
  "commissions_faq_16_answer_1" : "Oo, ang iyong Sales Volume ay mafa-flush pagkatapos ng 60 araw na hindi pagiging aktibo. Nananatili kang aktibo sa pamamagitan ng pagbili ng produkto para sa iyong sarili o pagbebenta ng produkto sa mga Customer na nakakatugon sa minimum na kinakailangan na 25 Personal Sales Volume (PSV).",
  "commissions_faq_16_answer_2" : "Upang manatiling aktibo, dapat kang makagawa ng minimum na 25 Personal Sales Volume bawat buwan.",
  "commissions_faq_17" : "Paano ko makukuha ang Rank Advancement Bonus?",
  "commissions_faq_17_answer_1" : "Kumita ng isang beses na bonus sa tuwing aangat ang iyong ranggo (Rising Star o mas mataas pa). Para sa Champion hanggang Legend, dapat mong panatilihin ito sa 2 magkakasunod na buwan upang maging kwalipikado. Para sa Green Diamond at Purple Diamond dapat mong mapanatili sa loob ng 3 magkakasunod na buwan.",
  "commissions_faq_17_answer_10" : "Green Diamond: $12,500 USD",
  "commissions_faq_17_answer_11" : "Purple Diamond: $25,000 USD",
  "commissions_faq_17_answer_12" : null,
  "commissions_faq_17_answer_13" : null,
  "commissions_faq_17_answer_2" : "Rising Star: $50 USD",
  "commissions_faq_17_answer_3" : "Shooting Star: $100 USD",
  "commissions_faq_17_answer_4" : "Rock Star: $250 USD",
  "commissions_faq_17_answer_5" : "Super Star: $500 USD",
  "commissions_faq_17_answer_6" : "Champion: $1,250 USD",
  "commissions_faq_17_answer_7" : "Hero: $2,500 USD",
  "commissions_faq_17_answer_8" : "Legend: $5,000 USD",
  "commissions_faq_17_answer_9" : "Diamond: $7,500 USD",
  "commissions_faq_18" : "Paano ako makakakuha ng Customer Bonus?",
  "commissions_faq_18_answer" : "Kumikita ang mga Promoter ng 10% ng lahat ng personal na unang pag-order at muling pag-order ng Customer",
  "commissions_faq_19" : "Do Customers Go Into The Genealogy Tree?",
  "commissions_faq_19_answer" : "Hindi, hindi sila inilagay sa Puno.",
  "commissions_faq_1_answer" : "Ang Team Commissions ay isang mahalagang aspeto ng Plano ng Kabayaran sa QuiAri at kinakalkula mula sa iyong binary tree, na may dalawang leg: isang Kaliwa at isang Kanan. Ikaw ay babayaran batay sa matagumpay na pagbuo ng Group Sales Volume (GSV) sa loob ng binary tree.",
  "commissions_faq_2" : "Paano kinakalkula ang Team Commissions?",
  "commissions_faq_20" : "Napupunta ba ang Sales Volume (SV) ng Customer sa Genealogy Tree?",
  "commissions_faq_20_answer" : "Oo. Kapag natukoy na ng system na Aktibo ka na may minimum na 75 PSV (Personal Sales Volume), pagkatapos ay ilalagay ang Sales Volume na nauugnay sa pagbili ng Customer ayon sa iyong binary settings (Kaliwa, Kanan, Auto) sa iyong QuiAri Portal. Papayagan ka nitong i-maximize ang mga komisyon ng Koponan mula sa iyong Mga Personal na Naka-sponsor na Customer.",
  "commissions_faq_2_answer_1" : "Ang bawat Package ng Produkto ay may halagang puntos na tinatawag na Sales Volume. Sa tuwing naibebenta ang isang produkto sa loob ng iyong organisasyon, nakakadagdag ito ng Sales Volume para sa buong upline.",
  "commissions_faq_2_answer_2" : "Habang naiipon ang mga puntos na ito, kikita ka ng Team Commissions. Ang isang Promoter ay nagsa-cycle sa tuwing nakakaipon ng 100 SV sa parehong Kaliwa at Kanan na leg niya.",
  "commissions_faq_2_answer_3" : "Ang anumang hindi nababayarang Group Sales Volume ay idadagdag sa hinaharap.",
  "commissions_faq_3" : "Paano ako magiging kwalipikado upang makatanggap ng Team Commissions?",
  "commissions_faq_3_answer" : "Upang maging kwalipikado, dapat kang magkaroon ng hindi bababa sa isang Personal na Inisponsor na Promoter sa parehong Kaliwa at Kanan na Leg na AKTIBO bawat isa na may minimum na 25 PSV bawat buwan.",
  "commissions_faq_4" : "Nabibilang ba ang aking sariling mga pagbili patungo sa mga kwalipikasyon para sa komisyon?",
  "commissions_faq_4_answer" : "Ang iyong mga personal na pagbili ay binibilang patungo sa pagiging AKTIBO, ngunit dapat ka ring Personal na Mag-isponsor ng 2 aktibong Promoter sa iyong Kaliwa at Kanan na mga leg upang maging KWALIPIKADONG makakuha ng mga komisyon.",
  "commissions_faq_5" : "Gaano karaming pera ang maaari kong makamit sa Plano ng Kabayaran sa QuiAri?",
  "commissions_faq_5_answer" : "Pakatandaan na nagbibigay ng walang limitasyong potensyal na kumita ang oportunidad sa negosyo ng QuiAri. Gayunpaman, hindi ginagarantiya ng QuiAri ang pinansyal na tagumpay. Ang tagumpay sa QuiAri ay nagreresulta lamang mula sa mga matagumpay na pagsisikap sa pagbenta, na nangangailangan ng pagsisikap sa trabaho, sipag, kakayahan, tiyaga, kagalingan, at pamumuno. Nakasalalay ang iyong kita sa kung gaano kahusay mo ginagamit ang mga katangiang ito.",
  "commissions_faq_6" : "Mayroon ba akong hangganan sa aking buwanang potensyal na kumita ng Team Commissions?",
  "commissions_faq_6_answer_1" : "Champion: $5,000 USD/linggo",
  "commissions_faq_6_answer_2" : "Hero: $10,000 USD/linggo",
  "commissions_faq_6_answer_3" : "Legend: $15,000 USD/linggo",
  "commissions_faq_6_answer_4" : "Diamond: $20,000 USD/linggo",
  "commissions_faq_6_answer_5" : "Green Diamond: $25,000 USD/linggok",
  "commissions_faq_6_answer_6" : "Purple Diamond: $50,000 USD/linggo",
  "commissions_faq_6_answer_7" : null,
  "commissions_faq_6_answer_8" : null,
  "commissions_faq_6_comp_plan" : "Mangyaring tingnan ang Plano ng Kabayaran sa QuiAri para sa mga detalye",
  "commissions_faq_7" : "Ano ang nauugnay na Sales Volume (SV) sa bawat Product Package at Produkto",
  "commissions_faq_7_answer_1" : "Shake & Energy Packs",
  "commissions_faq_7_answer_10" : "Founders Pack: 600 SV",
  "commissions_faq_7_answer_11" : "Builder Pack: 400 SV",
  "commissions_faq_7_answer_12" : "Standard Pack: 200 SV",
  "commissions_faq_7_answer_13" : "Basic Pack: 100 SV",
  "commissions_faq_7_answer_14" : "Gel Only Packs",
  "commissions_faq_7_answer_15" : "8 Pack: 360 SV",
  "commissions_faq_7_answer_16" : "4 Pack: 180 SV",
  "commissions_faq_7_answer_17" : "2 Pack: 90 SV",
  "commissions_faq_7_answer_18" : "Build Your Own Packs",
  "commissions_faq_7_answer_19" : "Shake Bag: 50 SV",
  "commissions_faq_7_answer_2" : "QuiAri Shake‎: 50 ‎SV",
  "commissions_faq_7_answer_20" : "Prime Gel Box: 45 SV",
  "commissions_faq_7_answer_21" : "Energy Bottle: 25 SV",
  "commissions_faq_7_answer_3" : "QuiAri Energy: 25 SV",
  "commissions_faq_7_answer_4" : "5-Day Sampler: 10 SV",
  "commissions_faq_7_answer_5" : "Mga Product Package ng Promoter (isang beses na pagbili lamang)",
  "commissions_faq_7_answer_6" : "1 Pack - 75 SV",
  "commissions_faq_7_answer_7" : "2 Pack - 150 SV",
  "commissions_faq_7_answer_8" : "4 Pack - 300 SV",
  "commissions_faq_7_answer_9" : "7 Pack - 500 SV",
  "commissions_faq_8" : "Paano ako makakaipon ng Sales Volume?",
  "commissions_faq_8_answer" : "Upang makaipon ng Sales Volume, dapat kang manatiling aktibo sa pamamagitan ng paggawa ng minimum na 25 PSV buwan-buwan.",
  "comp_plan" : "Plano ng Kabayaran",
  "company_name" : "Pangalan ng Kumpanya",
  "compensation_plan" : "Plano ng Kabayaran",
  "confirm" : "Kumpirmahin",
  "confirm_new_password" : "Kumpirmahin ang Bagong Password",
  "confirm_password" : "Kumpirmahin ang  Password",
  "contact_us" : "Contact Us",
  "copied" : "Nakopya",
  "copied_successfully" : "Copied Successfully!",
  "copy_link" : "Kopyahin ang Link",
  "copy_video_url" : "Copy Video URL",
  "corporate_announcements" : "Mga Anunsyo ng Korporasyon",
  "cost" : "Halaga",
  "country" : "Bansa",
  "current_commission_rank" : "Kasalukuyang ranggo ng komisyon",
  "current_password" : "Kasalukuyang Password",
  "currently_have_no_customers" : "You currently have no customers",
  "customer_id" : "ID ng Customer",
  "customer_info_1" : "Gustong-gusto ng mga tao sa buong mundo ang mga produkto ng QuiAri at nakakaranas ng mga resulta na nagpapabago ng buhay! Ang mga nasabing tao ay binabayaran din upang i-promote ang mga produkto ng QuiAri at nababayaran kaagad pagkatapos ng bawat pagbebenta. Sumali sa #1 pinakamabilis na lumalagong pandaigdigang oportunidad sa negosyo na nakabase sa bahay.",
  "customer_info_2" : "Bilang isang Promoter ng QuiAri, maraming iba't ibang paraan upang kumita nang bahagya o full-time na kita AT makakuha ng mga libreng produkto sa proseso.",
  "cycle" : "Cycle",
  "dashboard" : "Dashboard",
  "dashboard_business_app" : "Ang Business App ng QuiAri",
  "dashboard_business_app_description" : "I-download ngayon upang subaybayan ang iyong mga kita, mag-sign up ng mga Customer at Prospect, bumili ng mga produkto, manatiling napapanahon sa balita ng QuiAri, at pamahalaan ang iyong negosyo habang on the go",
  "dashboard_business_opportunity" : "Presentasyon ng Oportunidad sa Negosyo ng QuiAri",
  "dashboard_business_opportunity_info" : "Direct people on your Team to the Business Opportunity Presentation. Check social media {'@'}QuiAriOfficial or your email for the schedule.",
  "dashboard_current_month" : "Kasalukuyang Buwan",
  "dashboard_download_now" : "I-download Ngayon",
  "dashboard_follow_social_media" : "Follow us on Social Media",
  "dashboard_get_paid_in_5" : "Share your {0} Page to Motivate, Inspire, and GROW YOUR TEAM!",
  "dashboard_getting_started" : "Pagsisimula",
  "dashboard_live_feed" : "Live Feed",
  "dashboard_my_commissions" : "Mga Komisyon Ko",
  "dashboard_my_qualifications" : "Mga Kwalipikasyon",
  "dashboard_purple_diamond_guide" : "Learn how to reach the top with our easy to follow {0} that will teach you how to duplicate your team and Rank Advance faster than ever before.",
  "dashboard_qualified" : "Kwalipikado",
  "dashboard_recent_orders" : "Mga Kamakailang Order",
  "dashboard_self_replicated_site" : "Self Replicated Website",
  "dashboard_share_your_story" : "Ibahagi ang Iyong Kuwento",
  "dashboard_stay_plugged_in" : "Stay Plugged In:",
  "dashboard_steps" : "Follow these simple steps to LEARN how to:",
  "dashboard_steps_1" : "Reprogram your mindset for success",
  "dashboard_steps_2" : "Master the invitation question",
  "dashboard_steps_3" : "Create a Culture of Duplication on your Team",
  "dashboard_steps_4" : "Never run out of people to talk to",
  "dashboard_steps_5" : "Manage your time",
  "dashboard_steps_6" : "Get Started RIGHT!",
  "dashboard_testimonial" : " Gusto Naming Marinig Mula sa Iyo!",
  "dashboard_testimonial_description" : "Nabago ba ng oportunidad o ng mga produkto ang iyong buhay? Ibahagi ang iyong kuwento para sa isang pagkakataong maitampok sa aming Live Feed at social media!",
  "dashboard_year_to_date" : "Taon hanggang ngayon",
  "date" : "Petsa",
  "date_earned" : "Petsa na Kinita",
  "date_joined" : "Petsa ng Pagsali",
  "ddu_disclaimer" : "Ang mga presyo ay hindi kasama ang mga buwis, taripa at bayarin na maaaring tasahin sa oras ng paghahatid.",
  "delete" : "Tanggalin",
  "disclaimers" : "Disclaimers",
  "discount" : null,
  "district" : "District",
  "documents" : "Mga Dokumento",
  "download" : "Download",
  "earned_on" : "Kinita Noong",
  "edit" : "I-edit",
  "edit_address" : "I-edit ang Address ",
  "email_address" : "Email Address",
  "email_address_or_member_id" : null,
  "email_receipt" : "Resibo sa Email",
  "emails" : "Mga Email",
  "employer_identification_number" : "Numerong Pagkakakilanlan ng Employer",
  "empty_cart" : "I-empty ang Cart",
  "ending_with" : "Nagtatapos Sa",
  "energy_bottle_description" : "Includes:\n1 Bottle of Energy  (60 servings)",
  "energy_single_serve_description" : "Includes:\n1 Bag of Energy  (60 servings)",
  "enter_login_details" : null,
  "error" : "Error",
  "estimated_shipping_and_handling" : "Tinantiyang Pagpapadala at Pangangasiwa (Shipping at Handling)",
  "event_description" : "Paglalarawan ng Kaganapan",
  "ewallet_account" : "Impormasyon ng E-Wallet Account",
  "ewallet_notice" : "Upang mai-set up ang iyong E-Wallet account dapat mong kumpletuhin ang sumusunod na form: {0}",
  "ewallet_setup_notice" : "Ang iyong E-Wallet Account ay awtomatikong maise-setup 5 araw ng negosyo pagkatapos mong makuha ang iyong unang komisyon. Ang isahang-beses na prosesong ito ay nagbibigay sa iyo ng pinakamataas na antas ng kaligtasan at seguridad. Kapag na-activate ang iyong account, matatamasa mo ang lahat ng mga bukod-tanging benepisyo na ibinibigay ng Parehong Araw na Pagbabayad!",
  "exempt_payee_code" : "Exempt Payee Code (kung mayroon man)",
  "exemption_from_fatca_reporting_code" : "Exemption mula sa FATCA Reporting Code (kung mayroon man)",
  "exemptions" : "Mga Exemption",
  "existing_monthly_autodelivery" : "You already have a Monthly AutoDelivery currently active on your account. You cannot set up a Prepaid AutoDelivery until you cancel your AutoDelivery.",
  "existing_prepaid_autodelivery" : "You already have a Prepaid AutoDelivery in progress. You cannot set up autodelivery at this time.",
  "expiration" : "Pagkawala ng Bisa",
  "expiration_month" : "Buwan na Mawawalan ng Bisa",
  "expiration_year" : "Taon na Mawawalan ng Bisa",
  "expired_on" : "Mawawalan ng bisa sa",
  "expires" : "Mawawalan ng bisa",
  "extend_prepaid_autodelivery" : null,
  "faqs" : "FAQs",
  "fast_start" : "Fast Start",
  "fast_start_bonus" : "Fast Start Bonus",
  "fda_notice" : "Ang mga pahayag na ito ay hindi pa nasuri ng Pamamahala ng Pagkain at Gamot. Ang mga produktong ito ay hindi nilalayong mangsuri, manggamot, magpagaling o maiwasan ang anumang karamdaman.",
  "feature_request" : "Kahilingan para sa Pagtatampok",
  "federal_tax" : "Federal Tax",
  "federal_tax_classification" : "Pag-uuri ng Pederal na Buwis",
  "feedback" : "Feedback",
  "field_required" : "Kailangan ang field na ito.",
  "first_name" : "Pangalan",
  "fitness" : "Fitness",
  "forgot_password" : "Nalimot ang Password?",
  "founders_pack_description" : "Includes:\n6 Boxes of Prime Gel\n5 Bags of Chocolate Shake (Single-Serve)\n5 Bags of Vanilla Shake (Single-Serve)\n5 Bags of Energy (Single-Serve)",
  "free" : "LIBRE",
  "free_tour_marketing_system" : "Free Tour Marketing System",
  "free_tour_subtitle" : "Works for you 24/7, 365 days a year, and provides custom landing pages, personalized marketing sites, real-time reporting, and an Autoresponder follow-up campaign. Share the marketing pages below to help generate leads and jump-start your business.",
  "from" : "galing sa",
  "gear_store" : "Gear Store",
  "genealogy" : "Genealogy ",
  "general" : "Pangkalahatan",
  "general_faq_1" : "Kailangan ko bang bumili ng produkto upang makilahok sa Plano ng Kabayaran sa QuiAri?",
  "general_faq_1_answer" : "Ang mga personal na pagbili ay hindi kinakailangan upang lumahok, ngunit makakatulong ito sa iyo na makamit ang AKTIBONG katayuan.",
  "general_faq_2" : "Paano ako magdadagdag ng bagong Promoter sa aking team?",
  "general_faq_2_answer_1" : "Ang mga prospect ay awtomatikong inilalagay sa Kaliwa o Kanang mga leg ng iyong team upang ma-maximize ang iyong mga kita. Kung nais mong baguhin ito upang ang mga Prospect ay mailagay sa isang partikular na leg, maaari kang pumunta sa pahina ng Genealogy ng iyong Portal anumang oras at piliin ang Kaliwa o Kanan.",
  "general_faq_2_answer_2" : "Mayroon ka ring pagpipilian upang madaling manu-manong mailagay ang mga Prospect sa pahina ng Genealogy sa pamamagitan ng pag-click sa isang Bukas na posisyon.",
  "general_faq_3" : "Kung hindi ko sinasadya na mailagay ang isang tao sa maling posisyon sa aking downline, maaari ko ba silang ilipat sa tamang lugar?",
  "general_faq_3_answer" : "Ang mga komisyon ay awtomatikong ik-credit sa iyo at sa iyong buong upline habang nakakagawa ng mga benta. Tulad ng naturan, sa sandaling makumpleto ang isang pagpaparehistro, ang posisyon ng isang Promoter ay hindi na maaaring ilipat o baguhin. Mangyaring tiyakin na ang iyong Sponsor at mga napiling pagpupuwesto ay tumpak bago magpatuloy.",
  "general_faq_4" : "Ano ang termino ng aking Kasunduan sa QuiAri?",
  "general_faq_4_answer" : "Ang termino ng Kasunduan sa QuiAri ay isang taon mula sa petsa ng pagpapatala. Kung ang isang Promoter ay hindi magkansela, ang kanyang negosyo ay awtomatikong mare-renew.",
  "general_faq_5" : "Ano ang kaibahan sa pagitan ng isang Promoter at isang Customer?",
  "general_faq_5_answer" : "Ang Customer ay isang taong bumibili ng mga produkto ng QuiAri. Ang Promoter ay isang taong kasali sa Plano ng Kabayaran sa QuiAri.",
  "general_faq_6" : "Paano kung ayaw ko nang maging Promoter?",
  "general_faq_6_answer" : "Maaari kang makipag-ugnay sa {email} upang i-deactivate ang iyong Promoter account. Tutulungan ka ng aming team na lumipat sa isang QuiAri Customer account upang makapagpatuloy kang mag-order ng mga produkto at makatanggap ng mga pag-update.",
  "general_faq_7" : "How Do I Get My Products For Free?",
  "general_faq_7_answer" : "Here is how to qualify for “Refer 2 And It’s FREE?”\n\n• You must be on AutoDelivery with at least 50 SV (Sales Volume)\n• You must have 2 Personally Sponsored Customers on AutoDelivery within the last 30 days with orders generating 50 SV or more.\n• You now qualify for FREE product!\n\nOnce all criteria have been met, QuiAri’s system reviews your Customers’ AutoDelivery orders generating 50 SV or more within the last 30 days and takes the average of their totals. The result is the product credit you will receive. Please note that the total credit cannot exceed $118.80 USD and shipping, duties, VAT, or any applicable international product fees do not apply.",
  "general_inquiry" : "Pangkalahatang Pagtatanong",
  "generated_between" : "Nagawa sa Pagitan Ng",
  "generated_on" : "Nagawa Noong",
  "get_social" : "Maging Aktibo sa Social Media",
  "get_social_info" : "Sabihin sa buong mundo kung gaano mo KA-GUSTO ang QuiAri sa pamamagitan ng pagsunod sa amin sa social media at pagbabahagi ng aming mga post araw-araw.",
  "grand_total" : "Total",
  "health_and_fitness" : "Health and Fitness",
  "hyperwallet_e_wallet" : "Hyperwallet E-Wallet",
  "hyperwallet_faq_1" : "Ano ang Hyperwallet® E-Wallet?",
  "hyperwallet_faq_10" : "Maaari ko bang bayaran ang aking AutoDelivery nang direkta mula sa aking mga komisyon gamit ang Hyperwallet® E-Wallet?",
  "hyperwallet_faq_10_answer" : "Oo. Maaari mong bayaran ang iyong AutoDelivery sa pamamagitan ng pagpili sa Hyperwallet® E-Wallet bilang iyong pangunahing paraan ng pagbabayad sa Aking Account.",
  "hyperwallet_faq_11" : "Paano ko makukuha ang aking Hyperwallet® E-Wallet password kung mawala o makalimutan ko ito?",
  "hyperwallet_faq_11_answer_1" : "Upang makuha ang iyong password, pumunta sa {0}, i-click ang \"nakalimutan ang password\" at pagkatapos ay ipasok ang email address na iyong ibinigay sa QuiAri nang na-activate ang iyong account.",
  "hyperwallet_faq_11_answer_2" : "Para sa mga katanungan tungkol sa iyong Hyperwallet® E-Wallet Account, tawagan ang Hyperwallet® sa 1.604.638.6657 o nang libre sa USA sa 1.877.546.8220 (Lunes - Biyernes, 8am - 8pm PT, Sabado -Linggo 8am - 5pm PT). Maaari ka ring magpadala ng isang email sa support ng Hyperwallet® gamit ang form na {0} sa kanilang website.",
  "hyperwallet_faq_1_answer" : "Ang Hyperwallet® E-Wallet ay isang pandaigdigang sistema ng pagbabayad na nagbibigay-daan sa Mga Promoter na makatanggap, ma-access at pamahalaan ang kanilang mga komisyon online, 24 na oras sa isang araw, mula sa halos kahit saan sa mundo.",
  "hyperwallet_faq_2" : "Bakit ginagamit ng QuiAri ang Hyperwallet® E-Wallet upang magbayad ng mga komisyon?",
  "hyperwallet_faq_2_answer" : "Pangunahing prayoridad ang masiguro na mabayaran ang aming mga Promoter sa lahat ng lugar ng kanilang mga komisyon sa isang mabilis, madali, at mahusay na paraan.",
  "hyperwallet_faq_3" : "Paano ako magbubukas ng isang Hyperwallet® E-Wallet account?",
  "hyperwallet_faq_3_answer" : "Matapos mong makuha ang iyong unang komisyon, dapat mong kumpletuhin ang kinakailangang impormasyon na nabanggit sa iyong pahina ng mga Komisyon sa iyong Portal. Kapag natapos mo nang punan ang kinakailangang impormasyon, awtomatikong ise-set up ang iyong Hyperwallet® E-Wallet account para sa iyo sa loob ng 5 araw ng negosyo. Makakatanggap ka ng isang email ng kumpirmasyon mula sa QuiAri, kasama ang isang email mula sa Hyperwallet® na nagsasabi sa iyo kung paano i-activate ang iyong account. Ang lahat ng kinitang komisyon ay agad na mapupunta sa iyong Hyperwallet® E-Wallet account. Mangyaring tandaan: isang maliit na buwanang bayad na $3.30 USD ang ipapataw.",
  "hyperwallet_faq_4" : "Paano ko mawi-withdraw ang mga komisyon mula sa aking Hyperwallet® E-wallet account?",
  "hyperwallet_faq_4_answer" : "Sa pamamagitan ng isang Hyperwallet® E-Wallet account, ang mga komisyon ay maaaring direktang ideposito sa iyong bank account, mai-wire transfer o — kapag hiniling at depende kung available — ilagay sa isang tatak-QuiAri na Visa® debit card.",
  "hyperwallet_faq_5" : "Maaari ba akong makakuha ng isang tatak-QuiAri na Visa® debit card sa pamamagitan ng aking Hyperwallet® E-Wallet account?",
  "hyperwallet_faq_5_answer" : "Oo, puwede! Ang tatak-QuiAri na Visa® debit card ay magagamit sa higit sa 185 bansa at pinapahintulutan kang magbayad nang direkta mula sa mga komisyon sa iyong Hyperwallet® E-Wallet account saan man maaaring tanggapin ang Visa®!",
  "hyperwallet_faq_6" : "Paano ako mag-oorder ng aking tatak-QuiAri na Visa® debit card?",
  "hyperwallet_faq_6_answer" : "Sa sandaling nakakuha ka ng mga komisyon at na-set up ang iyong Hyperwallet® E-Wallet account, karapat-dapat kang mag-order ng isang tatak-QuiAri na Visa® debit card. Magagamit ang card sa maraming bansa sa buong mundo sa halagang $ 10 USD lamang.",
  "hyperwallet_faq_7" : "Maaari ba akong mag-wire ng pera gamit ang Hyperwallet® E-Wallet?",
  "hyperwallet_faq_7_answer" : "Oo, maaari kang mag-wire ng pera mula sa iyong mga komisyon sa halos kahit saan sa mundo. Sinusuportahan ang mga wire transfer sa higit sa 215 bansa.",
  "hyperwallet_faq_8" : "Mayroon bang bayad sa pagpoproseso para sa mga komisyon na kinita?",
  "hyperwallet_faq_8_answer" : "Mayroong maliit na bayad na $.40 USD na ibabawas sa tuwing may ilo-load na komisyon sa iyong Hyperwallet® E-Wallet account.",
  "hyperwallet_faq_9" : "Sinusuportahan ba ng Hyperwallet® E-Wallet ang direktang deposito sa aking bank account?",
  "hyperwallet_faq_9_answer" : "Oo. Ang direktang deposito ay kasalukuyang sinusuportahan sa halos 50 bansa.",
  "i_agree" : "Sumasang-ayon ako",
  "if_diferent_from_above" : "Kung naiiba sa itaas",
  "in_transit" : "Nasa Biyahe",
  "inbox" : "Inbox",
  "income_disclosure_statement" : "Pahayag ng Pagbubunyag ng Kita",
  "individual_items" : "Indibidwal na mga Item",
  "interior_number" : null,
  "international_product_import_fee" : "Bayad sa Pag-angkat ng Internasyonal na Produkto",
  "international_promoters" : "Mga Promoter na Internasyonal",
  "international_w9_fields_error" : "May naganap na error habang sinusubukang i-update ang iyong account, mangyaring makipag-ugnay sa suporta.",
  "international_w9_fields_info" : "Punan ang mga patlang sa ibaba upang mai-setup ang iyong impormasyon sa e-wallet account.",
  "invalid_card" : "Di-wastong Card",
  "items" : "Mga Item",
  "its_go_time_video" : "It's Go Time Video",
  "join_date" : "Petsa ng Pagsali",
  "join_url" : "URL ng Pagsali",
  "joined_on" : "Sumali Sa",
  "language" : "Wika",
  "language_settings" : "Mga Setting ng Wika",
  "larger_orders_description" : "Para sa mas malalaking order, mangyaring mag-email sa {0}",
  "last_name" : "Apelyido",
  "launch_plan" : "10-4-2 na Plano ng Paglulunsad",
  "launch_plan_info" : "Alamin ang mga mahahalagang hakbang upang mabuo ang iyong negosyo sa QuiAri sa mga antas na hindi mo pa naisip.",
  "lead_capture_link" : "Lead Capture Page Link",
  "left" : "Kaliwa",
  "left_bottom" : "Ibabang Kaliwa",
  "left_leg" : "Kaliwang Leg",
  "left_placement_description" : "Kung napili ang KALIWANG puwesto, ang lahat ng personal na inisponsor na Promoter ay ilalagay sa susunod na maaaring posisyon sa labas ng ibabang kaliwa na leg.",
  "leg_count" : "Leg Count",
  "legal" : "Legal",
  "lesser_leg_volume" : "Lesser Leg Volume",
  "lesser_volume_leg" : "Lesser Volume Leg",
  "lifestyle" : "Lifestyle",
  "lifestyle_bonus" : "Lifestyle Bonus",
  "limit_product" : "Limitahan sa {halaga} Item Bawat Order",
  "list_account_numbers" : "Ilista ang mga Numero ng Account",
  "live_opp_pres_english" : "Martes 8 PM EST\nHuwebes 8 PM EST\nLinggo 8 PM EST",
  "live_opp_pres_french" : "Monday, Wednesday, Friday, Saturday\n3 PM EST",
  "live_opp_pres_german" : "Tuesday & Thursday\n2 PM EST",
  "live_opp_pres_hindi" : "Monday, Tuesday, Thursday, Friday, Saturday\n10 AM EST",
  "live_opp_pres_kannada" : "Monday, Wednesday, Friday\n11:30 AM EST / 9 PM IST",
  "live_opp_pres_south_africa" : null,
  "live_opp_pres_spanish" : "Monday, Wednesday, Friday\n10 AM EST\n10 PM EST",
  "live_opp_pres_vietnamese" : "Monday & Wednesday\n8:30 AM EST",
  "live_opportunity_presentations" : "Invite Prospects to attend our LIVE Opportunity Presentations happening daily in multiple languages.",
  "live_opportunity_presentations_title" : "LIVE Opportunity Presentations",
  "live_presentation_schedules" : "Live Presentation Schedules",
  "live_purple_diamond_english" : "Tuesday 8:30 PM EST\nSaturday 3 PM EST",
  "live_purple_diamond_french" : "Saturday\n1 PM EST",
  "live_purple_diamond_guide_training_title" : "LIVE Purple Diamond Guide Training",
  "live_purple_diamond_guide_trainings" : "Invite Promoters to attend our LIVE Purple Diamond Guide Trainings happening daily in multiple languages.",
  "live_purple_diamond_hindi" : "Wednesday\n10 AM EST",
  "live_purple_diamond_spanish" : "Saturday\n12:30 PM EST\nTuesday\n12 PM EST",
  "live_purple_diamond_vietnamese" : "Friday 8:30 AM EST",
  "llc_c_corporation" : "C Corporation",
  "llc_proprietary" : "Pagmamay-ari",
  "llc_s_corporation" : "S Corporation",
  "llc_tax_classification" : "Pag-uuri ng Buwis ng LLC",
  "location" : "Lokasyon",
  "log_out" : "Mag-log Out",
  "login" : "Mag-log In",
  "love" : "MAGUSTUHAN",
  "mailing_address" : "Address na Padadalhan",
  "make_this_my_default_address" : "Gawin mo itong default address ko.",
  "make_this_my_default_payment_method" : "Gawin mo itong default na paraan ng pagbabayad ko.",
  "manage_autodelivery" : "Pamahalaan ang AutoDelivery",
  "maqui" : "Maqui",
  "matching_bonus" : "Matching Bonus",
  "medical_and_drug_claims" : "QuiAri Medical and Drug Claims",
  "member_id" : "ID ng Miyembro",
  "message" : "Mensahe",
  "mobile" : "Mga Notipikasyon sa Mobile",
  "month" : "Buwan | Buwan",
  "my_account" : "Aking Account",
  "my_addresses" : "Mga Address Ko",
  "my_autodelivery" : "Aking AutoDelivery",
  "my_cart" : "Aking Cart",
  "my_customers" : "Aking mga Customer",
  "my_notifications" : "Ang Aking Mga Abiso",
  "my_order" : "Aking Order",
  "my_payment_methods" : "Aking mga Paraan ng Pagbabayad",
  "my_profile" : "Aking Profile",
  "my_promoter" : "Aking Promoter",
  "my_promoters" : "Aking mga Promoter",
  "my_ranks" : "Aking Mga Ranggo",
  "my_shipping_addresses" : "Aking Mga Address sa Pagpapadala",
  "my_team" : "Aking Team",
  "my_vouchers" : "Mga Voucher Ko",
  "name" : "Pangalan",
  "name_on_card" : "Pangalan sa Card",
  "need_help" : null,
  "new" : "BAGO",
  "new_message" : "Bagong Mensahe",
  "new_password" : "Bagong Password",
  "next" : "Susunod na",
  "no" : "Hindi",
  "no_autodelivery" : "Walang AutoDelivery",
  "no_commission_during_this_period" : "Hindi ka nakakamit ng anumang ranggo sa komisyon sa panahong ito.",
  "no_commissions_earned" : "Wala ka pang kinikitang anumang komisyon.",
  "no_payment_method_selected" : "Walang napiling paraan ng pagbabayad",
  "no_ranks_earned_during_this_period" : "Walang nakuhang mga ranggo sa panahong ito",
  "no_recognition_ranks_during_this_period" : "Hindi ka nakakamit ng anumang ranggo ng pagkilala sa panahong ito.",
  "no_shipping_address_selected" : "Walang napiling address sa pagpapadala",
  "no_tracking_information_available" : "Walang magagamit na impormasyon sa pagsubaybay",
  "no_volume_earned_during_this_period" : "Walang volume na nadagdag sa panahong ito",
  "non_qualified" : "Di-kwalipikado",
  "not_applicable" : "Hindi Maaari",
  "notification_preferences" : "Mga Kagustuhan sa Notipikasyon",
  "notifications_autodelivery_emails" : "Makatanggap ng Email para sa Mga Update tungkol sa Auto-Delivery",
  "notifications_rank_advancement_emails" : "Makatanggap ng mga Email sa Pagtaas ng Ranggo",
  "notifications_user_joined_emails" : "Makatanggap ng mga Email tungkol sa Pagsali ng mga Customer/Promoter",
  "num_months" : "{amount} Months",
  "only_autodelivery" : "AutoDelivery Lang",
  "oops" : "Naku!",
  "open" : "Buksan",
  "opportunity" : "Oportunidad",
  "opportunity_presentation" : "Paglalahad ng Oportunidad",
  "opportunity_presentation_speaker_notes" : "Mga Tala ng Tagapagsalita sa Paglalahad ng Oportunidad",
  "optional" : "opsyonal",
  "order_date" : "Petsa ng Order",
  "order_details" : "Mga Detalye ng Order",
  "order_history" : "Kasaysayan ng Order",
  "order_id" : "Order ID",
  "order_now" : "Mag-order Ngayon",
  "order_num" : "Order #",
  "order_number" : "Order # (id)",
  "order_placed_on" : "Nilagay Noong {petsa}",
  "order_summary" : "Buod ng Order",
  "order_tracking" : "Pagsubaybay sa Order",
  "ordering_shipping_and_returns" : "Pag-order, Pagpapadala, at mga Pagsasauli",
  "ordering_shipping_and_returns_faq_1" : "Nagpapadala ba ang QuiAri ng mga produkto sa buong mundo?",
  "ordering_shipping_and_returns_faq_1_answer" : "Oo, sigurado iyon. Ipapadala namin ang mga produkto sa halos SAANMAN sa buong mundo.",
  "ordering_shipping_and_returns_faq_2" : "Kailan ko matatanggap ang aking mga produkto ng QuiAri?",
  "ordering_shipping_and_returns_faq_2_answer" : "Ang iyong order ay aalis sa aming warehouse sa loob ng 1-2 araw ng negosyo. Gumagamit kami ng maraming tagapagkaloob ng pagpapadala sa buong mundo upang matiyak na makakarating ang iyong mga produkto sa pinakatamang panahon na posible. Ang mga bilis ng pagpapadala ay nag-iiba sa pagitan ng 3 - 10 araw ng negosyo. Kung mayroon kang anumang mga katanungan tungkol sa pagsubaybay sa iyong order, mangyaring makipag-ugnay sa aming Support Team sa",
  "ordering_shipping_and_returns_faq_3" : "Ano ang inyong Patakaran ng Pagsasauli?",
  "ordering_shipping_and_returns_faq_3_answer_1" : "Nag-aalok ang QuiAri ng 30 araw, mula sa petsa ng order, na patakaran ng pagsasauli sa mga produktong ibinebenta sa lahat ng Promoter at Customer. Ang mga refund para sa mga produktong hindi binuksan at nasa nabebentang kondisyon ay ibibigay sa 100% ng orihinal na presyo ng pagbili, mas mababa sa 10% bayad sa pag-restock.",
  "ordering_shipping_and_returns_faq_3_answer_2" : "Ang mga refund para sa nabuksan, bahagyang nagamit, o kung hindi man ay nasirang produkto ay ibibigay sa 50% ng orihinal na presyo ng pagbili. Ang mga gastos sa pagpapadala at pag-asikaso, buwis, bayarin, at taripa ay hindi ire-refund para sa anumang pagsasauli. Tingnan ang aming Mga Patakaran at Pamamaraan para sa kumpletong mga detalye ng Patakaran sa Pagsasauli.",
  "ordering_shipping_and_returns_faq_3_answer_3" : null,
  "ordering_shipping_and_returns_faq_4" : "Pinapayagan ba ng QuiAri ang pagpapapalit ng produkto?",
  "ordering_shipping_and_returns_faq_4_answer" : "Hindi kami tumatanggap ng kahit anong uri ng mga pagpapapalit ng produkto.",
  "ordering_shipping_and_returns_faq_5" : "Paano kung dumating na may sira ang aking mga produkto?",
  "ordering_shipping_and_returns_faq_5_answer_1" : "Ang kumpanya ng pagpapadala ang may responsibilidad para sa mga pinsala na nagaganap sa panahon ng pagpapadala. Ang isang Customer na nakatanggap ng may sirang kalakal ay dapat sundin ang pamamaraang ito:",
  "ordering_shipping_and_returns_faq_5_answer_2" : "Tanggapin ang pinadala",
  "ordering_shipping_and_returns_faq_5_answer_3" : "Idokumento ang mga pinsala",
  "ordering_shipping_and_returns_faq_5_answer_4" : "Magsumite ng isang paghahabol sa kumpanya ng pagpapadala",
  "ordering_shipping_and_returns_faq_5_answer_5" : "Abisuhan ang Support Department ng QuiAri ({0}) sa loob ng 24 na oras.",
  "ordering_shipping_and_returns_faq_6" : "Ano ang bayarin at oras ng pagpapadala ng QuiAri?",
  "ordering_shipping_and_returns_faq_6_answer" : "Ang kumpanya ng pagpapadala ang may responsibilidad para sa mga pinsala na nagaganap sa panahon ng pagpapadala. Ang mga Promoter o Customer na nakatanggap ng may sirang kalakal ay dapat sundin ang pamamaraang ito:",
  "orders" : "Mga Order",
  "other" : "Iba pa",
  "p65_site" : "www.P65Warnings.ca.gov",
  "packages" : "Packages",
  "paid_on" : "Binayaran noong",
  "password" : "Password",
  "password_updated" : "Na-update na ang iyong password!",
  "payment" : "Pagbabayad",
  "payment_issue" : "Mayroong naging isyu sa iyong paraan ng pagbabayad.",
  "payment_method" : "Paraan ng Pagbabayad",
  "payment_method_instructions" : "Ilagay ang impormasyon sa ibaba upang idagdag ang paraan ng pagbabayad na ito.",
  "payment_method_required" : "Kinakailangan ang Paraan ng Pagbabayad",
  "payment_method_required_description" : "Dapat pumili ng isang paraan ng pagbabayad",
  "personally_sponsored_rank_history" : "Personal na Inisponsor na Kasaysayan ng Ranggo",
  "phone_number" : "Telepono",
  "placed_on" : "Inilagay Sa",
  "placing_order" : "Paglalagay ng Order ...",
  "policies_and_procedures" : "Mga Patakaran at Pamamaraan",
  "postal_code" : "Postal Code",
  "prepaid_autodelivery" : "Prepaid AutoDelivery",
  "prepaid_autodelivery_description" : "Prepaid AutoDelivery is QuiAri's monthly delivery program. Much like a subscription-based service, Prepaid AutoDelivery is designed to bring Customers and Promoters the convenience of having their favorite QuiAri products delivered automatically each and every month. Here’s the GREAT News – Prepaid AutoDelivery also saves you an additional 10%-12% each month.",
  "prepaid_months_remaining" : "{amount} Prepaid Months Remaining",
  "prepaid_no_refund_description" : null,
  "previous" : "Dati",
  "previous_month_rank" : "Ranggo noong Nakaraang Buwan",
  "price" : "Presyo",
  "primary" : "Pangunahin",
  "primary_address" : null,
  "prime_gel_description" : "Includes:\n1 Box of Prime Gel (30 servings)",
  "prime_gel_only_packs" : "Prime Gel-Only Packs",
  "priority_shipping" : "Prayoridad na Pagpapadala",
  "product" : "Produkto",
  "product_brochure" : "Brochure ng produkto",
  "product_day_supply" : "{num} Day Supply",
  "product_launch_plan_booklet" : "10-4-2 Launch Plan (Booklet)",
  "product_month_supply" : "1 buwang supply",
  "product_pdfs" : "Mga PDF ng Produkto",
  "products" : "Mga Produkto",
  "products_faq_1" : "Saan ako makakahanap ng karagdagang impormasyon tungkol sa mga produkto ng QuiAri?",
  "products_faq_10" : "Tutulungan ba ako ng QuiAri Energy na magbawas ng timbang?",
  "products_faq_10_answer_1" : "Ang aming mga eksklusibong sangkap ay magkakasamang gumagana upang itaguyod ang pagbaba ng timbang at makatulong na mapalakas ang enerhiya.",
  "products_faq_10_answer_2" : "Ang Maqui Berry ay ang bagong numero 1 superfruit, na may hanggang sa 5 beses na mas maraming mga antioxidant kaysa sa anumang iba pang superfruit. Ang MaquiX® ay isang sobrang puro na organikong katas na nagpapalakas ng likas na bisa ng Maqui.",
  "products_faq_10_answer_3_1" : "Extract ng Berdeng Tsaa",
  "products_faq_10_answer_3_2" : "Ang katas ng berdeng tsaa ay makakatulong sa pagsimula ng pagbaba ng timbang kapag sinamahan ng isang masustansyang diyeta at ehersisyo.",
  "products_faq_10_answer_4_1" : "Energy Blend",
  "products_faq_10_answer_4_2" : "Ang susi sa pagbaba ng timbang na thermogenic, ang aming natatanging Energy Blend ay tumutulong sa iyo na magsunog ng kaloriya at taba para sa maayos na pagbaba ng timbang",
  "products_faq_11" : "Ano ang laman ng ating Energy Blend?",
  "products_faq_11_answer_1" : "Ang aming Energy Blend ay pinalakas ng isang mataas na kalibre na kumbinasyon ng mga sangkap na dinisenyo upang mapanatiling maayos ang pagsunog ng taba sa iyong katawan.",
  "products_faq_11_answer_2_1" : "Cinnamon bark",
  "products_faq_11_answer_2_2" : "Maaaring makatulong sa kalusugan ng panunaw at makakatulong na mabawasan ang pamamaga",
  "products_faq_11_answer_3_1" : "Cayenne pepper",
  "products_faq_11_answer_3_2" : "Tumutulong na mapalakas ang metabolismo, makakatulong na mabawasan ang gana sa pagkain, at makakatulong sa kalusugan ng panunaw",
  "products_faq_11_answer_4_1" : "Itim na paminta",
  "products_faq_11_answer_4_2" : "Naglalaman ng mga antioxidant at nagtataguyod ng pagsipsip ng nutrisyon",
  "products_faq_11_answer_5_1" : "Ugat ng luya",
  "products_faq_11_answer_5_2" : "Nagtataguyod ng malusog na panunaw at nakakatulong na labanan ang pamamaga",
  "products_faq_12" : "Gaano karaming enerhiya ang ibibigay sa akin ng QuiAri Energy?",
  "products_faq_12_answer" : "Ang QuiAri Energy ay ang pinakamahusay na malinis at masustansyang pampasigla! Sa tulong ng aming berdeng katas ng kape, MaquiX ™, at katas ng berdeng tsaa, ang QuiAri Energy ay nagbibigay ng 150 mg ng natural na enerhiya - ang katumbas ng isa hanggang dalawang tasa ng kape, para sa pangmatagalang tibay sa buong araw!",
  "products_faq_13" : "Ilang timplahan ng QuiAri Energy ang magagawa ko?",
  "products_faq_13_answer" : "Ang bawat bote o bag ng mga pang-isahang timplahan na pakete ay nagbibigay ng isang buwan na supply ng mga tableta.",
  "products_faq_14" : "Ano ang Maqui?",
  "products_faq_14_answer" : "Natagpuan lamang sa malinis na mga bundok ng rehiyon ng Patagonia ng Chile, ang Maqui Berry ay kilala na sa loob ng ilang siglo sa pagkakaroon ng mga benepisyong nagbibigay kalusugan. Naghahatid ang Maqui ng hanggang 5 beses na higit na lakas ng antioxidant kaysa sa anumang dating kilalang superfruit.",
  "products_faq_15" : "Ano ang MaquiX™?",
  "products_faq_15_answer" : "Nakipagtulungan ang QuiAri sa nangungunang mananaliksik ng Maqui Berry sa mundo upang lumikha ng MaquiX®, isang eksklusibo at sobrang puro na organikong katas na nagbubunsod ng lakas ng Maqui Berry hanggang sa 10x.",
  "products_faq_16" : "Ano Ang 90-Day Kickstart Challenge?",
  "products_faq_16_answer_1" : "Ang 90-Day Kickstart Challenge ay isang 2-hakbang na pagbabago sa pamumuhay na makakatulong sa iyong MABILIS na bumuti ang hitsura at pakiramdam.",
  "products_faq_16_answer_2" : "Ika-1 Hakbang: Masiyahan sa isang masarap na QuiAri Shake unang-una sa umaga",
  "products_faq_16_answer_3" : "Ika-2 Hakbang: Kunin ang aming suplemento na QuiAri Energy at makamit  ang lakas na kailangan mo upang mapagtagumpayan ang iyong araw",
  "products_faq_16_answer_4" : "At ganoon lang - nakumpleto na ang challenge. Sa loob lamang ng 90 araw ay mai-aangat mo sa mga  bagong antas ang iyong kalusugan at enerhiya.",
  "products_faq_17" : "Maaari ba akong gumamit ng mga produkto ng QuiAri kung mayroon akong kondisyong medikal o umiinom ng mga gamot?",
  "products_faq_17_answer" : "Kung mayroon kang kondisyong medikal o umiinom ng gamot, mangyaring kumonsulta sa iyong doktor bago gamitin ang mga produkto ng QuiAri.",
  "products_faq_18" : "Ano ang masasabi ko tungkol sa mga produkto kapag pino-promote ang QuiAri?",
  "products_faq_18_answer" : "See {0}",
  "products_faq_19" : "Maaari ba akong bumili ng mga produkto ng QuiAri nang walang ID ng nagre-refer na Promoter?",
  "products_faq_19_answer" : "Kailangan mo ng ID ng nagre-refer na Promoter upang bumili ng mga produkto. Kung ang Promoter na nag-refer sa iyo sa QuiAri ay hindi ka binigyan ng kanilang numero, mangyaring makipag-ugnay sa kanila nang direkta. Walang ID ng Promoter? Makipag-ugnay sa {0} para sa tulong sa iyong order.",
  "products_faq_1_answer" : "Mangyaring tingnan ang aming {0} para sa mga detalye tungkol sa lahat ng mga Produkto ng QuiAri.",
  "products_faq_2" : "Kailan ko dapat inumin ang aking QuiAri Shake?",
  "products_faq_20" : "Paano kung dahil gustung-gusto ko ang mga produkto ng QuiAri na nais kong maging isang Promoter ng QuiAri?",
  "products_faq_20_answer" : "Madali lang maging isang Promoter. Mag-sign up lamang sa iyong Customer Portal nang LIBRE. Matatanggap mo kaagad ang lahat ng kailangan mo upang masimulan ang pagbuo ng iyong QuiAri na negosyo: self-replicating website para sa marketing, Portal, mobile app, at marami pa.",
  "products_faq_21" : "Paano Ko Gagamitin ang mga Produkto?",
  "products_faq_21_answer_1" : "Ika-1 Hakbang: Masiyahan sa isang masarap na QuiAri Shake unang-una sa umaga",
  "products_faq_21_answer_2" : "Step 2: Take 1-2 QuiAri Energy supplements and get the energy you need to conquer your day",
  "products_faq_21_answer_3" : "Step 3: Take 1-2 delicious Gel Packets throughout your day. Just rip and sip!",
  "products_faq_22" : "Magkano ang halaga ng mga bagong Promoter Pack at ano ang makukuha mo?",
  "products_faq_22_answer_1" : "Ang mga bagong Pack ng Promoter ay ang mga sumusunod:",
  "products_faq_22_answer_10" : "4 QuiAri Shake Bags, 4 QuiAri Energy Bottles",
  "products_faq_22_answer_11" : "7 Pack: $1199 USD (500 SV) Best Value!",
  "products_faq_22_answer_12" : "6 months of UNLIMITED Speed Bonuses",
  "products_faq_22_answer_13" : "7 QuiAri Shake Bags, 7 QuiAri Energy Bottles",
  "products_faq_22_answer_14" : "",
  "products_faq_22_answer_15" : "",
  "products_faq_22_answer_16" : "",
  "products_faq_22_answer_17" : "",
  "products_faq_22_answer_18" : "",
  "products_faq_22_answer_19" : "",
  "products_faq_22_answer_2" : "1 Pack: $125 USD (75 SV)",
  "products_faq_22_answer_20" : "",
  "products_faq_22_answer_21" : "",
  "products_faq_22_answer_22" : "",
  "products_faq_22_answer_23" : "",
  "products_faq_22_answer_24" : "",
  "products_faq_22_answer_25" : "",
  "products_faq_22_answer_26" : "",
  "products_faq_22_answer_27" : "",
  "products_faq_22_answer_3" : "1 month of UNLIMITED Speed Bonuses",
  "products_faq_22_answer_4" : "1 QuiAri Shake Bag, 1 QuiAri Energy Bottle",
  "products_faq_22_answer_5" : "2 Pack: $250 USD (150 SV)",
  "products_faq_22_answer_6" : "2 months of UNLIMITED Speed Bonuses",
  "products_faq_22_answer_7" : "2 QuiAri Shake Bags, 2 QuiAri Energy Bottles",
  "products_faq_22_answer_8" : "4 Pack: $500 USD (300 SV)",
  "products_faq_22_answer_9" : "3 months of UNLIMITED Speed Bonuses",
  "products_faq_23" : "Are Speed Bonuses offered every time I order a Product Package?",
  "products_faq_23_answer_1" : "No. Speed Bonuses are offered only on initial Product Package purchases only.",
  "products_faq_23_answer_2" : "Sa kasamaang palad, ang mga Voucher ng Bonus na Produkto ay hindi magdadala ng salas volume dahil ang sales volume na nauugnay sa paunang Product Pack ay ipo-post nang buo sa oras ng iyong paunang pagbili. Samakatuwid, ang mga Voucher ng Bonus ay hindi bibilangin patungo sa iyong aktibong katayuan.",
  "products_faq_23_answer_3" : "Gayundin, mayroon kang 1 taon mula sa oras ng pagbili upang makuha ang iyong mga voucher.",
  "products_faq_23_answer_4" : "Mangyaring tandaan na ang halaga ng Voucher ay hindi nalalapat sa gastos ng pag-upgrade sa single serve, mga buwis sa pagpapadala, buwis sa pagbebenta, VAT, o (mga) bayarin sa pag-angkat ng mga produktong pang-internasyonal. Dapat itong bayaran ng Promoter sa oras na makuha nila ang mga ito sa QuiAri Promoter Portal.",
  "products_faq_24" : "What Is QuiAri Prime?",
  "products_faq_24_answer_1" : "Our Prime gel is a delicious blend of scientifically proven, proprietary ingredients chosen specifically for their highly potent anti-aging antioxidant levels, nutritional profile, and tantalizing taste. In addition to Maqui berries, MaquiX®, S.O.D., Resveratrol, & Pterostilbene (our Youth X blend), our Prime gel is boosted with aloe vera, grapeseed, and green tea extracts for powerful repair from free radical damage, protection for cells against future harm, and reversing the signs of aging.",
  "products_faq_25" : "How Do I Take Prime?",
  "products_faq_25_answer_1" : "Just rip and sip! Take 1-2 delicious Gel Packets throughout your day.",
  "products_faq_2_answer" : "Unahin ang pag-inom ng QuiAri Shake sa umaga upang maging tama ang simula ng iyong araw!",
  "products_faq_3" : "Makakatulong ba sa pagpapababa ng aking timbang ang QuiAri Shake?",
  "products_faq_3_answer_1" : "Gumagamit ang QuiAri Shake ng mga sangkap na siya nitong pagmamay-ari na tumutulong sa pagpapababa ng timbang:",
  "products_faq_3_answer_2" : "Ang Maqui Berry ay ang bagong numero 1 superfruit, na may hanggang sa 5 beses na mas maraming mga antioxidant kaysa sa anumang iba pang superfruit. Ang MaquiX® ay isang sobrang purong  organikong katas na nagbubunsod ng natural na lakas ng Maqui Berry.",
  "products_faq_3_answer_3" : "Tampok ang whey, ang QuiAri Shake ay naglalaman ng 16g ng protina sa bawat serving, na tumutulong sa iyong pigilan ang iyong gana sa pagkain at pamahalaan ang iyong timbang, at higit pa!",
  "products_faq_4" : "Gaano karami ang mga kaloriya sa QuiAri Shake?",
  "products_faq_4_answer" : "Ang QuiAri Shake ay 120 kaloriya lamang bawat serving.",
  "products_faq_5" : "Gluten-free ba ang QuiAri Shake?",
  "products_faq_5_answer" : "Oo, gluten-free ang QuiAri Shake.",
  "products_faq_6" : "Ang QuiAri Shake ba ay may karagdagang mga asukal?",
  "products_faq_6_answer" : "Ang QuiAri Shake ay WALANG karagdagang asukal.",
  "products_faq_7" : "Ilan ang mga serving sa bawat bag ng QuiAri Shake?",
  "products_faq_7_answer" : "Sa 28 serving, ang bawat bag ay naglalaman ng isang buwan na supply ng shake mix.",
  "products_faq_8" : "Ano ang mga gulay na ginamit sa Greens Blend?",
  "products_faq_8_answer" : "Gumagamit ang QuiAri Shake ng mabisang mga gulay upang makatulong na pamahalaan ang iyong timbang at mapalakas ang iyong metabolismo.",
  "products_faq_8_answer_1_1" : "Spinach",
  "products_faq_8_answer_1_2" : "Sinusuportahan ang malusog na pagtanda at magandang presyon ng dugo",
  "products_faq_8_answer_2_1" : "Chlorella",
  "products_faq_8_answer_2_2" : "Sinusuportahan ang malusog na pagtanda at nagpapalakas ng iyong immune system",
  "products_faq_8_answer_3_1" : "Katas ng talbos ng broccoli",
  "products_faq_8_answer_3_2" : "Sinusuportahan ang malusog na balat",
  "products_faq_8_answer_4_1" : "Kale",
  "products_faq_8_answer_4_2" : "Sinusuportahan ang pagbaba ng timbang, nagbibigay ng mga antioxidant at Bitamina C",
  "products_faq_8_answer_5_1" : "Alfalfa",
  "products_faq_8_answer_5_2" : "Sinusuportahan ang isang malusog na metabolismo",
  "products_faq_8_answer_6_1" : "Spirulina",
  "products_faq_8_answer_6_2" : "Sinusuportahan ang pangkalahatang kalusugan sa pamamagitan ng ilang sustansya at mataas na protina",
  "products_faq_9" : "Kailan ko dapat inumin ang QuiAri Energy?",
  "products_faq_9_answer" : "Take 1 tablet two times daily. Drink at least 8 glasses of water daily. QuiAri Energy is most effective when paired with QuiAri Shake and QuiAri Prime Gel.",
  "profile_name_validation_message" : "Ang pangalan ay dapat na mas mababa sa 100 karakter",
  "promoter_details" : "Mga Detalye ng Promoter",
  "promoter_id" : "ID ng Promoter",
  "promoter_package_kickstart_description" : "Ito ang perpektong opsyon para simulan ng isang tao ang kanilang Kickstart Challenge at mabigyan sila ng sapat na produkto sa loob ng 4 na linggo.",
  "promoter_upgrade" : "Ang iyong account ay na-upgrade sa promoter.",
  "purple_diamond_guide" : "Purple Diamond Guide",
  "purple_diamond_guide_description" : "Follow the simple steps to reach the rank of Purple Diamond.",
  "purple_diamond_guide_training_slides" : "Purple Diamond Guide Training Slides",
  "qualifications" : "Mga Kwalipikasyon",
  "qualifications_active" : "Aktibo",
  "qualifications_join_date" : "Petsa ng Pagsali",
  "qualifications_personal_sales_vol" : "Personal Sales Volume",
  "qualifications_previous_month_commission_rank" : "Ang Ranggo ng Komisyon sa Nakaraang Buwan",
  "qualifications_recognition_rank" : "Ranggo ng Pagkilala",
  "qualifications_speed_bonus_vol" : "Speed Bonus Volume",
  "qualified" : "Kwalipikado",
  "quantity" : "Dami",
  "quiari_medical_and_drug_claims" : "Mga Claim ng Medikal at Nauugnay sa Gamot ng QuiAri",
  "quiari_mobile_app" : "QuiAri Mobile App",
  "quiari_promoter_id" : "QuiAri Promoter ID",
  "quiari_swag_description" : "Get your SWAG on! Gear up with everything you need for your business: Hats, activewear, shaker cups, car decals, and more!",
  "quiari_testimonial" : "QuiAri Testimonial",
  "quiari_testimonial_info" : "Punan ang mga patlang sa ibaba upang ibahagi ang iyong kuwento ng tagumpay o mensahe ng inspirasyon para sa iba pang mga Promoter sa QuiAri!",
  "rank" : "Ranggo",
  "rank_advancement" : "Rank Advancment",
  "rank_and_bonuses" : "Ranngo at Mga Bonus",
  "rank_champion" : null,
  "rank_crown_purple_diamond" : null,
  "rank_diamond" : null,
  "rank_grand_purple_diamond" : null,
  "rank_green_diamond" : null,
  "rank_hero" : null,
  "rank_history" : "Kasaysayan ng Ranggo",
  "rank_legend" : null,
  "rank_promoter" : null,
  "rank_purple_diamond" : null,
  "rank_qualification" : "Kwalipikasyon ng Ranggo",
  "rank_qualification_faq_1" : "Paano ko makakamit ang bawat ranggo?",
  "rank_qualification_faq_1_answer_1" : "Ang bawat ranggo ay nangangailangan ng isang partikular na dami ng Sales Volume na makukuha sa Lesser Volume Leg sa loob ng buwan ng komisyon.",
  "rank_qualification_faq_1_answer_2" : "Plano ng Kabayaran",
  "rank_qualification_faq_2" : "Ano ang pagkakaiba sa pagitan ng ranggo ng aking komisyon at ranggo ng pagkilala?",
  "rank_qualification_faq_2_answer_1" : "Ang ranggo ng komisyon ay ang ranggo kung saan ka kasalukuyang binabayaran. Natutukoy ito batay sa Sales Volume (SV) at iba pang mga kinakailangan sa Plano ng Kabayaran sa QuiAri sa anumang buwan ng komisyon.",
  "rank_qualification_faq_2_answer_2" : "Ang ranggo ng pagkilala ay ang pinakamataas na ranggo na iyong nakamit.",
  "rank_qualification_faq_3" : "Kailan sinusuri ang mga ranggo ng komisyon?",
  "rank_qualification_faq_3_answer" : "Ang mga ranggo ng komisyon ay sinusuri sa ika-1 ng bawat buwan batay sa nakaraang (mga) buwan. Mangyaring tandaan na ang aming katapusan ng buwan ay kinakalkula sa hatinggabi, UTC (Coordinated Universal Time).",
  "rank_rising_star" : null,
  "rank_rock_star" : null,
  "rank_shooting_star" : null,
  "rank_star" : null,
  "rank_super_star" : null,
  "reason" : "Dahilan",
  "recognition" : "Pagkilala",
  "recognition_rank" : "Ranggo ng Pagkilala",
  "recover" : "I-recover",
  "recover_account" : "I-recover ang Account",
  "recover_account_description" : "Ipasok ang email address na ginagamit mo upang mag-sign in sa QuiAri. Ipapadala ang isang email sa address na ibinigay na gagabay sa iyo sa proseso ng pag-recover.",
  "recover_invalid_email" : "Isang hindi wastong email address ay tinukoy para sa pagtatangka sa pag-recover.",
  "recover_max_limit_reached" : "Naabot na ang maximum na limitasyon sa pagtatangka sa pag-recover. Subukang muli sa loob ng 24 na oras.",
  "recover_successful" : "Isang email ang ipinadala na may mga tagubilin para sa pag-reset ng iyong password.",
  "redeem_now" : "I-redeem Ngayon",
  "redeem_voucher" : "Gamitin ang Voucher",
  "redeemable_on" : "Mare-redeem sa",
  "redeemed_on" : "Na-redeem noong",
  "refund" : "Mag-refund",
  "refund_processed" : "Naproseso ang refund noong {date} para sa {amount}",
  "remove" : "Tanggalin",
  "remove_all" : "Tanggaling Lahat",
  "reorder" : "Umorder ulit",
  "reports" : "Mga Ulat",
  "required" : "Kailangan",
  "reset" : "I-reset",
  "resources" : "Mga Mapagkukunan",
  "results" : "Results",
  "review_order" : "Suriin ang Order",
  "review_order_8" : "Suriin ang mga Kabuuan",
  "review_package" : null,
  "review_products" : null,
  "right" : "Kanan",
  "right_bottom" : "Kanang Ibaba",
  "right_leg" : "Kanang Leg",
  "right_placement_description" : "Kung pinili ang KANANG pagkakapuwesto, ang lahat ng personal na inisponsor na Promoter ay ilalagay sa susunod na maaaring posisyon sa labas ng kanang ibaba na leg.",
  "sales" : "Benta",
  "sales_receipt" : "Sales Receipt",
  "sales_reciept" : "Resibo ng Benta",
  "sales_volume" : "Sales Volume",
  "sales_volume_amount" : "{amount} Sales Volume",
  "sales_volume_left" : "Sales Volume sa Kaliwa",
  "sales_volume_right" : "Sales Volume sa Kanan",
  "sample_cards" : "Mga sample card",
  "sampler_pack_description" : "Includes a 5 day supply of QuiAri Shake (pouch) and QuiAri Energy (sachet) for personal use.",
  "save" : "SAVE {amount}",
  "save_autodelivery" : "I-save ang AutoDelivery",
  "save_changes" : "I-save ang mga Pagbabago",
  "savings" : "Savings ({amount}%)",
  "search" : "Search",
  "search_error" : "Error sa Paghahanap",
  "see_instructions" : "Tingnan ang mga tagubilin",
  "select" : "Piliin",
  "select_a_country_to_view_options" : "Pumili ng bansa upang makita ang mga pagpipilian",
  "select_card" : "Pumili ng Card",
  "select_language" : "Piliin ang Wika",
  "select_payment_type" : "Piliin ang Uri ng Paraan ng Pagbabayad",
  "select_preferred_payment_method" : "Pumili ng Gustong Paraan ng Pagbabayad",
  "select_products" : "Pumili ng mga Produkto",
  "self_replication_prefix" : "Prefix ng Self Replication",
  "self_replication_prefix_description" : "Ginagamit ang self replicating prefix upang matukoy ang url ng iyong website. Halimbawa, kung ang iyong self replicating prefix ay \"quiarirocks\", ang url ng website ay magiging https://quiarirocks.quiari.com.",
  "sent" : "Naipadala",
  "serving_bag" : "{amount} Serving Bag",
  "settings" : "Mga setting",
  "setup_ewallet_account" : "I-setup ang iyong E-wallet Account",
  "shake_chocolate_description" : "Includes:\n1 Bulk Bag of Chocolate Shake (28 servings)",
  "shake_chocolate_single_description" : "Includes:\n1 Bag of Chocolate Shake (14 servings)",
  "shake_energy_packs" : "Shake & Energy Packs",
  "shake_energy_prime_packs" : "Shake, Energy, & Prime Gel Packs",
  "shake_vanilla_description" : "Includes:\n1 Bulk Bag of Vanilla Shake (28 servings)",
  "shake_vanilla_single_description" : "Includes:\n1 Bag of Vanilla Shake (14 servings)",
  "share" : "IBAHAGI",
  "share_using_self_replicated_website" : "Share QuiAri using your self-replicated website",
  "shipped_to" : "Ipapadala Sa",
  "shipping_Rates_individual_1" : "Indibidwal na mga Item (mga order na mas mababa sa $50 USD)",
  "shipping_Rates_individual_2" : "Indibidwal na mga Item (mga order na mas mataas sa $50 USD)",
  "shipping_address" : "Address sa Pagpapadala",
  "shipping_address_and_billing_information" : "Address sa Pagpapadala at Impormasyon sa Pagsingil",
  "shipping_address_create" : "Lumikha ng isang bagong address sa pagpapadala",
  "shipping_address_required" : "Kailangan ang Address sa Pagpapadala",
  "shipping_address_required_description" : "Dapat pumili ng isang address sa pagpapadala",
  "shipping_and_billing_information" : "Impormasyon sa Pagpapadala at Pagsingil",
  "shipping_and_billing_information_description" : "Piliin ang mga address sa pagpapadala at pagsingil, at ang ginustong pamamaraan ng pagbabayad.",
  "shipping_and_handling" : "Pagpapadala at Pag-aasikaso (Shipping at Handling)",
  "shipping_autodelivery" : "Use this shipping address for my next AutoDelivery",
  "shipping_estimate" : "Please allow 2-10 business days for delivery. Shipping times will vary based upon your location.",
  "shipping_information" : "Impormasyon sa Pagpapadala",
  "shop_now" : "Shop Now",
  "shopping_cart_1" : "1 Buwang Supply ng QuiAri Shake at QuiAri Energy",
  "showing" : "Showing",
  "sign_here" : "Pumirma Rito",
  "single_serve_upgrade_description" : "I-upgrade ang buong order sa mga isahang-timplahang pakete para sa dagdag na {amount}",
  "social_media_best_practices" : "Social Media Best Practices",
  "social_security_number" : "Social Security Number",
  "speed_bonus" : "Speed Bonus",
  "speed_bonus_countdown" : "Speed Bonus Countdown",
  "sponsor" : "Sponsor",
  "sponsor_id" : "ID ng Sponsor",
  "sponsor_link" : "Link ng Sponsor",
  "sponsor_placement_description" : "Once Placed, Cannot Move as Calculations are made and Paid in Real Time",
  "sponsorship_sign_up" : "Pag-Sign Up sa Pag-iisponsor",
  "sponsorship_sign_up_description" : "I-email o i-text ang link ng application na ito sa iyong Prospect o kopyahin ang link upang mapunan mo mismo ang application.",
  "sponsorship_sign_up_sponsor_id" : "Kung hindi ka ang Sponsor ng Prospect na ito, ipasok ang ID ng Sponsor sa ibaba",
  "standard_pack_description" : "Includes:\n2 Boxes of Prime Gel\n2 Bulk Bags of Shake (Chocolate or Vanilla)\n2 Bottles of Energy",
  "state_province" : "Estado / Probinsya",
  "store_description" : "Pumili ng hanggang sa 5 QuiAri Shake at 5 QuiAri Energy",
  "subject" : "Paksa",
  "submit" : "Isumite",
  "submit_for_review" : "Isumite para Masuri",
  "submitted" : "Naisumite na",
  "subtotal" : "Subtotal",
  "support" : "Support",
  "support_email" : "support{'@'}quiari.com",
  "support_request" : "Kahilingan para sa Support",
  "support_request_text" : "Punan ang mga patlang sa ibaba at ang isang kinatawan ng support ay tutugon sa lalong madaling panahon.",
  "swag_store" : "Swag Store",
  "tablet_bottle" : "{amount} Bote ng Tableta",
  "tablet_single_serve_packets" : "{amount} ({tablet_count} Tableta) Isahang Timplahan na mga Pakete",
  "tax_classification_c_corporation" : "C Corporation",
  "tax_classification_individual" : "Indibidwal / Solong May-ari",
  "tax_classification_partnership" : "Partnership",
  "tax_classification_s_corporation" : "S Corporation",
  "tax_classification_trust_or_estate" : "Trust/Estate",
  "tax_id" : "ID ng Pagbubuwis",
  "tax_payer_identification_number" : "Numero ng Pagkilala sa Nagbabayad ng Buwis",
  "taxes" : "Mga Buwis",
  "taxes_and_duties" : "Mga buwis at bayarin",
  "team_commissions" : "Mga Komisyon ng Koponan",
  "text_copied" : "Ang text ay kinopya sa clipboard",
  "total" : "Kabuuan",
  "total_commissions_summary" : "Buod ng Kabuuang Komisyon",
  "total_personal_sales_volume_by_month" : "Kabuuang Personal na Sales Volume Kada Buwan",
  "track_order" : "Subaybayan ang Order",
  "training" : "Pagsasanay",
  "try" : "SUBUKAN",
  "try_love_share_launch_plan" : "Try. Love. Share® Launch Plan",
  "try_love_share_launch_plan_description" : "Get your business off to a FAST START using our Simple Sample System.",
  "type" : "Klase",
  "unlimited_speed_bonuses" : "{num} Buwang Walang Limitasyong Bonus sa Bilis",
  "update" : "I-update",
  "update_address" : "I-update ang Address",
  "update_address_info" : "Ilagay ang impormasyon sa ibaba upang pamahalaan ang address na ito.",
  "update_autodelivery" : "I-update ang AutoDelivery",
  "update_autodelivery_date" : "Update AutoDelivery Date",
  "update_password" : "I-update ang Password",
  "update_password_incorrect" : "Naglagay ka ng hindi wastong password, pakipasok ang tamang password para magpatuloy.",
  "update_password_not_match" : "Hindi tumutugma ang mga password na inilagay mo. Pakitingnan at subukang muli.",
  "update_password_text" : "I-update ang password ng iyong account para sa pag-login. Magkakabisa ito kaagad.",
  "update_payment_method" : "I-update ang Paraan ng Pagbabayad",
  "update_payment_method_instructions" : "Ilagay ang impormasyon sa ibaba upang pamahalaan ang paraan ng pagbabayad na ito.",
  "us_based_promoters" : "Mga Promoter na naka-base sa US",
  "vanilla" : "Vanilla",
  "verify" : "Patunayan",
  "videos" : "Videos",
  "view_cart" : "Tingnan ang Cart",
  "view_details" : "Tingnan ang mga Detalye",
  "view_international_numbers" : "Tingnan ang mga Internasyonal na Numero",
  "view_qualifications" : "Tingnan ang mga Kwalipikasyon",
  "view_world_wide_shipping_document" : "Upang matingnan ang tinatayang mga oras ng pagpapadala at mga rate, mangyaring tingnan ang aming {0} dokumento.",
  "volume" : "Dami",
  "volume_history" : "Kasaysayan sa Volume",
  "volume_history_by_month" : "Buod ng Kasaysayan sa Volume Kada Buwan",
  "volume_history_by_year" : "Buod ng Kasaysayan sa Volume Kada Taon",
  "volume_history_summary_by_month" : "Buod ng Volume Kada Buwan",
  "volume_history_summary_by_year" : "Buod ng Volume Kada Taon",
  "volume_needed_for_next_rank" : "Volume na kinakailangan para sa susunod na ranggo:",
  "volume_summary_by_month" : "Buod ng Volume Kada Buwan",
  "volume_summary_by_year" : "Buod ng Volume Kada Taon",
  "w9_and_instructions_pdf" : "W-9 Form at PDF ng mga tagubilin",
  "w9_certification" : "Pagtitibay",
  "w9_certification_1" : "Sa ilalim ng mga kaparusahan ng panunumpa nang walang katotohanan , pinatutunayan ko na:",
  "w9_certification_2" : "Ang numero na ipinakita sa form na ito ay ang aking tamang numero ng pagkakakilanlan bilang nagbabayad ng buwis (o naghihintay ako para mabigyan ng isang numero); at",
  "w9_certification_3" : "Hindi ako napapailalim sa backup withholding dahil:",
  "w9_certification_4" : "Ako ay hindi kabilang sa backup withholding, o",
  "w9_certification_5" : "Hindi ako naabisuhan ng Internal Revenue Service (IRS) na napapailalim ako sa backup withholding bilang resulta ng isang pagkabigo na iulat ang lahat ng interes o dibidendo, o",
  "w9_certification_6" : "inabisuhan ako ng IRS na hindi na ako napapailalim sa backup withholding; at",
  "w9_certification_7" : "ako ay isang mamamayan ng Estados Unidos o ibang tao ng Estados Unidos (na tinukoy sa ibaba); at",
  "w9_certification_8" : "Ang (mga) FATCA code na ipinasok sa form na ito (kung mayroon man) na nagpapahiwatig na ako ay hindi kasama sa pag-uulat ng FATCA ay tama.",
  "w9_certification_9" : "Mga tagubilin sa pagpapatunay. Dapat mong i-ekis ang item 2 sa itaas kung napagsabihan ka ng IRS na kasalukuyan kang napapailalim sa backup withholding dahil nabigo kang iulat ang lahat ng interes at dibidendo sa iyong tax return. Para sa mga transaksyon sa real estate, ang item 2 ay hindi nalalapat. Para sa bayad sa interes ng mortgage, pagkuha o pag-abandona ng sinegurong pag-aari, pagkansela ng utang, mga kontribusyon sa isang individual na kaayusan sa pagreretiro (individual retirement arrangement, IRA), at sa pangkalahatan, mga pagbabayad maliban sa interes at dibidendo, hindi ka kinakailangang pumirma ng sertipikasyon, ngunit dapat mong ibigay ang iyong tamang TIN. Tingnan ang mga tagubilin para sa Part II, sa paglaon.",
  "w9_form" : "IRS W-9 form",
  "w9_notice" : "Dapat mong punan ang ipinag-uutos na {0} upang makumpleto ang proseso ng pag-sign up mo sa iyong E-Wallet account.",
  "w9_registration_form" : "W9 na Form ng Pagpaparehistro",
  "w9_submit_error" : "May naging problema",
  "w9_submit_error_description" : "May naganap na error. Pakisubukang muli pagkalipas ng ilang minuto.",
  "w9_submitted" : "Matagumpay na Naisumite ang W9",
  "w9_submitted_description" : "Ang iyong impormasyon sa buwis sa W9 ay matagumpay na naisumite para sa pagsusuri.",
  "ward" : "Ward",
  "welcome" : "Maligayang Pagdating!",
  "world_wide_shipping_document" : "Dokumento ng World Wide Shipping",
  "year" : "Taon",
  "yearly_commissions_summary" : "Buod ng Taunang Komisyon",
  "yes" : "Oo",
  "your_testimonial" : "Ang iyong Patotoo"
}