{
  "15_gel_boxes_description" : "Includes:\n15 Boxes of Prime Gel",
  "1_pack_description" : "Includes:\n1 Bulk Bag of Shake (Chocolate or Vanilla)\n1 Bottle of Energy",
  "2_pack_description" : "Includes:\n2 Bulk Bags of Shake (Chocolate or Vanilla)\n2 Bottles of Energy",
  "2_pack_gel_description" : "Includes:\n2 Boxes of Prime Gel",
  "3_gel_boxes_description" : "Includes:\n3 Boxes of Prime Gel",
  "4_pack_description" : "Includes:\n4 Bulk Bags of Shake (Chocolate or Vanilla)\n4 Bottles of Energy",
  "4_pack_gel_description" : "Includes:\n4 Boxes of Prime Gel",
  "6_gel_boxes_description" : "Includes:\n6 Boxes of Prime Gel",
  "8_pack_gel_description" : "Includes:\n8 Boxes of Prime Gel",
  "Active" : "Đang hoạt động",
  "Cycled" : "Theo chu kỳ",
  "Ending" : "Kết thúc",
  "New" : "Mới",
  "Starting" : "Bắt đầu",
  "active" : "Đang hoạt động",
  "active_cycle_volume" : "Khối lượng chu kỳ đang hoạt động",
  "active_tripack_description" : "Thành phần: 1 Hộp Prime Gel 1 Túi cỡ lớn Shake (Vị Sô-cô-la hoặc Vanilla) 1 Chai Energy",
  "add_address" : "Thêm địa chỉ",
  "add_payment_method" : "Thêm phương thức thanh toán",
  "add_shipping_address" : "Thêm địa chỉ giao hàng để nhận ước tính thời gian giao hàng của bạn.",
  "add_to_autodelivery" : "Thêm vào AutoDelivery",
  "add_to_cart" : "Thêm vào giỏ hàng",
  "address_instructions" : "Nhập thông tin ở dưới để thêm địa chỉ này.",
  "address_line_1" : "Dòng địa chỉ 1",
  "address_line_2" : "Dòng địa chỉ 2",
  "all" : "tất cả",
  "amount" : "Số tiền",
  "are_you_sure_customer_to_promoter" : "Bạn có chắc chắn muốn trở thành Nhà phân phối không?",
  "as_shown_on_your_income_tax_return" : "Như thể hiện trên tờ khai thuế thu nhập của bạn",
  "auto" : "Tự động",
  "auto_delivery" : "AutoDelivery",
  "auto_placement_description" : "Nếu chọn TỰ ĐỘNG, người đầu tiên mà bạn bảo lãnh sẽ được đặt cùng nhánh với người bảo lãnh của bạn. Ví dụ, nếu bạn được đặt trên nhánh phải của người bảo lãnh, thì người đầu tiên mà bạn bảo lãnh cá nhân sẽ được đặt trên nhánh phải của quý vị.",
  "auto_placement_description_2" : "Bất kỳ Nhà phân phối mới đến sau đều sẽ được đặt ở bên ngoài nhánh với Sales Volume thấp nhất.",
  "auto_placement_description_3" : "Nếu Sales Volume ở cả hai nhánh là như nhau, thì Nhà phân phối mới sẽ được đặt ở bên ngoài nhánh có số người ít nhất.",
  "autodelivery_cancel" : "Hủy AutoDelivery",
  "autodelivery_cancel_error" : "Không thể hủy AutoDelivery của bạn, vui lòng liên hệ với bộ phận hỗ trợ.",
  "autodelivery_cancel_success" : "Đã hủy thành công AutoDelivery của bạn.",
  "autodelivery_description" : "Tiết kiệm 10% ngay bây giờ bằng cách đăng ký AutoDelivery và nhận sản phẩm QuiAri bạn yêu thích được giao tự động hàng tháng. Bạn có thể cập nhật hoặc chỉnh sửa AutoDelivery bất kỳ lúc nào.",
  "autodelivery_disclaimer" : "Đơn AutoDelivery của bạn sẽ được xử lý tự động và trừ trực tiếp trong thẻ tín dụng hoặc thẻ ghi nợ của bạn hàng tháng cho tới khi bạn hủy dịch vụ. Bạn có thể chỉnh sửa đơn hàng AutoDelivery của mình bằng cách vào phần \"Đơn hàng\" và nhấp vào \"AutoDelivery của tôi\" trong trình đơn thả xuống. Bạn có thể hủy bất kỳ lúc nào bằng cách liên hệ Đội ngũ Hỗ trợ của chúng tôi tại {email} hoặc gọi số +1-813-413-8120.",
  "autodelivery_faq_1" : "AutoDelivery là gì?",
  "autodelivery_faq_1_answer" : "Đơn hàng AutoDelivery là những sản phẩm được gửi định kỳ hàng tháng. Khi đăng ký AutoDelivery, bạn có thể tiết kiệm đến 28% khi mua sản phẩm.",
  "autodelivery_faq_2" : "Tôi có thể chỉnh sửa đơn hàng AutoDelivery không?",
  "autodelivery_faq_2_answer" : "Bạn có thể chỉnh sửa đơn hàng AutoDelivery của mình bằng cách vào phần \"Đơn hàng\" và nhấp vào \"AutoDelivery của tôi\" trong trình đơn thả xuống. Đơn AutoDelivery của bạn có thể bao gồm tới 5 sản phẩm mỗi loại - 5 QuiAri Shake và 5 QuiAri Energy.",
  "autodelivery_faq_3" : "Tôi có thể hủy đơn hàng AutoDelivery không?",
  "autodelivery_faq_3_answer" : "Bạn hoàn toàn có thể. Để hủy đơn AutoDelivery, đăng nhập vào cổng thông tin của bạn, chọn “Đơn hàng”, rồi chọn tiếp “AutoDelivery của tôi”.",
  "autodelivery_faq_4" : "Làm thế nào để nhận AutoDelivery miễn phí mỗi tháng?",
  "autodelivery_faq_4_answer_1" : "Bạn phải sử dụng AutoDelivery với ít nhất 50 SV (Sales Volume)",
  "autodelivery_faq_4_answer_2" : "Bạn phải có 2 Khách hàng được tài trợ cá nhân trên AutoDelivery trong vòng 30 ngày qua với các đơn hàng tạo ra từ 50 SV trở lên.",
  "autodelivery_faq_4_answer_3" : "Giờ bạn đã đủ điều kiện để nhận sản phẩm MIỄN PHÍ!",
  "autodelivery_faq_4_answer_4" : "Sau khi tất cả các tiêu chí đã được đáp ứng, hệ thống của QuiAri sẽ xem xét các đơn đặt hàng AutoDelivery mà Khách hàng của bạn tạo ra 50 SV trở lên trong vòng 30 ngày qua và lấy giá trị trung bình của tổng số đơn đặt hàng đó. Kết quả là tín dụng sản phẩm bạn sẽ nhận được. Xin lưu ý rằng tổng tín dụng không thể vượt quá $118.80 USD và không áp dụng cho giao hàng, thuế, VAT hay bất cứ phí/lệ phí quốc tế nào áp dụng đối với sản phẩm.",
  "autodelivery_faq_5" : "Tôi có thể thay đổi ngày hoặc hủy đơn đặt hàng AutoDelivery của mình không? ",
  "autodelivery_faq_5_answer" : "Bạn hoàn toàn có thể. Để thay đổi ngày giao hàng hoặc hủy đơn AutoDelivery, đăng nhập vào cổng thông tin của bạn, chọn “Đơn hàng”, rồi chọn tiếp “AutoDelivery của tôi”.",
  "autodelivery_faq_6" : "AutoDelivery Trả Trước hoạt động như thế nào?",
  "autodelivery_faq_6_answer" : "Chuyển đến “Đặt hàng” trong Thanh điều hướng và chọn “AutoDelivery của tôi”. Bạn có thể chọn thanh toán trước AutoDelivery trong khoảng thời gian 3, 6 hoặc 9 tháng trước và tiết kiệm tới 12% trên tổng đơn đặt hàng sản phẩm của mình. AutoDelivery Trả Trước của bạn sẽ được xử lý và lập hóa đơn vào thẻ tín dụng hoặc thẻ ghi nợ của bạn ngay hôm nay cho các dịch vụ hàng tháng. AutoDelivery Trả Trước không đủ điều kiện để được trả lại hoặc hoàn tiền ngoài Chính sách hoàn trả trong 30 ngày của chúng tôi kể từ ngày AutoDelivery Trả Trước được đặt. Khối lượng AutoDelivery Trả Trước hàng tháng của bạn sẽ quay vòng 30 ngày một lần cho đến khi AutoDelivery của bạn hết hạn. Xin lưu ý rằng bạn cũng phải trả trước cho các sản phẩm của mình trước 3, 6 hoặc 9 tháng để nhận được AutoDelivery Trả Trước. Bạn sẽ nhận được email khi đến lúc gia hạn AutoDelivery Trả Trước của mình. Xin lưu ý rằng AutoDelivery Trả Trước không tự động gia hạn. Bạn phải đi qua Cổng thông tin (đến “Đặt hàng” trong Thanh điều hướng) và lặp lại quy trình đăng ký AutoDelivery Trả Trước.",
  "autodelivery_faq_7" : "AutoDelivery Trả Trước có được hoàn lại không và tôi có thể thực hiện bất kỳ thay đổi nào sau khi xử lý không?",
  "autodelivery_faq_7_answer" : "AutoDelivery Trả Trước không thể hoàn lại. Sản phẩm của bạn đủ điều kiện để được trả lại theo Chính sách trả hàng trong 30 ngày tiêu chuẩn của chúng tôi. Khi AutoDelivery Trả Trước của bạn được xử lý, không thể thực hiện thay đổi nào đối với đơn đặt hàng của bạn, thời hạn, đối với ngày AutoDelivery.",
  "autodelivery_header_1" : "Đơn hàng AutoDelivery của bạn được đặt lịch vào",
  "autodelivery_header_2" : "Nếu bạn muốn hủy đơn AutoDelivery, vui lòng liên hệ hỗ trợ hoặc nhấn vào ‘Hủy AutoDelivery’",
  "autodelivery_modify_payment_description" : null,
  "autodelivery_totals" : null,
  "back_to_shipping" : "Quay lại Vận chuyển",
  "bag" : "túi | túi",
  "basic_pack_description" : "Thành phần: 1 Hộp Prime Gel 1 Túi cỡ lớn Shake (Vị Sô-cô-la hoặc Vanilla) 1 Chai Energy",
  "become_a_promoter" : "Trở thành Nhà phân phối",
  "billing_address" : "Địa chỉ thanh toán",
  "billing_email_address" : "Địa chỉ email thanh toán",
  "binary_leg" : "Nhánh",
  "binary_placement_options" : "Tùy chọn vị trí trái phải",
  "binary_placement_update_description" : "Tùy chọn vị trí mặc định của bạn đã được cập nhật về bên {placement}. Mọi nhà phân phối mới đều sẽ được đặt vào vị trí theo cài đặt mới này.",
  "binary_placement_updated" : "Đã cập nhật vị trí trái phải",
  "bonus_product" : "{num} sản phẩm thưởng trong {month}",
  "bonus_product_body" : "Tin tốt - voucher sản phẩm thưởng* của bạn sẽ có sẵn ở đây để đổi thưởng trong vòng 30 ngày tính từ lần mua hàng đầu tiên. Bạn sẽ nhận được số voucher dựa trên gói Nhà phân phối mà bạn mua. Nếu bạn có thắc mắc, xin vui lòng liên hệ ",
  "bonus_product_disclaimer" : "*Mỗi voucher = 1 tháng sử dụng QuiAri Shake và QuiAri Energy và chỉ một voucher được sử dụng trong một tháng. Bạn có thể lựa chọn gói đơn khi đổi voucher với một khoản phí kèm theo. Giá không bao gồm chi phí giao hàng, lệ phí, VAT hay bất cứ phí nhập khẩu quốc tế nào áp dụng đối với sản phẩm.",
  "bonus_product_title" : "Sản phẩm thưởng",
  "bonus_product_voucher" : "Voucher sản phẩm thưởng",
  "bonuses" : "Các khoản thưởng",
  "both" : "Cả hai",
  "bottle" : "chai | chai",
  "bug_report" : "Báo cáo lỗi",
  "builder_pack_description" : "Thành phần: 4 Hộp Prime Gel 4 Túi cỡ lớn Shake (Vị Sô-cô-la hoặc Vani) 4 Chai Energy",
  "business_name" : "Tên doanh nghiệp / Tên pháp nhân bị bỏ qua",
  "cancel" : "Hủy",
  "capped" : "Hạn mức",
  "card_number" : "Số thẻ",
  "carrier" : "Hãng vận chuyển",
  "carrier_tracking_number" : "Số theo dõi của hãng vận chuyển",
  "change_password" : "Đổi mật khẩu",
  "change_primary_address" : "Change Primary Address",
  "change_product_selection" : "Thay đổi lựa chọn sản phẩm",
  "checkout" : "Thanh toán",
  "checkout_autodelivery_discount" : "Giảm giá AutoDelivery",
  "checkout_estimated_shipping_and_handling" : "Giao và xử lý đơn hàng",
  "checkout_review_order" : "Xem lại đơn hàng",
  "checkout_shipping_estimate" : "Vui lòng chờ giao hàng trong {min} - {max} ngày làm việc.",
  "checkout_tax" : "Thuế",
  "chocolate" : "Chocolate",
  "choose_individual_products" : "Chọn các sản phẩm lẻ",
  "choose_option_below" : "Chọn tùy chọn bên dưới",
  "choose_package_items_total" : "(Chọn tổng cộng {amount})",
  "choose_products" : null,
  "city" : "Thành phố",
  "click_link_for_schedule" : "Nhấp vào liên kết để biết lịch trình.",
  "click_to_download" : "Nhấp để tải xuống",
  "close" : "Đóng",
  "commission" : "Hoa hồng",
  "commission_history" : "Lịch sử hoa hồng",
  "commission_rank" : "Xếp hạng hoa hồng",
  "commission_rank_history" : "Lịch sử xếp hạng hoa hồng",
  "commissions" : "Hoa hồng",
  "commissions_faq_1" : "Team Commissions là gì?",
  "commissions_faq_10" : "Làm thế nào để có Fast Start Bonus?",
  "commissions_faq_10_answer_1" : "Nhà phân phối nhận được Fast Start Bonus lên đến 200 USD cho bất kỳ đơn hàng Gói sản phẩm lần đầu nào của Nhà tiếp thị được bảo lãnh cá nhân.\n",
  "commissions_faq_10_answer_2" : "1 Pack - $20 USD",
  "commissions_faq_10_answer_3" : "2 Pack - $40 USD",
  "commissions_faq_10_answer_4" : "4 Pack - $80 USD",
  "commissions_faq_10_answer_5" : "10 Pack - $200 USD",
  "commissions_faq_10_answer_6" : "QuiAri Shake (28 Ngày) - $7,50 USD",
  "commissions_faq_10_answer_7" : "QuiAri Shake (14 Ngày) - $3,75 USD",
  "commissions_faq_10_answer_8" : "QuiAri Energy - $3,75 USD",
  "commissions_faq_10_answer_9" : "Lấy mẫu 5 ngày - $1,50 USD",
  "commissions_faq_11" : "Làm thế nào để được nhận Matching Bonus?",
  "commissions_faq_11_answer" : "Khi bạn thăng hạng, QuiAri thưởng cho bạn Matching Bonus vì thành tích huấn luyện và phát triển đội nhóm. Nhận tới 80% Team Commissions thu được ở cấp 1-7 từ tuyến bảo lãnh của bạn, dựa trên thứ hạng ghi nhận của bạn.",
  "commissions_faq_12" : "Làm thế nào để được nhận Lifestyle Bonus?",
  "commissions_faq_12_answer_1" : "Bạn cần đạt đủ điều kiện và phần thưởng sẽ được trao dựa trên xếp hạng hoa hồng của bạn trong vòng 30 ngày trước đó. Với hạng Hero - Legend, chúng tôi sẽ xem xét Group Sales Volume vào ngày đầu tiên của mỗi tháng và trả thưởng vào ngày 15. Với hạng Diamond - Purple Diamond, chúng tôi sẽ đánh giá 2 tháng trước đó.",
  "commissions_faq_12_answer_2" : "Hero: $500 USD",
  "commissions_faq_12_answer_3" : "Legend: $1,000 USD",
  "commissions_faq_12_answer_4" : "Diamond: $1,500 USD",
  "commissions_faq_12_answer_5" : "Green Diamond: $2,500 USD",
  "commissions_faq_12_answer_6" : "Purple Diamond: $5,000 USD",
  "commissions_faq_12_answer_7" : "Grand Purple Diamond: $6,000 USD",
  "commissions_faq_12_answer_8" : "Crown Purple Diamond: $7,500 USD",
  "commissions_faq_13" : "Làm thế nào để được nhận Speed Bonus?",
  "commissions_faq_13_answer_1" : "Gói Chỉ Có Shake & Energy",
  "commissions_faq_13_answer_10" : "Gói Sản Phẩm",
  "commissions_faq_13_answer_11" : "8 Pack: 60 ngày để nhận Speed Bonus không giới hạn",
  "commissions_faq_13_answer_12" : "4 Pack: 30 ngày để nhận Speed Bonus không giới hạn",
  "commissions_faq_13_answer_13" : "2 Pack: 14 ngày để nhận Speed Bonus không giới hạn",
  "commissions_faq_13_answer_2" : "Gói Nhà Sáng Lập: 90 ngày để nhận Speed Bonus không giới hạn",
  "commissions_faq_13_answer_3" : "4 Pack: 60 ngày để nhận Speed Bonus không giới hạn",
  "commissions_faq_13_answer_4" : "2 Pack: 30 ngày để nhận Speed Bonus không giới hạn",
  "commissions_faq_13_answer_5" : "1 Gói: 14 ngày để nhận Speed Bonus không giới hạn",
  "commissions_faq_13_answer_6" : "Gói chỉ có Gel",
  "commissions_faq_13_answer_7" : "Gói Nhà Xây Dựng: 60 ngày để nhận Speed Bonus không giới hạn",
  "commissions_faq_13_answer_8" : "Gói Cơ Bản: 30 ngày để nhận Speed Bonus không giới hạn",
  "commissions_faq_13_answer_9" : "Gói Cơ Bản: 14 ngày để nhận Speed Bonus không giới hạn",
  "commissions_faq_14" : "Làm thế nào để được nhận thưởng theo chu kỳ?",
  "commissions_faq_14_answer_1" : "Khi bạn tích lũy Group Sales Volume (GSV), bạn sẽ xoay vòng và kiếm Team Commissions cho mỗi 100 GSV khớp giữa hai nhánh trái và phải của bạn tới mức không giới hạn. Thứ hạng của bạn sẽ quyết định số thưởng mà bạn xoay vòng:",
  "commissions_faq_14_answer_10" : "Diamond: $17.50 USD",
  "commissions_faq_14_answer_11" : "Green Diamond: $17.50 USD",
  "commissions_faq_14_answer_12" : "Purple Diamond: $20 USD",
  "commissions_faq_14_answer_13" : "Grand Purple Diamond: $20 USD",
  "commissions_faq_14_answer_14" : "Crown Purple Diamond: $20 USD",
  "commissions_faq_14_answer_2" : "Star: $10 USD",
  "commissions_faq_14_answer_3" : "Rising Star: $10 USD",
  "commissions_faq_14_answer_4" : "Shooting Star: $12.50 USD",
  "commissions_faq_14_answer_5" : "Rock Star: $12.50 USD",
  "commissions_faq_14_answer_6" : "Super Star: $12.50 USD",
  "commissions_faq_14_answer_7" : "Champion: $15 USD",
  "commissions_faq_14_answer_8" : "Hero: $15 USD",
  "commissions_faq_14_answer_9" : "Legend: $17.50 USD",
  "commissions_faq_15" : "Hoa hồng của tôi sẽ như thế nào nếu tôi không đủ điều kiện?",
  "commissions_faq_16" : "Sales Volume (SV) có bao giờ bị xóa hoàn toàn không?",
  "commissions_faq_16_answer_1" : "Có, Sales Volume của bạn sẽ bị xóa hoàn toàn sau 60 ngày không hoạt động. Bạn duy trì trạng thái hoạt động bằng cách mua sản phẩm cho bản thân hoặc bán sản phẩm cho Khách hàng đạt điều kiện tối thiểu là 25 Personal Sales Volume (PSV).",
  "commissions_faq_16_answer_2" : "Để tiếp tục duy trì trạng thái hoạt động, bạn cần phải tạo được tối thiểu 25 Personal Sales Volume mỗi tháng.",
  "commissions_faq_17" : "Làm thế nào để nhận được Rank Advancement Bonus?",
  "commissions_faq_17_answer_1" : "Nhận khoản thưởng một lần mỗi khi bạn thăng hạng (từ Rising Star trở lên). Đối với hạng Champion đến Legend, bạn cần duy trì trong 2 tháng liên tiếp để đạt đủ điều kiện. Đối với hạng Green Diamond và Purple Diamond, bạn cần duy trì trong 3 tháng liên tiếp.",
  "commissions_faq_17_answer_10" : "Green Diamond: $12,500 USD",
  "commissions_faq_17_answer_11" : "Purple Diamond: $25,000 USD",
  "commissions_faq_17_answer_12" : "Grand Purple Diamond: $27,500 USD",
  "commissions_faq_17_answer_13" : "Crown Purple Diamond: $30,000 USD",
  "commissions_faq_17_answer_2" : "Rising Star: $50 USD",
  "commissions_faq_17_answer_3" : "Shooting Star: $100 USD",
  "commissions_faq_17_answer_4" : "Rock Star: $250 USD",
  "commissions_faq_17_answer_5" : "Super Star: $500 USD",
  "commissions_faq_17_answer_6" : "Champion: $1,250 USD",
  "commissions_faq_17_answer_7" : "Hero: $2,500 USD",
  "commissions_faq_17_answer_8" : "Legend: $5,000 USD",
  "commissions_faq_17_answer_9" : "Diamond: $7,500 USD",
  "commissions_faq_18" : "Làm thế nào để được nhận Customer Bonus?",
  "commissions_faq_18_answer" : "Customer Bonus được tính dựa trên 20% Sales Volume (SV) trên tất cả các đơn hàng và đơn hàng ban đầu của Khách hàng được Bảo lãnh Cá nhân.",
  "commissions_faq_19" : "Khách hàng có đi vào Hệ thống phân cấp không?",
  "commissions_faq_19_answer" : "Không, họ không được xếp vào Hệ thống này.",
  "commissions_faq_1_answer" : "Team Commissions là một phần quan trọng trong hệ thống chi trả hoa hồng của QuiAri và được tính toán từ hệ thống phân cấp của bạn, gồm hai nhánh: trái và phải. Bạn sẽ được chi trả hoa hồng dựa trên việc xây dựng thành công Group Sales Volume (GSV) trong hệ thống phân cấp.",
  "commissions_faq_2" : "Team Commissions được tính toán như thế nào?",
  "commissions_faq_20" : "Sales Volume (SV) của khách hàng có vào Hệ thống phân cấp?",
  "commissions_faq_20_answer" : "Có. Khi hệ thống xác định bạn Đang hoạt động với tối thiểu 75 PSV (Personal Sales Volume), thì Sales Volume liên quan đến giao dịch mua của Khách hàng sẽ được đặt theo cài đặt nhị phân của bạn (Trái, Phải, Tự động) trong Cổng QuiAri của bạn. Điều này sẽ cho phép bạn tối đa hóa Team Commissions từ Khách hàng được Bảo lãnh Cá nhân của bạn.",
  "commissions_faq_2_answer_1" : "Mỗi gói sản phẩm có một giá trị điểm gọi là Sales Volume. Mỗi khi có một sản phẩm được bán trong tổ chức của bạn, thì việc này tạo ra Sales Volume cho toàn bộ cấp trên.",
  "commissions_faq_2_answer_2" : "Khi các điểm này cộng dồn lên, bạn sẽ được nhận Team Commissions. Một Nhà phân phối xoay vòng mỗi lẫn 100 SV được tính cộng dồn ở cả hai nhánh trái và phải của người đó.",
  "commissions_faq_2_answer_3" : "Bất kỳ Group Sales Volume nào chưa được chi trả sẽ được chuyển sang kỳ tiếp theo.",
  "commissions_faq_3" : "Làm thế nào để đủ tiêu chuẩn nhận Team Commissions?",
  "commissions_faq_3_answer" : "Để đủ tiêu chuẩn, bạn cần có ít nhất một Nhà phân phối được bảo lãnh cá nhân ở mỗi nhánh trái và phải. Nhà phân phối này cần phải ở trạng thái hoạt động với ít nhất 25 PSV mỗi tháng. 75 PSV cho Rock Star trở lên.",
  "commissions_faq_4" : "Các giao dịch mua của chính tôi có được tính vào tiêu chuẩn nhận hoa hồng của tôi không?",
  "commissions_faq_4_answer" : "Giao dịch cá nhân của bạn được tính để duy trì trạng thái HOẠT ĐỘNG, tuy nhiên bạn cần phải tài trợ cá nhân cho 2 nhà phân phối đang hoạt động ở hai nhánh trái và phải để ĐẠT ĐIỀU KIỆN nhận hoa hồng.",
  "commissions_faq_5" : "Tôi có thể kiếm được bao nhiêu tiền với kế hoạch trả thưởng của QuiAri?",
  "commissions_faq_5_answer" : "Xin lưu ý rằng cơ hội kinh doanh với QuiAri có tiềm năng tài chính không giới hạn. Tuy nhiên, QuiAri không đảm bảo về thành công tài chính. Thành công với QuiAri chỉ có được nhờ nỗ lực bán hàng thành công, điều đòi hỏi sự lao động chăm chỉ, tâm huyết, kỹ năng, sự kiên trì, năng lực, và khả năng lãnh đạo. Thu nhập của bạn phụ thuộc vào mức độ bạn thể hiện những tố chất này.",
  "commissions_faq_6" : "Thu nhập Team Commissions hàng tháng có giới hạn mức trần không?",
  "commissions_faq_6_answer_1" : "Champion: $5,000 USD/tuần",
  "commissions_faq_6_answer_2" : "Hero: $10,000 USD/tuần",
  "commissions_faq_6_answer_3" : "Legend: $15,000 USD/tuần",
  "commissions_faq_6_answer_4" : "Diamond: $20,000 USD/tuần",
  "commissions_faq_6_answer_5" : "Green Diamond: $25,000 USD/tuần",
  "commissions_faq_6_answer_6" : "Purple Diamond: $50,000 USD/tuần",
  "commissions_faq_6_answer_7" : "Grand Purple Diamond: $50,000 USD/week",
  "commissions_faq_6_answer_8" : "Crown Purple Diamond: $50,000 USD/week",
  "commissions_faq_6_comp_plan" : "Vui lòng tham khảo Kế hoạch trả thưởng của QuiAri để biết chi tiết.",
  "commissions_faq_7" : "Sales Volume (SV) gắn với mỗi Gói sản phẩm và Sản phẩm là gì?",
  "commissions_faq_7_answer_1" : "Gói Shake & Energy",
  "commissions_faq_7_answer_10" : "Gói Nhà Sáng Lập: 600 SV",
  "commissions_faq_7_answer_11" : "Gói Nhà Xây Dựng: 400 SV",
  "commissions_faq_7_answer_12" : "Gói Cơ Bản: 200 SV",
  "commissions_faq_7_answer_13" : "Gói Cơ Bản: 100 SV",
  "commissions_faq_7_answer_14" : "Gói chỉ có Gel",
  "commissions_faq_7_answer_15" : "8 Pack: 360 SV",
  "commissions_faq_7_answer_16" : "4 Pack: 180 SV",
  "commissions_faq_7_answer_17" : "2 Pack: 90 SV",
  "commissions_faq_7_answer_18" : "Tạo gói của riêng bạn:",
  "commissions_faq_7_answer_19" : "Túi Shake: 50 SV",
  "commissions_faq_7_answer_2" : "QuiAri Shake: 50 SV",
  "commissions_faq_7_answer_20" : "Hộp Prime Gel: 45 SV",
  "commissions_faq_7_answer_21" : "Energy Dạng Chai: 25 SV",
  "commissions_faq_7_answer_3" : "QuiAri Energy: 25 SV",
  "commissions_faq_7_answer_4" : "Lấy mẫu 5 ngày: 10 SV",
  "commissions_faq_7_answer_5" : "Gói sản phẩm nhà phân phối (chỉ mua một lần duy nhất)",
  "commissions_faq_7_answer_6" : "1 Pack - 75 SV",
  "commissions_faq_7_answer_7" : "2 Pack - 150 SV",
  "commissions_faq_7_answer_8" : "4 Pack - 300 SV",
  "commissions_faq_7_answer_9" : "7 Pack - 500 SV",
  "commissions_faq_8" : "Làm thế nào để thu thập Sales Volume?",
  "commissions_faq_8_answer" : "Để thu thập Sales Volume, bạn phải duy trì hoạt động bằng cách tạo ra tối thiểu 25 PSV mỗi tháng. Đối với hạng Rock Star trở lên, bạn phải tạo ra tối thiểu 75 PSV.",
  "comp_plan" : "Phương Án Chi Trả Hoa Hồng",
  "company_name" : "Tên công ty",
  "compensation_plan" : "Phương Án Chi Trả Hoa Hồng",
  "confirm" : "Xác nhận",
  "confirm_new_password" : "Xác nhận mật khẩu mới",
  "confirm_password" : "Xác nhận mật khẩu",
  "contact_us" : "Liên hệ với chúng tôi",
  "copied" : "Đã sao chép",
  "copied_successfully" : "Sao chép thành công!",
  "copy_link" : "Sao chép liên kết",
  "copy_video_url" : "Hãy sao chép Video URL",
  "corporate_announcements" : "Thông báo của tập đoàn",
  "cost" : "Chi phí",
  "country" : "Quốc gia",
  "current_commission_rank" : "Xếp hạng hoa hồng hiện tại",
  "current_password" : "Mật khẩu hiện tại",
  "currently_have_no_customers" : "Bạn hiện chưa có khách hàng nào",
  "customer_id" : "Mã khách hàng",
  "customer_info_1" : "Mọi người từ khắp nơi trên thế giới đang yêu thích sản phẩm QuiAri và trải nghiệm kết quả thay đổi cuộc sống! Những người này cũng nhận được thù lao để quảng bá sản phẩm QuiAri ngay sau khi sản phẩm được bán ra. Tham gia cơ hội kinh doanh tại nhà phát triển nhanh #1 toàn cầu.",
  "customer_info_2" : "Nhà phân phối của QuiAri có nhiều phương thức để kiếm thu nhập bán thời gian hoặc toàn thời gian VÀ sản phẩm miễn phí trong suốt quá trình.",
  "cycle" : "Chu kỳ",
  "dashboard" : "Bảng điều khiển",
  "dashboard_business_app" : "Ứng dụng kinh doanh QuiAri",
  "dashboard_business_app_description" : "Tải xuống ngay để theo dõi thu nhập, đăng ký Khách hàng và Đối tượng tiềm năng, mua sản phẩm, thường xuyên cập nhật tin tức của QuiAri và quản lý hoạt động kinh doanh trong khi di chuyển",
  "dashboard_business_opportunity" : "Thuyết trình về Cơ hội kinh doanh QuiAri",
  "dashboard_business_opportunity_info" : "Hướng mọi người trong Nhóm của bạn đến phần Thuyết trình về Cơ hội Kinh doanh. Kiểm tra mạng xã hội {'@'}QuiAriOfficial hoặc email của bạn để biết lịch trình.",
  "dashboard_current_month" : "Tháng này",
  "dashboard_download_now" : "Tải xuống ngay",
  "dashboard_follow_social_media" : "Theo dõi chúng tôi trên mạng xã hội",
  "dashboard_get_paid_in_5" : "Chia sẻ Trang {0} để Khuyến khích, Truyền cảm hứng và PHÁT TRIỂN ĐỘI NHÓM!",
  "dashboard_getting_started" : "Bắt đầu",
  "dashboard_live_feed" : "Bảng tin trực tiếp",
  "dashboard_my_commissions" : "Hoa hồng của tôi",
  "dashboard_my_qualifications" : "Chứng chỉ của tôi",
  "dashboard_purple_diamond_guide" : "Tìm hiểu cách đạt đến đỉnh cao với {0} dễ thực hiện của chúng tôi, sẽ hướng dẫn bạn cách nhân bản nhóm của mình và Thăng hạng nhanh hơn bao giờ hết.",
  "dashboard_qualified" : "Đạt điều kiện",
  "dashboard_recent_orders" : "Đơn hàng gần đây",
  "dashboard_self_replicated_site" : "Website Tự Sao Chép:",
  "dashboard_share_your_story" : "Chia sẻ câu chuyện của bạn",
  "dashboard_stay_plugged_in" : "Gắn kết:",
  "dashboard_steps" : "Thực hiện theo các bước đơn giản sau để TÌM HIỂU cách:",
  "dashboard_steps_1" : "Lập trình lại tư duy của bạn để thành công",
  "dashboard_steps_2" : "Làm chủ câu hỏi mời chào",
  "dashboard_steps_3" : "Tạo Văn hóa Nhân bản trong Nhóm của bạn",
  "dashboard_steps_4" : "Không bao giờ hết người để nói chuyện",
  "dashboard_steps_5" : "Quản lý thời gian của bạn",
  "dashboard_steps_6" : "Hãy BẮT ĐẦU NGAY!",
  "dashboard_testimonial" : " Chúng tôi muốn nghe từ bạn!",
  "dashboard_testimonial_description" : "Những cơ hội và sản phẩm đã thay đổi cuộc sống của bạn chưa? Chia sẻ câu chuyện của bạn để có cơ hội được đăng trên Bảng tin trực tiếp và mạng xã hội của chúng tôi!",
  "dashboard_year_to_date" : "Từ đầu năm đến nay",
  "date" : "Ngày",
  "date_earned" : "Ngày thu được",
  "date_joined" : "Ngày gia nhập",
  "ddu_disclaimer" : "Giá chưa bao gồm thuế, phí và lệ phí khác có thể sẽ được tính tại thời điểm giao hàng.",
  "delete" : "Xóa",
  "disclaimers" : "Tuyên bố miễn trừ trách nhiệm",
  "discount" : null,
  "district" : "Quận",
  "documents" : "Tài liệu",
  "download" : "Tải xuống",
  "earned_on" : "Kiếm được trên",
  "edit" : "Chỉnh sửa",
  "edit_address" : "Chỉnh sửa địa chỉ",
  "email_address" : "Địa chỉ email",
  "email_address_or_member_id" : "Email Address or Member ID",
  "email_receipt" : "Biên lai qua email",
  "emails" : "Email",
  "employer_identification_number" : "Mã định danh chủ lao động",
  "empty_cart" : "Giỏ hàng trống",
  "ending_with" : "Kết thúc bằng",
  "energy_bottle_description" : "Thành phần: 1 Chai Energy (60 lần dùng)",
  "energy_single_serve_description" : "Thành phần: 1 Túi Energy (60 lần dùng)",
  "enter_login_details" : "Enter your details below to log in",
  "error" : "Lỗi",
  "estimated_shipping_and_handling" : "Thời gian giao và xử lý đơn hàng ước tính",
  "event_description" : "Mô tả sự kiện",
  "ewallet_account" : "Thông tin tài khoản Ví điện tử",
  "ewallet_notice" : "Để thiết lập tài khoản Ví điện tử, bạn phải hoàn thành biểu mẫu sau đây: {0}",
  "ewallet_setup_notice" : "Tài khoản Ví điện tử của bạn sẽ được thiết lập tự động trong 5 ngày làm việc sau khi bạn kiếm được hoa hồng lần đầu tiên. Quy trình này diễn ra chỉ một lần, đảm bảo an toàn và bảo mật ở cấp độ cao nhất cho bạn. Sau khi tài khoản của bạn được kích hoạt, bạn sẽ được hưởng tất cả các quyền lợi nổi bật củmà hình thức trả thưởng trong ngày đem lại!",
  "exempt_payee_code" : "Mã khấu trừ của người nhận thanh toán (nếu có)",
  "exemption_from_fatca_reporting_code" : "Mã miễn khai báo FATCA (nếu có)",
  "exemptions" : "Miễn",
  "existing_monthly_autodelivery" : "Bạn đã có một đăng ký AutoDelivery hàng tháng hiện đang hoạt động trên tài khoản của mình. Bạn không thể thiết lập AutoDelivery Trả Trước cho đến khi bạn hủy AutoDelivery.",
  "existing_prepaid_autodelivery" : "Bạn đã có một đăng ký AutoDelivery Trả Trước hiện đang hoạt động. Bạn không thể thiết lập AutoDelivery vào lúc này.",
  "expiration" : "Thời điểm hết hạn",
  "expiration_month" : "Tháng hết hạn",
  "expiration_year" : "Năm hết hạn",
  "expired_on" : "Hết hạn vào",
  "expires" : "Hết hạn vào",
  "extend_prepaid_autodelivery" : null,
  "faqs" : "Câu hỏi thường gặp (FAQ)",
  "fast_start" : "Fast Start",
  "fast_start_bonus" : "Fast Start Bonus",
  "fda_notice" : "Các tuyên bố này chưa nhận được đánh giá của Cục quản lý Thực phẩm và Dược phẩm. Các sản phẩm này không được dùng để chẩn đoán, điều trị, chữa trị hay phòng tránh bất cứ bệnh nào.",
  "feature_request" : "Yêu cầu tính năng",
  "federal_tax" : "Thuế liên bang",
  "federal_tax_classification" : "Phân loại thuế liên bang",
  "feedback" : "Phản hồi",
  "field_required" : "Đây là trường bắt buộc.",
  "first_name" : "Tên Họ",
  "fitness" : "Thể hình",
  "forgot_password" : "Quên mật khẩu?",
  "founders_pack_description" : "Thành phần: 6 Hộp Prime Gel 5 Túi Shake vị Sô-cô-la (Một lần dùng) 5 5 Túi Shake vị Vani (Một lần dùng) 5 Túi Energy (Một lần dùng)",
  "free" : "MIỄN PHÍ",
  "free_tour_marketing_system" : "Hệ thống tiếp thị Free Tour",
  "free_tour_subtitle" : "Làm việc giúp bạn 24/7, 365 ngày mỗi năm và cung cấp trang đích tuỳ chỉnh, trang tiếp thị được cá nhân hoá, báo cáo tức thời, chiến dịch theo sát trả lời tự động. Chia sẻ các trang tiếp thị bên dưới để giúp tạo khách hàng tiềm năng và bắt đầu công việc kinh doanh của bạn.",
  "from" : "từ",
  "gear_store" : "Cửa hàng phụ kiện",
  "genealogy" : "Phân cấp",
  "general" : "Các câu hỏi chung",
  "general_faq_1" : "Tôi có phải mua sản phẩm mới được tham gia vào Kế hoạch trả thưởng của QuiAri không?",
  "general_faq_1_answer" : "Bạn không cần mua sản phẩm để tham gia, nhưng việc mua sản phẩm sẽ giúp bạn đạt trạng thái ĐANG HOẠT ĐỘNG.",
  "general_faq_2" : "Làm thế nào để thêm Nhà phân phối vào nhóm của tôi?",
  "general_faq_2_answer_1" : "Các Đối tượng tiềm năng sẽ được tự động điền vào nhánh Trái hoặc Phải trong nhóm của bạn sao cho bạn đạt được mức cao nhất. Nếu muốn thay đổi cách sắp xếp này để đặt Đối tượng tiềm năng vào một nhánh cụ thể, bạn có thể vào trang Phân cấp trong Hệ thống hỗ trợ bất kỳ khi nào và chọn Trái hoặc Phải.",
  "general_faq_2_answer_2" : "Bạn cũng có thể dễ dàng tự chọn vị trí cho Đối tượng tiềm năng trên trang Phân cấp bằng cách nhấp vào một vị trí Còn trống.",
  "general_faq_3" : "Nếu tôi vô tình đặt sai vị trí cho ai đó trong phần cấp dưới của tôi, tôi có thể chuyển người đó về vị trí đúng không?",
  "general_faq_3_answer" : "Hoa hồng được tự động ghi có cho bạn và toàn bộ cấp trên của bạn khi phát sinh giao dịch bán. Như vậy, khi đã hoàn tất quy trình đăng ký, quý vị không thể di chuyển hay thay đổi vị trí của Nhà phân phối. Vui lòng đảm bảo lựa chọn chính xác Người bảo lãnh và vị trí trước khi chuyển sang bước tiếp theo.",
  "general_faq_4" : "Thời hạn của Thỏa thuận QuiAri của tôi là bao lâu?",
  "general_faq_4_answer" : "Thời hạn của Thỏa thuận QuiAri là một năm kể từ ngày ghi danh. Nếu Nhà phân phối không rút ra, thì hoạt động kinh doanh của người này sẽ được tự động gia hạn.",
  "general_faq_5" : "Nhà phân phối và Khách hàng khác nhau như thế nào?",
  "general_faq_5_answer" : "Khách hàng là một cá nhân mua sản phẩm của QuiAri. Nhà phân phối là một cá nhân tham gia vào Kế hoạch trả thưởng của QuiAri.",
  "general_faq_6" : "Tôi phải làm gì nếu không muốn làm Nhà phân phối nữa?",
  "general_faq_6_answer" : "Bạn có thể liên hệ {email} để khóa tài khoản Nhà phân phối của mình. Chúng tôi sẽ giúp bạn chuyển đổi sang tài khoản khách hàng của QuiAri để tiếp tục mua sản phẩm và nhận thông tin cập nhật.",
  "general_faq_7" : "Làm thế nào để tôi được nhận sản phẩm miễn phí?",
  "general_faq_7_answer" : "Đây là quy định hợp lệ cho chương trình “Giới thiệu 2 người để được hưởng MIỄN PHÍ?” • Bạn phải sử dụng AutoDelivery với ít nhất 50 SV (Sales Volume) • Bạn phải có 2 Khách hàng được tài trợ cá nhân trên AutoDelivery trong vòng 30 ngày qua với các đơn hàng tạo ra từ 50 SV trở lên. • Giờ bạn đã đủ điều kiện để nhận sản phẩm MIỄN PHÍ! Sau khi tất cả các tiêu chí đã được đáp ứng, hệ thống của QuiAri sẽ xem xét các đơn đặt hàng AutoDelivery mà Khách hàng của bạn tạo ra 50 SV trở lên trong vòng 30 ngày qua và lấy giá trị trung bình của tổng số đơn đặt hàng đó. Kết quả là tín dụng sản phẩm bạn sẽ nhận được. Xin lưu ý rằng tổng tín dụng không thể vượt quá $118.80 USD và không áp dụng cho giao hàng, thuế, VAT hay bất cứ phí/lệ phí quốc tế nào áp dụng đối với sản phẩm.",
  "general_inquiry" : "Thắc mắc chung",
  "generated_between" : "Được tạo trong giai đoạn",
  "generated_on" : "Được tạo vào",
  "get_social" : "MẠNG XÃ HỘI",
  "get_social_info" : "Nói với cả thế giới bạn LOVE QuiAri thế nào bằng cách theo dõi chúng tôi trên mạng xã hội và chia sẻ những bài đăng hàng ngày.",
  "grand_total" : "Tổng",
  "health_and_fitness" : "Sức khỏe và Thể hình",
  "hyperwallet_e_wallet" : "Ví điện tử Hyperwallet",
  "hyperwallet_faq_1" : "Ví điện tử Hyperwallet® là gì?",
  "hyperwallet_faq_10" : "Tôi có thể thanh toán AutoDelivery trực tiếp từ tiền hoa hồng thông qua Ví điện tử Hyperwallet® không?",
  "hyperwallet_faq_10_answer" : "Có. Quý vị có thể thanh toán AutoDelivery bằng cách chọn Ví điện tử Hyperwallet® làm phương thức thanh toán chính trong mục Tài khoản của tôi.",
  "hyperwallet_faq_11" : "Phải làm sao để lấy lại mật khẩu Ví điện tử Hyperwallet® nếu tôi bị mất hoặc quên mật khẩu?",
  "hyperwallet_faq_11_answer_1" : "Để lấy lại mật khẩu, truy cập {0}, nhấp vào \"quên mật khẩu\", sau đó nhập địa chỉ email mà bạn đã cung cấp cho QuiAri vào thời điểm tài khoản được kích hoạt.",
  "hyperwallet_faq_11_answer_2" : "Nếu bạn có câu hỏi về Tài khoản Ví điện tử Hyperwallet® của mình, hãy gọi cho Hyperwallet® theo số 1.604.638.6657 hoặc số điện thoại miễn phí tại Hoa Kỳ là 1.877.546.8220 (Thứ Hai - Thứ Sáu, 8:00 SA – 5:00 CH; Thứ Bảy - Chủ Nhật 8:00 – 5:00 CH, theo múi giờ Thái Bình Dương). Bạn cũng có thể gửi email cho bộ phận hỗ trợ của Hyperwallet® thông qua biểu mẫu {0} trên trang web của họ.",
  "hyperwallet_faq_1_answer" : "Ví điện tử Hyperwallet® là một hệ thống thanh toán toàn cầu cho phép Nhà tiếp thị nhận, truy cập và quản lý hoa hồng 24/7 trên mạng, bằng hình thức trực tuyến, từ bất cứ nơi đâu trên thế giới.",
  "hyperwallet_faq_2" : "Tại sao QuiAri sử dụng Ví điện tử Hyperwallet® E-Wallet để chi trả hoa hồng?",
  "hyperwallet_faq_2_answer" : "Ưu tiên hàng đầu của chúng tôi là đảm bảo các Nhà phân phối của mình ở mọi nơi nhận được hoa hồng nhanh chóng, dễ dàng và hiệu quả.",
  "hyperwallet_faq_3" : "Làm thế nào để mở tài khoản Ví điện tử Hyperwallet®?",
  "hyperwallet_faq_3_answer" : "Sau khi nhận được hoa hồng đợt đầu tiên, bạn phải điền tất cả các thông tin bắt buộc được nêu rõ trên trang Hoa hồng của bạn trong Hệ thống hỗ trợ. Khi bạn đã điền hết các thông tin bắt buộc, tài khoản Ví điện tử Hyperwallet® sẽ được thiết lập sẵn sàng cho bạn trong vòng 5 ngày làm việc. Sau đó, bạn sẽ nhận được email xác nhận từ QuiAri và một email từ Hyperwallet® hướng dẫn cách kích hoạt tài khoản. Toàn bộ tiền hoa hồng thu được sẽ được chuyển ngay về tài khoản Ví điện tử Hyperwallet®. Xin lưu ý: bạn sẽ chịu một khoản phí nhỏ hàng tháng là 3,30 USD.",
  "hyperwallet_faq_4" : "Làm thế nào để rút tiền hoa hồng khỏi tài khoản Ví điện tử Hyperwallet®?",
  "hyperwallet_faq_4_answer" : "Với tài khoản Ví điện tử Hyperwallet®, tiền hoa hồng có thể được gửi trực tiếp vào tài khoản ngân hàng của bạn, chuyển khoản, hoặc nạp vào thẻ ghi nợ Visa® đồng thương hiệu QuiAri – theo yêu cầu và tùy thuộc vào tình trạng sẵn có.",
  "hyperwallet_faq_5" : "Tôi có thể nhận thẻ ghi nợ Visa® đồng thương hiệu QuiAri thông qua tài khoản Ví điện tử Hyperwallet® của tôi không?",
  "hyperwallet_faq_5_answer" : "Hoàn toàn có thể! Thẻ ghi nợ Visa® đồng thương hiệu QuiAri đã có mặt tại trên 185 quốc gia, cho phép bạn sử dụng trực tiếp tiền hoa hồng trong tài khoản Ví điện tử Hyperwallet® để thanh toán ở bất cứ địa điểm nào chấp nhận thẻ Visa®!",
  "hyperwallet_faq_6" : "Làm thế nào để đặt thẻ ghi nợ Visa® đồng thương hiệu QuiAri?",
  "hyperwallet_faq_6_answer" : "Sau khi kiếm được hoa hồng và thiết lập tài khoản Ví điện tử Hyperwallet® là bạn đủ điều kiện để đặt thẻ ghi nợ Visa® đồng thương hiệu QuiAri. Thẻ này đã có tại nhiều quốc gia trên khắp thế giới với mức phí chỉ 10 USD.",
  "hyperwallet_faq_7" : "Tôi có thể thực hiện chuyển khoản bằng Ví điện tử Hyperwallet® không?",
  "hyperwallet_faq_7_answer" : "Có, bạn có thể chuyển khoản tiền hoa hồng trực tuyến tới bất cứ nơi đâu trên thế giới. Phương thức chuyển khoản đã được hỗ trợ tại hơn 215 quốc gia.",
  "hyperwallet_faq_8" : "Tôi có mất phí xử lý cho hoa hồng mình nhận được không?",
  "hyperwallet_faq_8_answer" : "Mỗi khi hoa hồng được chuyển về tài khoản Ví điện tử Hyperwallet®, một khoản phí nhỏ 0,40 USD sẽ được khấu trừ.",
  "hyperwallet_faq_9" : "Ví điện tử Hyperwallet® có hỗ trợ gửi tiền trực tiếp vào tài khoản ngân hàng không?",
  "hyperwallet_faq_9_answer" : "Có. Phương thức gửi tiền trực tiếp hiện đang được hỗ trợ tại gần 50 quốc gia.",
  "i_agree" : "Tôi đồng ý",
  "if_diferent_from_above" : "Nếu khác với ở trên",
  "in_transit" : "Đang vận chuyển",
  "inbox" : "Hộp thư đến",
  "income_disclosure_statement" : "Tuyên bố công bố thu nhập",
  "individual_items" : "Món hàng lẻ",
  "interior_number" : "Interior number (floor, suite, building)",
  "international_product_import_fee" : "Phí nhập khẩu sản phẩm quốc tế",
  "international_promoters" : "Nhà phân phối quốc tế",
  "international_w9_fields_error" : "Đã có lỗi xảy ra khi cập nhật tài khoản của bạn, xin vui lòng liên hệ hỗ trợ.",
  "international_w9_fields_info" : "Điền vào các trường dưới đây để thiết lập thông tin tài khoản ví điện tử của bạn.",
  "invalid_card" : "Thẻ không hợp lệ",
  "items" : "Mặt hàng",
  "its_go_time_video" : "Đã đến lúc Go Time Video",
  "join_date" : "Ngày tham gia",
  "join_url" : "URL tham gia",
  "joined_on" : "Đã tham gia vào",
  "language" : "Ngôn ngữ",
  "language_settings" : "Cài đặt ngôn ngữ",
  "larger_orders_description" : "Với đơn hàng lớn hơn, vui lòng gửi email về {0}",
  "last_name" : "Tên Họ",
  "launch_plan" : "Kế hoạch khởi động 10-4-2",
  "launch_plan_info" : "Tìm hiểu những bước quan trọng để xây dựng việc kinh doanh QuiAri của bạn lên mức bạn chưa từng nghĩ đến.",
  "lead_capture_link" : "Liên kết trang thu hút khách hàng tiềm năng",
  "left" : "Trái",
  "left_bottom" : "Góc dưới bên trái",
  "left_leg" : "Nhánh trái",
  "left_placement_description" : "Nếu chọn vị trí bên TRÁI, tất cả Nhà phân phối được bảo lãnh cá nhân đều sẽ được đặt ở vị trí trống tiếp theo ở bên ngoài dưới đáy của nhánh trái.",
  "leg_count" : "Số người trong nhánh",
  "legal" : "Pháp lý",
  "lesser_leg_volume" : "Lesser Leg Volume",
  "lesser_volume_leg" : "Lesser Volume Leg",
  "lifestyle" : "Lifestyle",
  "lifestyle_bonus" : "Lifestyle Bonus",
  "limit_product" : "Giới hạn {amount} món trên mỗi đơn hàng",
  "list_account_numbers" : "Liệt kê các số tài khoản",
  "live_opp_pres_english" : "Thứ Ba 11 giờ sáng, 8 giờ tối theo giờ EST\n8 giờ tối Thứ Năm theo giờ EST\n11 giờ sáng Thứ Bảy theo giờ EST\n8 giờ tối Chủ Nhật theo giờ EST",
  "live_opp_pres_french" : "Thứ Hai, Thứ Tư, Thứ Sáu và Thứ Bảy lúc 3 giờ chiều. EST",
  "live_opp_pres_german" : "Thứ Ba & Thứ Năm 2:00 CH theo múi giờ Thái Bình Dương",
  "live_opp_pres_hindi" : "Thứ Hai, Thứ Ba, Thứ Năm, Thứ Sáu, Thứ Bảy 10:00 SA theo múi giờ Thái Bình Dương",
  "live_opp_pres_kannada" : "Thứ Hai, Thứ Tư, Thứ Sáu 11:30 CH / 9:00 CH theo múi giờ Thái Bình Dương",
  "live_opp_pres_south_africa" : "Thứ năm\n1 giờ chiều theo giờ EST",
  "live_opp_pres_spanish" : "Thứ hai, thứ Tư và thứ Sáu\n11 giờ sáng Múi giờ miền Đông\n10 giờ tối Múi giờ miền Đông",
  "live_opp_pres_vietnamese" : "Thứ Hai & Thứ Tư 8:30 SA theo múi giờ Thái Bình Dương",
  "live_opportunity_presentations" : "Mời Khách hàng tiềm năng tham dự Thuyết trình về cơ hội TRỰC TIẾP của chúng tôi diễn ra hàng ngày bằng nhiều ngôn ngữ.",
  "live_opportunity_presentations_title" : "Thuyết trình về cơ hội TRỰC TIẾP",
  "live_presentation_schedules" : "Lịch Thuyết trình Trực tiếp",
  "live_purple_diamond_english" : "Thứ Ba 8:30 CH theo múi giờ Thái Bình Dương Thứ Bảy 3 CH theo múi giờ Thái Bình Dương",
  "live_purple_diamond_french" : "Thứ Bảy 1:00 CH theo múi giờ Thái Bình Dương",
  "live_purple_diamond_guide_training_title" : "Hướng Dẫn Purple Diamond TRỰC TIẾP",
  "live_purple_diamond_guide_trainings" : "Mời các Nhà phân phối tham dự các khóa Đào tạo Hướng dẫn Purple Diamond TRỰC TIẾP của chúng tôi diễn ra hàng ngày bằng nhiều ngôn ngữ.",
  "live_purple_diamond_hindi" : "Thứ Tư 10 SA theo múi giờ Thái Bình Dương",
  "live_purple_diamond_spanish" : "Thứ Bảy 12:30 CH theo múi giờ Thái Bình Dương Thứ Ba 12 CH theo múi giờ Thái Bình Dương",
  "live_purple_diamond_vietnamese" : "Thứ Sáu 8:30 SA theo múi giờ Thái Bình Dương",
  "llc_c_corporation" : "Công ty loại C",
  "llc_proprietary" : "Độc quyền",
  "llc_s_corporation" : "Công ty loại S",
  "llc_tax_classification" : "Phân loại thuế cho công ty TNHH",
  "location" : "Vị trí",
  "log_out" : "Đăng xuất",
  "login" : "Đăng nhập",
  "love" : "LOVE",
  "mailing_address" : "Địa chỉ gửi thư",
  "make_this_my_default_address" : "Chọn địa chỉ này làm địa chỉ mặc định của tôi",
  "make_this_my_default_payment_method" : "Chọn phương thức này làm phương thức thanh toán mặc định của tôi",
  "manage_autodelivery" : "Quản lý AutoDelivery",
  "maqui" : "Maqui",
  "matching_bonus" : "Matching Bonus",
  "medical_and_drug_claims" : "Tuyên bố về Y tế và Thuốc của QuiAri",
  "member_id" : "Mã hội viên",
  "message" : "Tin nhắn",
  "mobile" : "Thông báo trên thiết bị di động",
  "month" : "Tháng | Các tháng",
  "my_account" : "Tài khoản của tôi",
  "my_addresses" : "Địa chỉ của tôi",
  "my_autodelivery" : "AutoDelivery của tôi",
  "my_cart" : "Giỏ hàng của tôi",
  "my_customers" : "Khách hàng của tôi",
  "my_notifications" : "Thông báo của tôi",
  "my_order" : "Đơn hàng của tôi",
  "my_payment_methods" : "Phương thức thanh toán của tôi",
  "my_profile" : "Hồ sơ của tôi",
  "my_promoter" : "Nhà phân phối của tôi",
  "my_promoters" : "Nhà phân phối của tôi",
  "my_ranks" : "Xếp hạng của tôi",
  "my_shipping_addresses" : "Địa chỉ giao hàng của tôi",
  "my_team" : "Nhóm của tôi",
  "my_vouchers" : "Voucher của tôi",
  "name" : "Tên",
  "name_on_card" : "Tên trên thẻ",
  "need_help" : null,
  "new" : "MỚI",
  "new_message" : "Tin nhắn mới",
  "new_password" : "Mật khẩu mới",
  "next" : "Tiếp theo",
  "no" : "Không",
  "no_autodelivery" : "Không có đơn AutoDelivery",
  "no_commission_during_this_period" : "Bạn chưa đạt được xếp hạng hoa hồng nào trong thời gian này.",
  "no_commissions_earned" : "Bạn chưa thu được hoa hồng.",
  "no_payment_method_selected" : "Chưa chọn phương thức thanh toán nào",
  "no_ranks_earned_during_this_period" : "Không đạt được xếp hạng trong giai đoạn này",
  "no_recognition_ranks_during_this_period" : "Bạn chưa có thứ hạng nào được ghi nhận trong thời gian này.",
  "no_shipping_address_selected" : "Chưa chọn địa chỉ giao hàng",
  "no_tracking_information_available" : "Không có thông tin theo dõi đơn hàng",
  "no_volume_earned_during_this_period" : "Không có doanh số trong giai đoạn này",
  "non_qualified" : "Không đạt điều kiện",
  "not_applicable" : "Không khả dụng",
  "notification_preferences" : "Tùy chọn thông báo",
  "notifications_autodelivery_emails" : "Nhận email cập nhật đơn AutoDelivery",
  "notifications_rank_advancement_emails" : "Nhận email báo nâng hạng",
  "notifications_user_joined_emails" : "Nhận email báo khách hàng/nhà phân phối mới tham gia",
  "num_months" : "{amount} Tháng",
  "only_autodelivery" : "Chỉ AutoDelivery",
  "oops" : "Ôi!",
  "open" : "Mở",
  "opportunity" : "Cơ hội",
  "opportunity_presentation" : "Thuyết trình về cơ hội",
  "opportunity_presentation_speaker_notes" : "Ghi chú dành cho diễn giả thuyết trình về cơ hội",
  "optional" : "không bắt buộc",
  "order_date" : "Ngày đặt hàng",
  "order_details" : "Chi tiết đơn hàng",
  "order_history" : "Lịch sử đặt hàng",
  "order_id" : "Mã đơn hàng",
  "order_now" : "Đặt hàng ngay",
  "order_num" : "Mã đơn hàng",
  "order_number" : "Mã đơn hàng #{id}",
  "order_placed_on" : "Đặt hàng vào {date}",
  "order_summary" : "Tóm tắt đơn hàng",
  "order_tracking" : "Theo dõi đơn hàng",
  "ordering_shipping_and_returns" : "Đặt hàng, giao nhận & đổi trả",
  "ordering_shipping_and_returns_faq_1" : "QuiAri có giao sản phẩm đến mọi nơi trên thế giới không?",
  "ordering_shipping_and_returns_faq_1_answer" : "Chắc chắn rồi. Chúng tôi sẽ gửi sản phẩm trực tuyến đến BẤT CỨ ĐÂU trên thế giới.",
  "ordering_shipping_and_returns_faq_2" : "Khi nào tôi sẽ nhận được sản phẩm QuiAri của mình?",
  "ordering_shipping_and_returns_faq_2_answer" : "Đơn hàng của bạn sẽ được gửi đi trong vòng 1 - 2 ngày làm việc. Chúng tôi sử dụng các công ty giao hàng trên thế giới để đảm bảo sản phẩm của bạn được giao nhanh chóng nhất. Tốc độ giao hàng giao động trong vòng 3 - 10 ngày làm việc. Nếu bạn có thắc mắc về theo dõi đơn hàng của bạn, hãy liên hệ đội ngũ hỗ trợ của chúng tôi tại",
  "ordering_shipping_and_returns_faq_3" : "Công ty có Chính sách đối trả như thế nào?",
  "ordering_shipping_and_returns_faq_3_answer_1" : "QuiAri áp dụng chính sách trả hàng trong 30 ngày tính từ ngày đặt hàng cho các sản phẩm đã bán cho tất cả các Nhà phân phối và Khách hàng. Với các sản phẩm chưa mở và ở tình trạng có thể bán lại, chúng tôi sẽ hoàn tiền bằng 100% giá mua ban đầu sau khi khấu trừ 10% phí tái nhập kho.",
  "ordering_shipping_and_returns_faq_3_answer_2" : "Với các sản phẩm đã mở và sử dụng một phần hoặc sản phẩm bị hư hại, chúng tôi sẽ hoàn tiền bằng 50% giá mua ban đầu. Các chi phí vận chuyển và xử lý, thuế, phí và lệ phí khác sẽ không được hoàn lại cho bất kỳ đơn hàng trả lại nào. Xem Chính sách và Quy trình của chúng tôi để tìm hiểu chi tiết toàn văn Chính sách trả hàng.",
  "ordering_shipping_and_returns_faq_3_answer_3" : null,
  "ordering_shipping_and_returns_faq_4" : "QuiAri có cho phép đổi hàng không?",
  "ordering_shipping_and_returns_faq_4_answer" : "Chúng tôi không chấp nhận đổi hàng dưới bất kỳ hình thức nào.",
  "ordering_shipping_and_returns_faq_5" : "Sẽ thế nào nếu sản phẩm của tôi bị hư hại khi tôi nhận được?",
  "ordering_shipping_and_returns_faq_5_answer_1" : "Công ty giao hàng sẽ chịu trách nhiệm đối với các thiệt hại phát sinh trong quá trình vận chuyển. Khi nhận được hàng hóa bị hư hại, Nhà phân phối hoặc Khách hàng cần thực hiện theo quy trình sau:",
  "ordering_shipping_and_returns_faq_5_answer_2" : "Chấp nhận giao hàng",
  "ordering_shipping_and_returns_faq_5_answer_3" : "Ghi lại các hư hại",
  "ordering_shipping_and_returns_faq_5_answer_4" : "Gửi khiếu nại đến công ty giao hàng",
  "ordering_shipping_and_returns_faq_5_answer_5" : "Thông báo cho Bộ phận Hỗ trợ của QuiAri ({0}) trong vòng 24 giờ.",
  "ordering_shipping_and_returns_faq_6" : "Chi phí và thời gian giao hàng của QuiAri như thế nào?",
  "ordering_shipping_and_returns_faq_6_answer" : "Công ty giao hàng sẽ chịu trách nhiệm đối với các thiệt hại phát sinh trong quá trình vận chuyển. Khi nhận được hàng hóa bị hư hại, Nhà phân phối hoặc Khách hàng cần thực hiện theo quy trình sau:",
  "orders" : "Đơn hàng",
  "other" : "Khác",
  "p65_site" : "www.P65Warnings.ca.gov",
  "packages" : "Kiện hàng",
  "paid_on" : "Đã chi trả vào",
  "password" : "Mật khẩu",
  "password_updated" : "Mật khẩu của quý vị đã được cập nhật!",
  "payment" : "Thanh toán",
  "payment_issue" : "Có vấn đề với phương thức thanh toán của bạn.",
  "payment_method" : "Phương thức thanh toán",
  "payment_method_instructions" : "Nhập thông tin ở dưới để thêm phương thức thanh toán này.",
  "payment_method_required" : "Phương thức thanh toán là thông tin bắt buộc",
  "payment_method_required_description" : "Bạn phải chọn phương thức thanh toán",
  "personally_sponsored_rank_history" : "Lịch sử xếp hạng bảo lãnh cá nhân",
  "phone_number" : "Số điện thoại",
  "placed_on" : "Đặt hàng vào",
  "placing_order" : "Đang tạo đơn hàng...",
  "policies_and_procedures" : "Chính sách và Quy trình",
  "postal_code" : "Mã bưu chính",
  "prepaid_autodelivery" : "AutoDelivery Trả Trước",
  "prepaid_autodelivery_description" : "AutoDelivery Trả Trước là chương trình giao hàng hàng tháng của QuiAri. Tương tự các dịch vụ dựa trên đăng ký, AutoDelivery Trả Trước được thiết kế để các khách hàng và nhà phân phối tự động nhận sản phẩm QuiAri yêu thích hàng tháng một cách thuận tiện. Đây là Tin tức TUYỆT VỜI – AutoDelivery Trả Trước cũng giúp bạn tiết kiệm thêm 10% -12% mỗi tháng.",
  "prepaid_months_remaining" : "{amount} tháng trả trước còn lại",
  "prepaid_no_refund_description" : null,
  "previous" : "Trước",
  "previous_month_rank" : "Xếp hạng ở các tháng trước",
  "price" : "Giá",
  "primary" : "Chính",
  "primary_address" : "Primary Address",
  "prime_gel_description" : "Thành phần: 1 Hộp Prime Gel (30 lần dùng)",
  "prime_gel_only_packs" : "Gói chỉ có Prime Gel",
  "priority_shipping" : "Vận chuyển ưu tiên",
  "product" : "Sản phẩm",
  "product_brochure" : "Tài liệu giới thiệu sản phẩm",
  "product_day_supply" : "Lượng dùng trong {num} ngày",
  "product_launch_plan_booklet" : "10-4-2 Kế hoạch ra mắt (Cẩm nang)",
  "product_month_supply" : "Lượng dùng trong {num} tháng",
  "product_pdfs" : "Tài liệu PDF về sản phẩm",
  "products" : "Sản phẩm",
  "products_faq_1" : "Tôi có thể tìm thêm thông tin về sản phẩm của QuiAri ở đâu?",
  "products_faq_10" : "QuiAri Energy có giúp tôi giảm cân không?",
  "products_faq_10_answer_1" : "Các thành phần độc quyền của chúng tôi phối hợp với nhau để thúc đẩy quá trình giảm cân và tăng cường năng lượng.",
  "products_faq_10_answer_2" : "Trái maqui là siêu trái cây số 1 mới, chứa lượng chất chống oxy hóa nhiều gấp 5 lần so với bất cứ loại siêu trái cây nào khác. MaquiX® là chiết xuất hữu cơ siêu cô đặc giúp tăng cường năng lượng tự nhiên của trái maqui.",
  "products_faq_10_answer_3_1" : "Chiết xuất trà xanh",
  "products_faq_10_answer_3_2" : "Chiết xuất trà xanh có thể khởi động quá trình giảm cân khi dùng kết hợp với một chế độ ăn lành mạnh và tập thể dục.",
  "products_faq_10_answer_4_1" : "Hỗn hợp năng lượng",
  "products_faq_10_answer_4_2" : "Là mấu chốt của quá trình sinh nhiệt giảm cân, Hỗn hợp năng lượng độc đáo của chúng tôi giúp bạn đốt calo và mỡ để giảm cân hiệu quả",
  "products_faq_11" : "Trong Hỗn hợp năng lượng của chúng tôi có gì?",
  "products_faq_11_answer_1" : "Hỗn hợp năng lượng của chúng tôi là sự kết hợp của các thành phần được tinh chỉnh ở mức cao độ, được thiết kế để luôn ở chế độ đốt mỡ lý tưởng.",
  "products_faq_11_answer_2_1" : "Vỏ cây quế",
  "products_faq_11_answer_2_2" : "Có khả năng hỗ trợ sức khỏe hệ tiêu hóa và giúp tiêu viêm",
  "products_faq_11_answer_3_1" : "Ớt cayenne",
  "products_faq_11_answer_3_2" : "Giúp tăng cường trao đổi chất, giúp giảm cảm giác thèm ăn và hỗ trợ sức khỏe hệ tiêu hóa",
  "products_faq_11_answer_4_1" : "Tiêu đen",
  "products_faq_11_answer_4_2" : "Chứa chất oxy hóa và thúc đẩy hấp thu dưỡng chất",
  "products_faq_11_answer_5_1" : "Củ gừng",
  "products_faq_11_answer_5_2" : "Thúc đẩy tiêu hóa khỏe mạnh và giúp chống viêm",
  "products_faq_12" : "QuiAri Energy cho tôi bao nhiêu năng lượng?",
  "products_faq_12_answer" : "QuiAri Energy là sản phẩm tăng cường năng lượng sạch và lành mạnh nhất! Với sự trợ giúp từ chiết xuất từ hạt cà phê xanh, MaquiX™ và chiết xuất trà xanh, QuiAri Energy cung cấp 150 mg năng lượng tự nhiên, tương đương với một đến hai tách cà phê, cho bạn sự bền bỉ trong suốt cả ngày!",
  "products_faq_13" : "Tôi nhận được bao nhiêu khẩu phần QuiAri Energy?",
  "products_faq_13_answer" : "Mỗi chai hoặc túi gói đơn cung cấp lượng viên nén đủ dùng cho một tháng.",
  "products_faq_14" : "Maqui là gì?",
  "products_faq_14_answer" : "Chỉ có thể tìm thấy trên những dãy núi nguyên sơ thuộc vùng Patagonia, Chile, trái maqui được biết đến suốt nhiều thế kỷ bởi chất dinh dưỡng và lợi ích của nó đối với sức khỏe. Trái maqui chứa chất chống oxy hóa nhiều hơn đến gấp 5 lần bất kỳ siêu trái cây nào từng biết đến trước đây.",
  "products_faq_15" : "MaquiX™ là gì?",
  "products_faq_15_answer" : "QuiAri đã cộng tác với nhà nghiên cứu hàng đầu thế giới về trái maqui để tạo ra MaquiX®, một chiết xuất hữu cơ siêu cô đặc độc quyền, giúp tăng cường sức mạnh của trái maqui đến gấp 10 lần.",
  "products_faq_16" : "90-Day Kickstart Challenge là gì?",
  "products_faq_16_answer_1" : "90-Day Kickstart Challenge gồm 2 bước thay đổi phong cách sống, giúp cải thiện ngoại hình và trạng thái của bạn một cách NHANH CHÓNG.",
  "products_faq_16_answer_2" : "Bước 1: Thưởng thức QuiAri Shake thơm ngon là việc đầu tiên trong buổi sáng",
  "products_faq_16_answer_3" : "Bước 2: Sử dụng viên thực phẩm chức năng QuiAri Energy và nhận lấy nguồn năng lượng bạn cần để chinh phục ngày mới",
  "products_faq_16_answer_4" : "Chỉ vậy thôi – thử thách hoàn thành. Chỉ trong 90 ngày, bạn sẽ nâng sức khỏe và năng lượng của mình tầm cao mới.",
  "products_faq_17" : "Tôi có thể sử dụng sản phẩm QuiAri nếu có bệnh lý hoặc đang sử dụng thuốc không?",
  "products_faq_17_answer" : "Nếu bạn có bệnh lý hoặc đang sử dụng thuốc, vui lòng tham khảo ý kiến bác sĩ trước khi sử dụng sản phẩm QuiAri.",
  "products_faq_18" : "Tôi có thể nói gì về sản phẩm khi quảng bá cho QuiAri?",
  "products_faq_18_answer" : "Xem {0}",
  "products_faq_19" : "Tôi có thể mua sản phẩm QuiAri khi không có mã Nhà phân phối giới thiệu không?",
  "products_faq_19_answer" : "Bạn cần cung cấp mã Nhà phân phối giới thiệu để mua sản phẩm. Nếu Nhà phân phối đã giới thiệu bạn biết đến QuiAri chưa cho bạn biết mã của họ, vui lòng liên hệ trực tiếp với họ. Bạn không có mã Nhà phân phối? Hãy liên hệ {0} để được trợ giúp về đơn hàng.",
  "products_faq_1_answer" : "Vui lòng tham khảo {0] của chúng tôi để biết thông tin chi tiết về các sản phẩm QuiAri:",
  "products_faq_2" : "Tôi nên uống QuiAri Shake vào lúc nào?",
  "products_faq_20" : "Tôi nên làm gì nếu yêu thích sản phẩm QuiAri đến mức muốn trở thành Nhà phân phối của QuiAri?",
  "products_faq_20_answer" : "Trở thành Nhà phân phối của QuiAri rất dễ dàng. Bạn có thể đăng ký trong Cổng thông tin khách hàng miễn phí. Ngay lập tức, bạn sẽ nhận được mọi thứ bạn cần để bắt đầu xây dựng hoạt động kinh doanh QuiAri của mình: trang web tiếp thị tự sao chép, cổng thông tin hỗ trợ, ứng dụng di động và hơn thế nữa.",
  "products_faq_21" : "Làm thế nào để sử dụng sản phẩm?",
  "products_faq_21_answer_1" : "Bước 1: Thưởng thức QuiAri Shake thơm ngon là việc đầu tiên trong buổi sáng",
  "products_faq_21_answer_2" : "Bước 2: Sử dụng 1-2 viên thực phẩm chức năng QuiAri Energy và nhận lấy nguồn năng lượng bạn cần để chinh phục ngày mới",
  "products_faq_21_answer_3" : "Bước 3: Uống 1-2 Gói Gel thơm ngon trong suốt cả ngày dài. Chỉ cần xé và nhâm nhi!",
  "products_faq_22" : "Giá của gói Nhà phân phối là bao nhiêu và bạn được nhận những gì?",
  "products_faq_22_answer_1" : "Các Gói Nhà phân phối mới như sau:",
  "products_faq_22_answer_10" : "4 Túi QuiAri Shake và 4 Chai QuiAri Energy",
  "products_faq_22_answer_11" : "7 Gói: $1199 USD (500 SV) Hời Nhất!",
  "products_faq_22_answer_12" : "6 tháng Speed Bonus KHÔNG GIỚI HẠN",
  "products_faq_22_answer_13" : "7 Túi QuiAri Shake và 7 Chai QuiAri Energy",
  "products_faq_22_answer_14" : "",
  "products_faq_22_answer_15" : "",
  "products_faq_22_answer_16" : "",
  "products_faq_22_answer_17" : "",
  "products_faq_22_answer_18" : "",
  "products_faq_22_answer_19" : "",
  "products_faq_22_answer_2" : "1 Gói: $125 USD (75 SV)",
  "products_faq_22_answer_20" : "",
  "products_faq_22_answer_21" : "",
  "products_faq_22_answer_22" : "",
  "products_faq_22_answer_23" : "",
  "products_faq_22_answer_24" : "",
  "products_faq_22_answer_25" : "",
  "products_faq_22_answer_26" : "",
  "products_faq_22_answer_27" : "",
  "products_faq_22_answer_3" : "1 tháng Speed Bonus KHÔNG GIỚI HẠN",
  "products_faq_22_answer_4" : "1 Túi QuiAri Shake và 1 Chai QuiAri Energy",
  "products_faq_22_answer_5" : "2 Pack: $250 USD (150 SV)",
  "products_faq_22_answer_6" : "2 tháng Speed Bonus KHÔNG GIỚI HẠN",
  "products_faq_22_answer_7" : "2 Túi QuiAri Shake và 2 Chai QuiAri Energy",
  "products_faq_22_answer_8" : "4 Pack: $500 USD (300 SV)",
  "products_faq_22_answer_9" : "3 tháng Speed Bonus KHÔNG GIỚI HẠN",
  "products_faq_23" : "Speed Bonus có được cung cấp mỗi khi tôi đặt Gói Sản phẩm không?",
  "products_faq_23_answer_1" : "Số Speed Bonus chỉ được tính dựa trên Gói Sản Phẩm được mua đầu tiên.",
  "products_faq_23_answer_2" : "Bạn có 1 năm kể từ thời điểm mua hàng để đổi voucher.",
  "products_faq_23_answer_3" : "Xin lưu ý rằng số lượng voucher không áp dụng đối với chi phí nâng cấp lên gói đơn, phí giao hàng, thuế, VAT, hoặc lệ phí nhập khẩu sản phẩm quốc tế. Nhà phân phối phải trả những chi phí này khi đổi voucher trong cổng thông tin Nhà phân phối QuiAri.",
  "products_faq_23_answer_4" : "",
  "products_faq_24" : "QuiAri Prime Là Gì?",
  "products_faq_24_answer_1" : "Gel Prime của chúng tôi là sự pha trộn tuyệt hảo của các thành phần độc quyền, đã được khoa học chứng minh, được lựa chọn đặc biệt cho mức độ chống oxy hóa chống lão hóa mạnh mẽ, thành phần dinh dưỡng và hương vị hấp dẫn. Ngoài quả mọng Maqui, MaquiX®, S.O.D., Resveratrol, & Pterostilbene (hỗn hợp Youth X của chúng tôi), Prime còn được tăng cường chiết xuất lô hội, hạt nho và trà xanh nhằm phục hồi mạnh mẽ khỏi tổn thương gốc tự do, bảo vệ tế bào chống lại tác hại trong tương lai, và đảo ngược các dấu hiệu lão hóa.",
  "products_faq_25" : "Cách sử dụng Prime như thế nào?",
  "products_faq_25_answer_1" : "Chỉ cần xé và nhâm nhi! Uống 1-2 Gói Gel thơm ngon trong suốt cả ngày dài.",
  "products_faq_2_answer" : "Hãy uống QuiAri Shake trước nhất vào buổi sáng để khởi động ngày mới hiệu quả!",
  "products_faq_3" : "Uống QuiAri Shake có giúp tôi giảm cân không?",
  "products_faq_3_answer_1" : "QuiAri Shake là hỗn hợp pha trộn độc quyền gồm các thành phần phối hợp với nhau để hỗ trợ giảm cân:",
  "products_faq_3_answer_2" : "Trái maqui là siêu trái cây số 1 mới, chứa lượng chất chống oxy hóa nhiều gấp 5 lần so với bất cứ loại siêu trái cây nào khác. MaquiX® là chiết xuất hữu cơ siêu cô đặc độc quyền của chúng tôi, thổi bùng năng lượng tự nhiên của trái maqui.",
  "products_faq_3_answer_3" : "Với thành phần có sữa nước, QuiAri Shake chứa 16g protein mỗi khẩu phần, giúp kìm hãm cảm giác thèm ăn và kiểm soát cân nặng cũng như mang lại nhiều lợi ích khác!",
  "products_faq_4" : "Trong QuiAri Shake có bao nhiêu calo?",
  "products_faq_4_answer" : "QuiAri Shake chỉ chứa 120 calo mỗi khẩu phần.",
  "products_faq_5" : "QuiAri Shake có phải là sản phẩm không chứa gluten không?",
  "products_faq_5_answer" : "Đúng vậy, QuiAri Shake không chứa gluten.",
  "products_faq_6" : "QuiAri Shake có chứa thêm đường không?",
  "products_faq_6_answer" : "QuiAri Shake KHÔNG chứa thêm đường.",
  "products_faq_7" : "Trong mỗi túi QuiAri Shake có bao nhiêu khẩu phần?",
  "products_faq_7_answer" : "Với 28 khẩu phần, mỗi túi có đủ lượng hỗn hợp lắc cho một tháng.",
  "products_faq_8" : "QuiAri sử dụng những loại rau xanh nào trong Hỗn hợp rau xanh?",
  "products_faq_8_answer" : "QuiAri Shake sử dụng những loại rau xanh mạnh mẽ để giúp kiểm soát cân nặng và tăng cường trao đổi chất cho bạn.",
  "products_faq_8_answer_1_1" : "Rau chân vịt",
  "products_faq_8_answer_1_2" : "Hỗ trợ quá trình lão hóa lành mạnh và huyết áp tốt",
  "products_faq_8_answer_2_1" : "Tảo chlorella",
  "products_faq_8_answer_2_2" : "Hỗ trợ quá trình lão hóa lành mạnh và tăng cường hệ miễn dịch",
  "products_faq_8_answer_3_1" : "Chiết xuất chồi bông cải xanh",
  "products_faq_8_answer_3_2" : "Hỗ trợ làn da khỏe mạnh",
  "products_faq_8_answer_4_1" : "Cải kale",
  "products_faq_8_answer_4_2" : "Hỗ trợ giảm cân, cung cấp chất chống oxy hóa và Vitamin C",
  "products_faq_8_answer_5_1" : "Cỏ linh lăng",
  "products_faq_8_answer_5_2" : "Hỗ trợ trao đổi chất khỏe mạnh",
  "products_faq_8_answer_6_1" : "Tảo spirulina",
  "products_faq_8_answer_6_2" : "Hỗ trợ sức khỏe toàn diện với nhiều dưỡng chất và nồng độ protein cao",
  "products_faq_9" : "Tôi nên sử dụng QuiAri Energy vào lúc nào?",
  "products_faq_9_answer" : "Uống 1 viên, hai lần mỗi ngày. Uống ít nhất 8 ly nước mỗi ngày. QuiAri Energy đạt hiệu quả tối ưu khi sử dụng cùng với QuiAri Shake và QuiAri Prime Gel.",
  "profile_name_validation_message" : "Tên phải dưới 100 ký tự.",
  "promoter_details" : "Thông tin Nhà phân phối",
  "promoter_id" : "Mã nhà phân phối",
  "promoter_package_kickstart_description" : "Đó là lựa chọn hoàn hảo cho 1 người để bắt đầu Kickstart Challenge và cung cấp đủ lượng sản phẩm để người đó dùng trong 4 tuần.",
  "promoter_upgrade" : "Tài khoản của quý vị đã được nâng cấp lên thành nhà phân phối.",
  "purple_diamond_guide" : "Hướng dẫn Purple Diamond",
  "purple_diamond_guide_description" : "Thực hiện theo các bước đơn giản sau để đạt được thứ hạng Purple Diamond.",
  "purple_diamond_guide_training_slides" : "Trang Chiếu Hướng Dẫn Purple Diamond",
  "qualifications" : "Tiêu chuẩn",
  "qualifications_active" : "Đang hoạt động",
  "qualifications_join_date" : "Ngày tham gia",
  "qualifications_personal_sales_vol" : "Personal Sales Volume",
  "qualifications_previous_month_commission_rank" : "Xếp hạng hoa hồng tháng trước",
  "qualifications_recognition_rank" : "Xếp hạng được công nhận",
  "qualifications_speed_bonus_vol" : "Speed Bonus Volume",
  "qualified" : "Đạt điều kiện",
  "quantity" : "Số lượng",
  "quiari_medical_and_drug_claims" : "Tuyên bố về Y tế và Thuốc của QuiAri",
  "quiari_mobile_app" : "Ứng dụng di động QuiAri",
  "quiari_promoter_id" : "Mã nhà phân phối QuiAri",
  "quiari_swag_description" : "Mua Vật Phẩm Cho Bạn Trang bị mọi thứ bạn cần cho doanh nghiệp của mình: Mũ, quần áo thể thao, bình lắc, đề can xe hơi, v.v.!",
  "quiari_testimonial" : "Nhận xét QuiAri",
  "quiari_testimonial_info" : "Điền vào các trường bên dưới để chia sẻ câu chuyện thành công của bạn hoặc thông điệp truyền cảm hứng cho các Nhà phân phối khác trong QuiAri!",
  "rank" : "Rank",
  "rank_advancement" : "Nâng hạng",
  "rank_and_bonuses" : "Xếp hạng & thưởng",
  "rank_champion" : "Champion",
  "rank_crown_purple_diamond" : "Crown Purple Diamond",
  "rank_diamond" : "Diamond",
  "rank_grand_purple_diamond" : "Grand Purple Diamond",
  "rank_green_diamond" : "Green Diamond",
  "rank_hero" : "Hero",
  "rank_history" : "Lịch Sử Xếp Hạng",
  "rank_legend" : "Legend",
  "rank_promoter" : "Promoter",
  "rank_purple_diamond" : "Purple Diamond",
  "rank_qualification" : "Tiêu chuẩn xếp hạng",
  "rank_qualification_faq_1" : "Làm thế nào để đạt được từng thứ hạng?",
  "rank_qualification_faq_1_answer_1" : "Mỗi thứ hạng yêu cầu phải đạt được một mức Sales Volume cụ thể dựa trên Lesser Volume Leg trong tháng tính hoa hồng.",
  "rank_qualification_faq_1_answer_2" : "Phương Án Chi Trả Hoa Hồng",
  "rank_qualification_faq_2" : "Xếp hạng hoa hồng và xếp hạng công nhận có gì khác nhau?",
  "rank_qualification_faq_2_answer_1" : "Xếp hạng hoa hồng là thứ hạng mà bạn được chi trả. Thứ hạng này được xác định dựa trên Sales Volume (SV) và các yêu cầu khác ở trong Kế hoạch trả thưởng của QuiAri trong tháng tính hoa hồng bất kỳ.",
  "rank_qualification_faq_2_answer_2" : "Xếp hạng công nhận là thứ hạng cao nhất mà bạn từng đạt được.",
  "rank_qualification_faq_3" : "Khi nào sẽ tiến hành đánh giá xếp hạng hoa hồng?",
  "rank_qualification_faq_3_answer" : "Commission rank được đánh giá vào ngày đầu tiên của tháng và căn cứ theo (các) tháng trước đó. Xin lưu ý rằng ngày cuối tháng của chúng tôi được tính vào lúc nửa đêm, UTC (Giờ Phối hợp Quốc tế).",
  "rank_rising_star" : "Rising Star",
  "rank_rock_star" : "Rock Star",
  "rank_shooting_star" : "Shooting Star",
  "rank_star" : "Star",
  "rank_super_star" : "Super Star",
  "reason" : "Lý do",
  "recognition" : "Sự công nhận",
  "recognition_rank" : "Xếp hạng được công nhận",
  "recover" : "Khôi phục",
  "recover_account" : "Khôi phục tài khoản",
  "recover_account_description" : "Nhập địa chỉ email mà bạn sử dụng để đăng nhập vào QuiAri. Chúng tôi sẽ gửi một email tới địa chỉ mà bạn cung cấp kèm theo hướng dẫn thực hiện khôi phục.",
  "recover_invalid_email" : "Địa chỉ email đã cung cấp cho lần khôi phục này là không hợp lệ.",
  "recover_max_limit_reached" : "Bạn đã đến giới hạn số lần yêu cầu khôi phục tối đa. Thử lại sau 24 giờ.",
  "recover_successful" : "Chúng tôi đã gửi email hướng dẫn đặt lại mật khẩu.",
  "redeem_now" : "Đổi thưởng ngay",
  "redeem_voucher" : "Đổi voucher",
  "redeemable_on" : "Có thể đổi thưởng vào",
  "redeemed_on" : "Đổi thưởng vào",
  "refund" : "Hoàn tiền",
  "refund_processed" : "Đã xử lý hoàn tiền vào {date} với số tiền {amount}",
  "remove" : "Xóa",
  "remove_all" : "Xóa tất cả",
  "reorder" : "Đặt hàng lại",
  "reports" : "Báo cáo",
  "required" : "Bắt buộc",
  "reset" : "Đặt lại",
  "resources" : "Nguồn",
  "results" : "Kết quả",
  "review_order" : "Xem lại đơn hàng",
  "review_order_8" : "Xem lại tổng số",
  "review_package" : null,
  "review_products" : null,
  "right" : "Bên phải",
  "right_bottom" : "Góc dưới bên phải",
  "right_leg" : "Nhánh phải",
  "right_placement_description" : "Nếu tùy chọn vị trí PHẢI, tất cả các Nhà phân phối được bảo lãnh cá nhân đều sẽ được đặt ở vị trí trống tiếp theo ở bên ngoài dưới cùng của nhánh phải.",
  "sales" : "Bán hàng",
  "sales_receipt" : "Biên lai bán hàng",
  "sales_reciept" : "Biên lai bán hàng",
  "sales_volume" : "Sales Volume",
  "sales_volume_amount" : "{amount} Sales Volume",
  "sales_volume_left" : "Sales Volume bên trái",
  "sales_volume_right" : "Sales Volume bên phải",
  "sample_cards" : "Thẻ mẫu",
  "sampler_pack_description" : "Bao gồm nguồn cung QuiAri Shake (túi) và QuiAri Energy (gói) đủ dùng trong 5 ngày cho mục đích sử dụng cá nhân.",
  "save" : "TIẾT KIỆM {amount}",
  "save_autodelivery" : "Tiết kiệm với AutoDelivery",
  "save_changes" : "Lưu thay đổi",
  "savings" : "Tiết kiệm ({amount}%)",
  "search" : "Tìm kiếm",
  "search_error" : "Lỗi tìm kiếm",
  "see_instructions" : "Xem hướng dẫn",
  "select" : "Chọn",
  "select_a_country_to_view_options" : "Chọn quốc gia để xem các phương án",
  "select_card" : "Chọn thẻ",
  "select_language" : "Lựa chọn ngôn ngữ",
  "select_payment_type" : "Lựa chọn phương thức thanh toán",
  "select_preferred_payment_method" : "Chọn phương thức thanh toán ưu tiên",
  "select_products" : "Chọn sản phẩm",
  "self_replication_prefix" : "Tiền tố tự sao chép",
  "self_replication_prefix_description" : "Tiền tố tự sao chép được sử dụng để xác định URL trang web của bạn. Ví dụ, nếu tiền tố tự sao chép của bạn là \"quiarirocks\", thì URL sẽ là https://quiarirocks.quiari.com.",
  "sent" : "Đã gửi",
  "serving_bag" : "Túi gồm {amount} khẩu phần",
  "settings" : "Cài đặt",
  "setup_ewallet_account" : "Thiết lập tài khoản Ví điện tử",
  "shake_chocolate_description" : "Thành phần: 1 Túi cỡ lớn Shake vị Sô-cô-la (28 lần dùng)",
  "shake_chocolate_single_description" : "Thành phần: 1 Túi Shake vị Sô-cô-la (14 lần dùng)",
  "shake_energy_packs" : "Gói Shake & Energy",
  "shake_energy_prime_packs" : "Gói Shake, Energy, & Prime Gel",
  "shake_vanilla_description" : "Thành phần: 1 Túi cỡ lớn Shake vị Vani (28 lần dùng)",
  "shake_vanilla_single_description" : "Thành phần: 1 Túi Shake vị Vani (14 lần dùng)",
  "share" : "SHARE",
  "share_using_self_replicated_website" : "Chia sẻ QuiAri bằng cách sử dụng trang web tự sao chép của bạn",
  "shipped_to" : "Đã giao hàng đến",
  "shipping_Rates_individual_1" : "Hàng lẻ (đơn hàng dưới $50 USD)",
  "shipping_Rates_individual_2" : "Hàng lẻ (đơn hàng trên $50 USD)",
  "shipping_address" : "Địa chỉ giao hàng",
  "shipping_address_and_billing_information" : "Địa chỉ giao hàng & Thông tin thanh toán",
  "shipping_address_create" : "Tạo địa chỉ giao hàng mới",
  "shipping_address_required" : "Bạn phải điền địa chỉ giao hàng",
  "shipping_address_required_description" : "Bạn phải chọn một địa chỉ giao hàng",
  "shipping_and_billing_information" : "Thông tin giao hàng & thanh toán",
  "shipping_and_billing_information_description" : "Chọn địa chỉ giao hàng và thanh toán cũng như phương thức thanh toán ưu tiên.",
  "shipping_and_handling" : "Giao và xử lý đơn hàng",
  "shipping_autodelivery" : "Sử dụng địa chỉ giao hàng này cho đơn hàng AutoDelivery tiếp theo của tôi",
  "shipping_estimate" : "Vui lòng chờ giao hàng trong vòng 2-10 ngày làm việc. Thời gian giao hàng sẽ thay đổi tùy theo địa điểm của bạn.",
  "shipping_information" : "Thông tin giao hàng",
  "shop_now" : "Mua Ngay",
  "shopping_cart_1" : "1 tháng sử dụng QuiAri Shake & QuiAri Energy",
  "showing" : "Hiển thị",
  "sign_here" : "Ký tên ở đây",
  "single_serve_upgrade_description" : "Nâng cấp toàn bộ đơn hàng lên gói đơn để được nhận thêm {amount}",
  "social_media_best_practices" : "Social Media Best Practices",
  "social_security_number" : "Số an sinh xã hội",
  "speed_bonus" : "Speed Bonus",
  "speed_bonus_countdown" : "Đếm ngược Speed Bonus",
  "sponsor" : "Người bảo lãnh",
  "sponsor_id" : "Mã người bảo lãnh",
  "sponsor_link" : "Liên kết người bảo lãnh",
  "sponsor_placement_description" : "Once Placed, Cannot Move as Calculations are made and Paid in Real Time",
  "sponsorship_sign_up" : "Đăng ký người bảo lãnh",
  "sponsorship_sign_up_description" : "Gửi email hoặc gửi tin nhắn có liên kết ghi danh này cho Đối tượng tiềm năng hoặc sao chép liên kết để tự điền đơn ghi danh.",
  "sponsorship_sign_up_sponsor_id" : "Nếu bạn không phải là người bảo lãnh của Đối tượng tiềm năng này, hãy nhập Mã người bảo lãnh ở bên dưới",
  "standard_pack_description" : "Thành phần: 2 Hộp Prime Gel 2 Túi cỡ lớn Shake (Vị Sô-cô-la hoặc Vani) 2 Chai Energy",
  "state_province" : "Tiểu bang / Tỉnh",
  "store_description" : "Chọn tối đa 5 QuiAri Shakes và 5 QuiAri Energy",
  "subject" : "Chủ đề",
  "submit" : "Gửi",
  "submit_for_review" : "Gửi để xem xét",
  "submitted" : "Đã gửi",
  "subtotal" : "Thành tiền",
  "support" : "Sự hỗ trợ",
  "support_email" : "support{'@'}quiari.com",
  "support_request" : "Yêu cầu hỗ trợ",
  "support_request_text" : "Điền các trường dưới đây và nhân viên đại diện hỗ trợ sẽ phản hồi trong thời gian sớm nhất.",
  "swag_store" : "Cửa hàng đồ giá rẻ",
  "tablet_bottle" : "{amount} Chai viên nén",
  "tablet_single_serve_packets" : "{amount} gói đơn ({tablet_count} viên nén)",
  "tax_classification_c_corporation" : "Công ty loại C",
  "tax_classification_individual" : "Chủ sở hữu doanh nghiệp tư nhân/cá thể",
  "tax_classification_partnership" : "Công ty hợp danh",
  "tax_classification_s_corporation" : "Công ty loại S",
  "tax_classification_trust_or_estate" : "Quỹ tín thác/Tài sản",
  "tax_id" : "Mã số thuế",
  "tax_payer_identification_number" : "Mã định danh người đóng thuế",
  "taxes" : "Thuế",
  "taxes_and_duties" : "Thuế và các nghĩa vụ khác",
  "team_commissions" : "Team Commissions",
  "text_copied" : "Đã sao chép văn bản vào bộ nhớ tạm",
  "total" : "Tổng",
  "total_commissions_summary" : "Tổng hợp toàn bộ hoa hồng",
  "total_personal_sales_volume_by_month" : "Tổng Personal Sales Volume theo tháng",
  "track_order" : "Theo dõi đơn hàng",
  "training" : "Đào tạo",
  "try" : "TRY",
  "try_love_share_launch_plan" : "Try. Love. Share® Kế Hoạch Khởi Động",
  "try_love_share_launch_plan_description" : "Giúp doanh nghiệp của bạn BẮT ĐẦU NHANH CHÓNG bằng Hệ thống mẫu đơn giản của chúng tôi.",
  "type" : "Loại",
  "unlimited_speed_bonuses" : "{num} {month} Speed Bonus Không giới hạn",
  "update" : "Cập nhật",
  "update_address" : "Cập nhật địa chỉ",
  "update_address_info" : "Nhập thông tin ở dưới để quản lý địa chỉ này.",
  "update_autodelivery" : "Cập nhật AutoDelivery",
  "update_autodelivery_date" : "Cập nhật ngày AutoDelivery",
  "update_password" : "Cập nhật mật khẩu",
  "update_password_incorrect" : "Bạn đã điền sai mật khẩu, vui lòng nhập lại để tiếp tục.",
  "update_password_not_match" : "Mật khẩu bạn nhập không khớp. Vui lòng kiểm tra và thử lại.",
  "update_password_text" : "Cập nhật mật khẩu tài khoản của bạn để đăng nhập Điều này sẽ có hiệu lực ngay lập tức.",
  "update_payment_method" : "Cập nhật phương thức thanh toán",
  "update_payment_method_instructions" : "Nhập thông tin ở dưới để quản lý phương thức thanh toán này.",
  "us_based_promoters" : "Nhà phân phối tại Hoa Kỳ",
  "vanilla" : "Vanilla",
  "verify" : "Xác minh",
  "videos" : "Video",
  "view_cart" : "Xem giỏ hàng",
  "view_details" : "Xem chi tiết.",
  "view_international_numbers" : "Xem các số quốc tế",
  "view_qualifications" : "Xem chứng chỉ",
  "view_world_wide_shipping_document" : "Để ước tính thời gian và đơn giá vận chuyển, vui lòng tham khảo tài liệu {0} của chúng tôi.",
  "volume" : "Doanh số",
  "volume_history" : "Lịch sử doanh số",
  "volume_history_by_month" : "Lịch sử doanh số hiện tại",
  "volume_history_by_year" : "Tóm tắt lịch sử doanh số theo năm",
  "volume_history_summary_by_month" : "Tổng hợp doanh số theo tháng",
  "volume_history_summary_by_year" : "Tổng hợp doanh số theo năm",
  "volume_needed_for_next_rank" : "Doanh số cần để đạt tới thứ hạng tiếp theo:",
  "volume_summary_by_month" : "Tổng hợp doanh số theo tháng",
  "volume_summary_by_year" : "Tổng hợp doanh số theo năm",
  "w9_and_instructions_pdf" : "Mẫu W-9 và hướng dẫn dạng PDF",
  "w9_certification" : "Giấy xác nhận",
  "w9_certification_1" : "Dưới hình phạt về tội khai man, tôi xác nhận rằng:",
  "w9_certification_2" : "Con số trình bày trên mẫu này là mã định danh người đóng thuế chính xác của tôi (hoặc tôi đang chờ được cấp số); và",
  "w9_certification_3" : "Tôi không bị khấu trừ dự phòng bởi vì:",
  "w9_certification_4" : "Tôi được miễn khấu trừ dự phòng, hoặc",
  "w9_certification_5" : "Tôi chưa được Sở Thuế Vụ (IRS) thông báo là tôi phải bị khấu trừ dự phòng do không khai báo hết lợi tức hoặc cổ tức, hoặc",
  "w9_certification_6" : "IRS đã thông báo cho tôi rằng tôi không còn bị khấu trừ dự phòng nữa; và",
  "w9_certification_7" : "Tôi là công dân Hoa Kỳ hoặc cá nhân khác của Hoa Kỳ (được định nghĩa dưới đây); và",
  "w9_certification_8" : "(Các) mã FATCA được nhập trên mẫu này (nếu có) cho thấy tôi được miễn khai báo FATCA là chính xác.",
  "w9_certification_9" : "Hướng dẫn xác nhận. Bạn phải gạch bỏ mục 2 ở trên nếu bạn đã được IRS thông báo rằng bạn hiện phải bị khấu trừ dự phòng do đã không khai báo hết lợi tức và cổ tức trên bản kê khai thuế của bạn. Mục 2 không áp dụng cho các giao dịch bất động sản. Với lợi tức cầm cố được chi trả, hoạt động mua lại hoặc bỏ hoang tài sản đã sử dụng, xóa nợ, vốn góp vào một thỏa thuận hưu trí cá nhân (IRA) và các khoản thanh toán nói chung ngoài lợi tức và cổ tức, bạn không phải ký xác nhận nhưng phải cung cấp mã định danh người đóng thuế (TIN) chính xác. Xem hướng dẫn với Phần II ở phần tiếp theo.",
  "w9_form" : "Mẫu W-9 của IRS",
  "w9_notice" : "Bạn phải điền trường {0} bắt buộc để hoàn thành quy trình đăng ký tài khoản Ví điện tử.",
  "w9_registration_form" : "Mẫu ghi danh W-9",
  "w9_submit_error" : "Đã xảy ra sự cố",
  "w9_submit_error_description" : "Đã xảy ra lỗi. Vui lòng thử lại sau vài phút.",
  "w9_submitted" : "Đã nộp mẫu W-9 thành công",
  "w9_submitted_description" : "Thông tin thuế W-9 của bạn đã được gửi thành công để chờ xem xét.",
  "ward" : "Phường",
  "welcome" : "Chào mừng!",
  "world_wide_shipping_document" : "Tài liệu về Giao hàng trên toàn thế giới",
  "year" : "Năm",
  "yearly_commissions_summary" : "Tổng hợp hoa hồng theo năm",
  "yes" : "Có",
  "your_testimonial" : "Cảm nhận của bạn"
}